2026-06-22 12:53:37,326 INFO Importado B.O.M. C:\Users\PRODUCAO-2.0\J I MONTADORA DE VEICULOS ESPECIAIS LTDA\JI Montadora - 02 Produção\01 Controle de Produção\01 - Projeto Cadastro\02 - B.O.M\04. CATEGORIA PISO\18 - CJ PISO CN 12 MM SPRINTER 417 14 FG PASSADEIRA AMADEIRADA TARKETT DARK.xlsx
2026-06-22 12:53:37,425 INFO Importado B.O.M. C:\Users\PRODUCAO-2.0\J I MONTADORA DE VEICULOS ESPECIAIS LTDA\JI Montadora - 02 Produção\01 Controle de Produção\01 - Projeto Cadastro\02 - B.O.M\04. CATEGORIA PISO\19 - CJ PISO CN 12 MM SPRINTER 417 14 VITRE PASSADEIRA AMADEIRADA TARKETT DARK.xlsx
2026-06-22 12:53:37,512 INFO Importado B.O.M. C:\Users\PRODUCAO-2.0\J I MONTADORA DE VEICULOS ESPECIAIS LTDA\JI Montadora - 02 Produção\01 Controle de Produção\01 - Projeto Cadastro\02 - B.O.M\04. CATEGORIA PISO\20 - CJ PISO CN 12 MM SPRINTER 517 14 FG LG BRIGHT GRAFITE 92402 - UNIVERSAL - R00.xlsx
2026-06-22 12:53:37,677 INFO Importado B.O.M. C:\Users\PRODUCAO-2.0\J I MONTADORA DE VEICULOS ESPECIAIS LTDA\JI Montadora - 02 Produção\01 Controle de Produção\01 - Projeto Cadastro\02 - B.O.M\04. CATEGORIA PISO\20.1 - PP PISO CN 12 MM SPRINTER 517 14 FG - UNIVERSAL - R00.xlsx
2026-06-22 12:53:37,752 INFO Importado B.O.M. C:\Users\PRODUCAO-2.0\J I MONTADORA DE VEICULOS ESPECIAIS LTDA\JI Montadora - 02 Produção\01 Controle de Produção\01 - Projeto Cadastro\02 - B.O.M\04. CATEGORIA PISO\21 - CJ PISO CN 12 MM SPRINTER 517 14 VITRE LG BRIGHT GRAFITE 92402 - UNIV - R00.xlsx
2026-06-22 12:53:37,905 INFO Importado B.O.M. C:\Users\PRODUCAO-2.0\J I MONTADORA DE VEICULOS ESPECIAIS LTDA\JI Montadora - 02 Produção\01 Controle de Produção\01 - Projeto Cadastro\02 - B.O.M\04. CATEGORIA PISO\21.1 - PP PISO CN 12 MM SPRINTER 517 14 VITRE - UNIVERSAL - R00.xlsx
2026-06-22 12:53:37,981 INFO Importado B.O.M. C:\Users\PRODUCAO-2.0\J I MONTADORA DE VEICULOS ESPECIAIS LTDA\JI Montadora - 02 Produção\01 Controle de Produção\01 - Projeto Cadastro\02 - B.O.M\04. CATEGORIA PISO\22 - CJ PISO CN 12 MM SPRINTER 517 14 FG PASSADEIRA AMADEIRADA TAR DARK-UNIVER00.xlsx
2026-06-22 12:53:38,066 INFO Importado B.O.M. C:\Users\PRODUCAO-2.0\J I MONTADORA DE VEICULOS ESPECIAIS LTDA\JI Montadora - 02 Produção\01 Controle de Produção\01 - Projeto Cadastro\02 - B.O.M\04. CATEGORIA PISO\23 - CJ PISO CN 12 MM SPRINTER 517 14 VITRE PASSADEIRA AMADEIRADA TARDARK-UNIVER00.xlsx
2026-06-22 12:53:38,137 INFO Importado B.O.M. C:\Users\PRODUCAO-2.0\J I MONTADORA DE VEICULOS ESPECIAIS LTDA\JI Montadora - 02 Produção\01 Controle de Produção\01 - Projeto Cadastro\02 - B.O.M\04. CATEGORIA PISO\24 - CJ PISO CN 12 MM SPRINTER 517 15 FG LG BRIGHT GRAFITE 92402 - UNIVERSAL - R00.xlsx
2026-06-22 12:53:38,213 INFO Importado B.O.M. C:\Users\PRODUCAO-2.0\J I MONTADORA DE VEICULOS ESPECIAIS LTDA\JI Montadora - 02 Produção\01 Controle de Produção\01 - Projeto Cadastro\02 - B.O.M\04. CATEGORIA PISO\24.1 - PP PISO CN 12 MM SPRINTER 517 15 FG - UNIVERSAL - R00.xlsx
2026-06-22 12:53:38,296 INFO Importado B.O.M. C:\Users\PRODUCAO-2.0\J I MONTADORA DE VEICULOS ESPECIAIS LTDA\JI Montadora - 02 Produção\01 Controle de Produção\01 - Projeto Cadastro\02 - B.O.M\04. CATEGORIA PISO\25 - CJ PISO CN 12 MM SPRINTER 517 15 VITRE LG BRIGHT GRAFITE 92402 - UNIVE-R00.xlsx
2026-06-22 12:53:38,435 INFO Importado B.O.M. C:\Users\PRODUCAO-2.0\J I MONTADORA DE VEICULOS ESPECIAIS LTDA\JI Montadora - 02 Produção\01 Controle de Produção\01 - Projeto Cadastro\02 - B.O.M\04. CATEGORIA PISO\25.1 - PP PISO CN 12 MM SPRINTER 517 15 VITRE - UNIVERSAL - R00.xlsx
2026-06-22 12:53:38,507 INFO Importado B.O.M. C:\Users\PRODUCAO-2.0\J I MONTADORA DE VEICULOS ESPECIAIS LTDA\JI Montadora - 02 Produção\01 Controle de Produção\01 - Projeto Cadastro\02 - B.O.M\04. CATEGORIA PISO\26 - CJ PISO CN 12 MM SPRINTER 517 15 FG AMA TARKETT DARK BROWN - UNIVERSAL - R00.xlsx
2026-06-22 12:53:38,580 INFO Importado B.O.M. C:\Users\PRODUCAO-2.0\J I MONTADORA DE VEICULOS ESPECIAIS LTDA\JI Montadora - 02 Produção\01 Controle de Produção\01 - Projeto Cadastro\02 - B.O.M\04. CATEGORIA PISO\27 - CJ PISO CN 12 MM SPRINTER 517 15 VITRE AMA TARKETT DA BR - UNIVERSAL - R00.xlsx
2026-06-22 12:53:38,653 INFO Importado B.O.M. C:\Users\PRODUCAO-2.0\J I MONTADORA DE VEICULOS ESPECIAIS LTDA\JI Montadora - 02 Produção\01 Controle de Produção\01 - Projeto Cadastro\02 - B.O.M\04. CATEGORIA PISO\28 - CJ PISO CN 12 MM E-S-J TB LG BRIGHT GRAFITE 92402 - UNIVERSAL - R00.xlsx
2026-06-22 12:53:38,809 INFO Importado B.O.M. C:\Users\PRODUCAO-2.0\J I MONTADORA DE VEICULOS ESPECIAIS LTDA\JI Montadora - 02 Produção\01 Controle de Produção\01 - Projeto Cadastro\02 - B.O.M\04. CATEGORIA PISO\28.1 - PP PISO CN 12 MM E-S-J TB - UNIVERSAL - R00.xlsx
2026-06-22 12:53:38,911 INFO Importado B.O.M. C:\Users\PRODUCAO-2.0\J I MONTADORA DE VEICULOS ESPECIAIS LTDA\JI Montadora - 02 Produção\01 Controle de Produção\01 - Projeto Cadastro\02 - B.O.M\04. CATEGORIA PISO\29 - CJ PISO CN 12 MM E-S-J TA LG BRIGHT GRAFITE 92402 - UNIVERSAL - R00.xlsx
2026-06-22 12:53:39,114 INFO Importado B.O.M. C:\Users\PRODUCAO-2.0\J I MONTADORA DE VEICULOS ESPECIAIS LTDA\JI Montadora - 02 Produção\01 Controle de Produção\01 - Projeto Cadastro\02 - B.O.M\04. CATEGORIA PISO\29.1 - PP PISO CN 12 MM E-S-J TA - UNIVERSAL - R00.xlsx
2026-06-22 12:53:39,206 INFO Importado B.O.M. C:\Users\PRODUCAO-2.0\J I MONTADORA DE VEICULOS ESPECIAIS LTDA\JI Montadora - 02 Produção\01 Controle de Produção\01 - Projeto Cadastro\02 - B.O.M\04. CATEGORIA PISO\30 - CJ PISO CN 12 MM E-S-J TB AMADEIRADA TARKETT DARK BROWN - UNIVERSAL - R00.xlsx
2026-06-22 12:53:39,371 INFO Importado B.O.M. C:\Users\PRODUCAO-2.0\J I MONTADORA DE VEICULOS ESPECIAIS LTDA\JI Montadora - 02 Produção\01 Controle de Produção\01 - Projeto Cadastro\02 - B.O.M\04. CATEGORIA PISO\31 - CJ PISO CN 12 MM E-S-J TA PASSADEIRA AMADEIRADA TARKETT DARK BROWN - UNIVERSAL.xlsx
2026-06-22 12:53:39,442 INFO Importado B.O.M. C:\Users\PRODUCAO-2.0\J I MONTADORA DE VEICULOS ESPECIAIS LTDA\JI Montadora - 02 Produção\01 Controle de Produção\01 - Projeto Cadastro\02 - B.O.M\04. CATEGORIA PISO\32 - CJ PISO CN 12 MM B-J-D FG LG BRIGHT GRAFITE 92402 - UNIVERSAL - R00.xlsx
2026-06-22 12:53:39,585 INFO Importado B.O.M. C:\Users\PRODUCAO-2.0\J I MONTADORA DE VEICULOS ESPECIAIS LTDA\JI Montadora - 02 Produção\01 Controle de Produção\01 - Projeto Cadastro\02 - B.O.M\04. CATEGORIA PISO\32.1 - PP PISO CN 12 MM B-J-D FG - UNIVERSAL - R00.xlsx
2026-06-22 12:53:39,659 INFO Importado B.O.M. C:\Users\PRODUCAO-2.0\J I MONTADORA DE VEICULOS ESPECIAIS LTDA\JI Montadora - 02 Produção\01 Controle de Produção\01 - Projeto Cadastro\02 - B.O.M\04. CATEGORIA PISO\33 - CJ PISO CN 12 MM B-J-D VITRE LG BRIGHT GRAFITE 92402 - UNIVERSAL - R00.xlsx
2026-06-22 12:53:39,802 INFO Importado B.O.M. C:\Users\PRODUCAO-2.0\J I MONTADORA DE VEICULOS ESPECIAIS LTDA\JI Montadora - 02 Produção\01 Controle de Produção\01 - Projeto Cadastro\02 - B.O.M\04. CATEGORIA PISO\33.1 - PP PISO CN 12 MM B-J-D VITRE - UNIVERSAL - R00.xlsx
2026-06-22 12:53:39,877 INFO Importado B.O.M. C:\Users\PRODUCAO-2.0\J I MONTADORA DE VEICULOS ESPECIAIS LTDA\JI Montadora - 02 Produção\01 Controle de Produção\01 - Projeto Cadastro\02 - B.O.M\04. CATEGORIA PISO\34 - CJ PISO CN 12 MM B-J-D FG AMADE TARKETT DARK BROWN - UNIVER00.xlsx
2026-06-22 12:53:40,019 INFO Importado B.O.M. C:\Users\PRODUCAO-2.0\J I MONTADORA DE VEICULOS ESPECIAIS LTDA\JI Montadora - 02 Produção\01 Controle de Produção\01 - Projeto Cadastro\02 - B.O.M\04. CATEGORIA PISO\35 - CJ PISO CN 12 MM B-J-D VITRE PASSADEIRA AMADEIRADA TARKETT DARK BROWN - UNIVERSAL.xlsx
2026-06-22 12:53:40,100 INFO Importado B.O.M. C:\Users\PRODUCAO-2.0\J I MONTADORA DE VEICULOS ESPECIAIS LTDA\JI Montadora - 02 Produção\01 Controle de Produção\01 - Projeto Cadastro\02 - B.O.M\04. CATEGORIA PISO\36 - CJ PISO CN 12 MM TRANSIT L3H2 VITRE LG BRIGHT GRAFITE 92402 - UNIVERSAL.xlsx
2026-06-22 12:53:40,262 INFO Importado B.O.M. C:\Users\PRODUCAO-2.0\J I MONTADORA DE VEICULOS ESPECIAIS LTDA\JI Montadora - 02 Produção\01 Controle de Produção\01 - Projeto Cadastro\02 - B.O.M\04. CATEGORIA PISO\36.1 - PP PISO CN 12 MM TRANSIT L3H2 VITRE - UNIVERSAL - R00.xlsx
2026-06-22 12:53:40,333 INFO Importado B.O.M. C:\Users\PRODUCAO-2.0\J I MONTADORA DE VEICULOS ESPECIAIS LTDA\JI Montadora - 02 Produção\01 Controle de Produção\01 - Projeto Cadastro\02 - B.O.M\04. CATEGORIA PISO\37 - CJ PISO CN 12 MM TRANSIT L3H2 VITRE AMAD TARKETT DARK BROWN - UNIVR00.xlsx
2026-06-22 12:53:40,406 INFO Importado B.O.M. C:\Users\PRODUCAO-2.0\J I MONTADORA DE VEICULOS ESPECIAIS LTDA\JI Montadora - 02 Produção\01 Controle de Produção\01 - Projeto Cadastro\02 - B.O.M\04. CATEGORIA PISO\38 - CJ PISO CN 12 MM TRANSIT L4H3 VITRE LG BRIGHT GRAFITE 92402 - UNIVERSAL - R00.xlsx
2026-06-22 12:53:40,554 INFO Importado B.O.M. C:\Users\PRODUCAO-2.0\J I MONTADORA DE VEICULOS ESPECIAIS LTDA\JI Montadora - 02 Produção\01 Controle de Produção\01 - Projeto Cadastro\02 - B.O.M\04. CATEGORIA PISO\38.1 - PP PISO CN 12 MM TRANSIT L4H3 VITRE - UNIVERSAL - R00.xlsx
2026-06-22 12:53:40,624 INFO Importado B.O.M. C:\Users\PRODUCAO-2.0\J I MONTADORA DE VEICULOS ESPECIAIS LTDA\JI Montadora - 02 Produção\01 Controle de Produção\01 - Projeto Cadastro\02 - B.O.M\04. CATEGORIA PISO\39 - CJ PISO CN 12 MM TRANSIT L4H3 VITRE AMAD TARKETT DARK BROWN - UNIVR00.xlsx
2026-06-22 12:53:40,697 INFO Importado B.O.M. C:\Users\PRODUCAO-2.0\J I MONTADORA DE VEICULOS ESPECIAIS LTDA\JI Montadora - 02 Produção\01 Controle de Produção\01 - Projeto Cadastro\02 - B.O.M\04. CATEGORIA PISO\40 - CJ PISO CN 12 MM TRANSIT L3H3 LG BRIGHT GRAFITE 92402 - UNIVERSAL - R00.xlsx
2026-06-22 12:53:40,768 INFO Importado B.O.M. C:\Users\PRODUCAO-2.0\J I MONTADORA DE VEICULOS ESPECIAIS LTDA\JI Montadora - 02 Produção\01 Controle de Produção\01 - Projeto Cadastro\02 - B.O.M\04. CATEGORIA PISO\40.1 - PP PISO CN 12 MM TRANSIT L3H3 - UNIVERSAL - R00.xlsx
2026-06-22 12:53:40,903 INFO Importado B.O.M. C:\Users\PRODUCAO-2.0\J I MONTADORA DE VEICULOS ESPECIAIS LTDA\JI Montadora - 02 Produção\01 Controle de Produção\01 - Projeto Cadastro\02 - B.O.M\04. CATEGORIA PISO\41 - CJ PISO CN 12 MM TRANSIT L3H3 PASSADEIRA AMADEIRADA TARKETT DARK BROWN - UNIVERSAL.xlsx
2026-06-22 12:53:40,977 INFO Importado B.O.M. C:\Users\PRODUCAO-2.0\J I MONTADORA DE VEICULOS ESPECIAIS LTDA\JI Montadora - 02 Produção\01 Controle de Produção\01 - Projeto Cadastro\02 - B.O.M\04. CATEGORIA PISO\42 - PP NIVELADOR DE PISO.xlsx
2026-06-22 12:53:41,054 INFO Importado B.O.M. C:\Users\PRODUCAO-2.0\J I MONTADORA DE VEICULOS ESPECIAIS LTDA\JI Montadora - 02 Produção\01 Controle de Produção\01 - Projeto Cadastro\02 - B.O.M\04. CATEGORIA PISO\43 - PP ASSOALHO COMPENSADO NAVAL 700X60.xlsx
2026-06-22 12:53:41,130 INFO Importado B.O.M. C:\Users\PRODUCAO-2.0\J I MONTADORA DE VEICULOS ESPECIAIS LTDA\JI Montadora - 02 Produção\01 Controle de Produção\01 - Projeto Cadastro\02 - B.O.M\04. CATEGORIA PISO\44 - PP ASSOALHO COMPENSADO NAVAL 700X100.xlsx
2026-06-22 12:53:41,205 INFO Importado B.O.M. C:\Users\PRODUCAO-2.0\J I MONTADORA DE VEICULOS ESPECIAIS LTDA\JI Montadora - 02 Produção\01 Controle de Produção\01 - Projeto Cadastro\02 - B.O.M\04. CATEGORIA PISO\45 - CJ APOIO LATERAL PISO.xlsx
2026-06-22 12:53:41,362 INFO Importado B.O.M. C:\Users\PRODUCAO-2.0\J I MONTADORA DE VEICULOS ESPECIAIS LTDA\JI Montadora - 02 Produção\01 Controle de Produção\01 - Projeto Cadastro\02 - B.O.M\04. CATEGORIA PISO\46 - PP SOLEIRA PORTA MALA EXPERT LB 11L ESJ.xlsx
2026-06-22 12:53:41,497 INFO Importado B.O.M. C:\Users\PRODUCAO-2.0\J I MONTADORA DE VEICULOS ESPECIAIS LTDA\JI Montadora - 02 Produção\01 Controle de Produção\01 - Projeto Cadastro\02 - B.O.M\04. CATEGORIA PISO\47 - CJ SOLEIRA PORTA MALA EXPERT LB 11L ESJ LG.xlsx
2026-06-22 12:53:41,638 INFO Importado B.O.M. C:\Users\PRODUCAO-2.0\J I MONTADORA DE VEICULOS ESPECIAIS LTDA\JI Montadora - 02 Produção\01 Controle de Produção\01 - Projeto Cadastro\02 - B.O.M\04. CATEGORIA PISO\48 - PP CANTONEIRA PVC PRETA PORTA TRASEIRA ESJ.xlsx
2026-06-22 12:53:41,773 INFO Importado B.O.M. C:\Users\PRODUCAO-2.0\J I MONTADORA DE VEICULOS ESPECIAIS LTDA\JI Montadora - 02 Produção\01 Controle de Produção\01 - Projeto Cadastro\02 - B.O.M\04. CATEGORIA PISO\49 - PP SOLEIRA PORTA MALA EXPERT LB 9L ESJ.xlsx
2026-06-22 12:53:41,925 INFO Importado B.O.M. C:\Users\PRODUCAO-2.0\J I MONTADORA DE VEICULOS ESPECIAIS LTDA\JI Montadora - 02 Produção\01 Controle de Produção\01 - Projeto Cadastro\02 - B.O.M\04. CATEGORIA PISO\50 - CJ SOLEIRA PORTA MALA EXPERT LB 9L ESJ LG.xlsx
2026-06-22 12:53:42,081 INFO Importado B.O.M. C:\Users\PRODUCAO-2.0\J I MONTADORA DE VEICULOS ESPECIAIS LTDA\JI Montadora - 02 Produção\01 Controle de Produção\01 - Projeto Cadastro\02 - B.O.M\04. CATEGORIA PISO\51 - CJ SOLEIRA PORTA MALA EXPERT LB 9L ESJ - AMA.xlsx
2026-06-22 12:53:42,231 INFO Importado B.O.M. C:\Users\PRODUCAO-2.0\J I MONTADORA DE VEICULOS ESPECIAIS LTDA\JI Montadora - 02 Produção\01 Controle de Produção\01 - Projeto Cadastro\02 - B.O.M\04. CATEGORIA PISO\52 - CJ SOLEIRA PORTA MALA EXPERT LB 11L ESJ - AMA.xlsx
2026-06-22 12:53:42,368 INFO Importado B.O.M. C:\Users\PRODUCAO-2.0\J I MONTADORA DE VEICULOS ESPECIAIS LTDA\JI Montadora - 02 Produção\01 Controle de Produção\01 - Projeto Cadastro\02 - B.O.M\04. CATEGORIA PISO\53 - PP SOLEIRA PORTA MALA ESJ LE 8,9 L.xlsx
2026-06-22 12:53:42,504 INFO Importado B.O.M. C:\Users\PRODUCAO-2.0\J I MONTADORA DE VEICULOS ESPECIAIS LTDA\JI Montadora - 02 Produção\01 Controle de Produção\01 - Projeto Cadastro\02 - B.O.M\04. CATEGORIA PISO\54 - PP CANTONEIRA PVC PRETA SOLEIRA PORTA MALA LE ESJ C. LED.xlsx
2026-06-22 12:53:42,647 INFO Importado B.O.M. C:\Users\PRODUCAO-2.0\J I MONTADORA DE VEICULOS ESPECIAIS LTDA\JI Montadora - 02 Produção\01 Controle de Produção\01 - Projeto Cadastro\02 - B.O.M\04. CATEGORIA PISO\55 - CJ SOLEIRA PORTA MALA ESJ LE 8,9 L - AMADEIRADO.xlsx
2026-06-22 12:53:42,800 INFO Importado B.O.M. C:\Users\PRODUCAO-2.0\J I MONTADORA DE VEICULOS ESPECIAIS LTDA\JI Montadora - 02 Produção\01 Controle de Produção\01 - Projeto Cadastro\02 - B.O.M\04. CATEGORIA PISO\56 - CJ SOLEIRA PORTA MALA ESJ LE 8,9 L - LG BRIGHT.xlsx
2026-06-22 12:53:42,951 INFO Importado B.O.M. C:\Users\PRODUCAO-2.0\J I MONTADORA DE VEICULOS ESPECIAIS LTDA\JI Montadora - 02 Produção\01 Controle de Produção\01 - Projeto Cadastro\02 - B.O.M\05. ACESSORIOS\01 - ACESSORIO CJ EXTINTOR COM SUPORTE ABC 4KG.xlsx
2026-06-22 12:53:43,024 INFO Importado B.O.M. C:\Users\PRODUCAO-2.0\J I MONTADORA DE VEICULOS ESPECIAIS LTDA\JI Montadora - 02 Produção\01 Controle de Produção\01 - Projeto Cadastro\02 - B.O.M\05. ACESSORIOS\02 - CJ TRILHO ALUMINIO FIXACAO 417 14 - 4,3,3,2,2-1 DPM FOCA.xlsx
2026-06-22 12:53:43,105 INFO Importado B.O.M. C:\Users\PRODUCAO-2.0\J I MONTADORA DE VEICULOS ESPECIAIS LTDA\JI Montadora - 02 Produção\01 Controle de Produção\01 - Projeto Cadastro\02 - B.O.M\05. ACESSORIOS\03 - PP TRILHO ALUMINIO FIXACAO BANCO  3300 MM.xlsx
2026-06-22 12:53:43,181 INFO Importado B.O.M. C:\Users\PRODUCAO-2.0\J I MONTADORA DE VEICULOS ESPECIAIS LTDA\JI Montadora - 02 Produção\01 Controle de Produção\01 - Projeto Cadastro\02 - B.O.M\05. ACESSORIOS\04 - PP TRILHO ALUMINIO FIXACAO BANCO  3870 MM.xlsx
2026-06-22 12:53:43,255 INFO Importado B.O.M. C:\Users\PRODUCAO-2.0\J I MONTADORA DE VEICULOS ESPECIAIS LTDA\JI Montadora - 02 Produção\01 Controle de Produção\01 - Projeto Cadastro\02 - B.O.M\05. ACESSORIOS\05 - PP TRILHO ALUMINIO FIXACAO BANCO  600 MM.xlsx
2026-06-22 12:53:43,333 INFO Importado B.O.M. C:\Users\PRODUCAO-2.0\J I MONTADORA DE VEICULOS ESPECIAIS LTDA\JI Montadora - 02 Produção\01 Controle de Produção\01 - Projeto Cadastro\02 - B.O.M\05. ACESSORIOS\06 - CJ TRILHO ALUMINIO FIXACAO 417 10 - 4,3,3,3.xlsx
2026-06-22 12:53:43,414 INFO Importado B.O.M. C:\Users\PRODUCAO-2.0\J I MONTADORA DE VEICULOS ESPECIAIS LTDA\JI Montadora - 02 Produção\01 Controle de Produção\01 - Projeto Cadastro\02 - B.O.M\05. ACESSORIOS\07 - PP TRILHO ALUMINIO FIXACAO BANCO  2900 MM.xlsx
2026-06-22 12:53:43,489 INFO Importado B.O.M. C:\Users\PRODUCAO-2.0\J I MONTADORA DE VEICULOS ESPECIAIS LTDA\JI Montadora - 02 Produção\01 Controle de Produção\01 - Projeto Cadastro\02 - B.O.M\05. ACESSORIOS\08 - PP TRILHO ALUMINIO FIXACAO BANCO  2400 MM.xlsx
2026-06-22 12:53:43,562 INFO Importado B.O.M. C:\Users\PRODUCAO-2.0\J I MONTADORA DE VEICULOS ESPECIAIS LTDA\JI Montadora - 02 Produção\01 Controle de Produção\01 - Projeto Cadastro\02 - B.O.M\05. ACESSORIOS\09 - PP TRILHO ALUMINIO FIXACAO BANCO  500 MM.xlsx
2026-06-22 12:53:43,709 INFO Importado B.O.M. C:\Users\PRODUCAO-2.0\J I MONTADORA DE VEICULOS ESPECIAIS LTDA\JI Montadora - 02 Produção\01 Controle de Produção\01 - Projeto Cadastro\02 - B.O.M\05. ACESSORIOS\10 - CJ ARANDELA PLASTICA JI MONTADORA.xlsx
2026-06-22 12:53:43,858 INFO Importado B.O.M. C:\Users\PRODUCAO-2.0\J I MONTADORA DE VEICULOS ESPECIAIS LTDA\JI Montadora - 02 Produção\01 Controle de Produção\01 - Projeto Cadastro\02 - B.O.M\05. ACESSORIOS\11 - PP CAIXA MADEIRA SUPORTE GELADEIRA CAB 18L ESJ.xlsx
2026-06-22 12:53:44,018 INFO Importado B.O.M. C:\Users\PRODUCAO-2.0\J I MONTADORA DE VEICULOS ESPECIAIS LTDA\JI Montadora - 02 Produção\01 Controle de Produção\01 - Projeto Cadastro\02 - B.O.M\05. ACESSORIOS\12 - PP CAPACHO ESJ PORTA LATERAL MOTORISTA LE.xlsx
2026-06-22 12:53:44,150 INFO Importado B.O.M. C:\Users\PRODUCAO-2.0\J I MONTADORA DE VEICULOS ESPECIAIS LTDA\JI Montadora - 02 Produção\01 Controle de Produção\01 - Projeto Cadastro\02 - B.O.M\05. ACESSORIOS\13 - PP CAPACHO ESJ PORTA LATERAL CARONA LD.xlsx
2026-06-22 12:53:44,272 INFO Importado B.O.M. C:\Users\PRODUCAO-2.0\J I MONTADORA DE VEICULOS ESPECIAIS LTDA\JI Montadora - 02 Produção\01 Controle de Produção\01 - Projeto Cadastro\02 - B.O.M\05. ACESSORIOS\14 - PP CAPACHO ESJ PORTA LATERAL LE ESJ.xlsx
2026-06-22 12:53:44,399 INFO Importado B.O.M. C:\Users\PRODUCAO-2.0\J I MONTADORA DE VEICULOS ESPECIAIS LTDA\JI Montadora - 02 Produção\01 Controle de Produção\01 - Projeto Cadastro\02 - B.O.M\05. ACESSORIOS\15 - CJ COMPLETO CAPACHO PORTAS ESJ.xlsx
2026-06-22 12:53:44,544 INFO Importado B.O.M. C:\Users\PRODUCAO-2.0\J I MONTADORA DE VEICULOS ESPECIAIS LTDA\JI Montadora - 02 Produção\01 Controle de Produção\01 - Projeto Cadastro\02 - B.O.M\05. ACESSORIOS\16 - ACESSORIO CJ TAPETE SALAO BOUCLE ESJ.xlsx
2026-06-22 12:53:44,706 INFO Importado B.O.M. C:\Users\PRODUCAO-2.0\J I MONTADORA DE VEICULOS ESPECIAIS LTDA\JI Montadora - 02 Produção\01 Controle de Produção\01 - Projeto Cadastro\02 - B.O.M\05. ACESSORIOS\17 - CJ CORTINA VELUDO PRETA PORTAS ESJ.xlsx
2026-06-22 12:53:44,854 INFO Importado B.O.M. C:\Users\PRODUCAO-2.0\J I MONTADORA DE VEICULOS ESPECIAIS LTDA\JI Montadora - 02 Produção\01 Controle de Produção\01 - Projeto Cadastro\02 - B.O.M\05. ACESSORIOS\18 - CJ TUBO ALUMINIO DOBRADO CORTINA ESJ EMBUTIDA C-CLASS.xlsx
2026-06-22 12:53:45,001 INFO Importado B.O.M. C:\Users\PRODUCAO-2.0\J I MONTADORA DE VEICULOS ESPECIAIS LTDA\JI Montadora - 02 Produção\01 Controle de Produção\01 - Projeto Cadastro\02 - B.O.M\05. ACESSORIOS\19 - CJ CORTINA VELUDO PRETA SALAO ESJ C-CLASS SEM PORTAS.xlsx
2026-06-22 12:53:45,139 INFO Importado B.O.M. C:\Users\PRODUCAO-2.0\J I MONTADORA DE VEICULOS ESPECIAIS LTDA\JI Montadora - 02 Produção\01 Controle de Produção\01 - Projeto Cadastro\02 - B.O.M\05. ACESSORIOS\20 - PP TUBO INFERIOR ALUMINIO CORTINA 1º VAO LE ESJ C-CLASS.xlsx
2026-06-22 12:53:45,295 INFO Importado B.O.M. C:\Users\PRODUCAO-2.0\J I MONTADORA DE VEICULOS ESPECIAIS LTDA\JI Montadora - 02 Produção\01 Controle de Produção\01 - Projeto Cadastro\02 - B.O.M\05. ACESSORIOS\21 - PP TUBO INFERIOR ALUMINIO CORTINA 2º VAO LE ESJ C-CLASS.xlsx
2026-06-22 12:53:45,458 INFO Importado B.O.M. C:\Users\PRODUCAO-2.0\J I MONTADORA DE VEICULOS ESPECIAIS LTDA\JI Montadora - 02 Produção\01 Controle de Produção\01 - Projeto Cadastro\02 - B.O.M\05. ACESSORIOS\22 - PP TUBO INFERIOR ALUMINIO CORTINA 2º VAO LD ESJ C-CLASS.xlsx
2026-06-22 12:53:45,614 INFO Importado B.O.M. C:\Users\PRODUCAO-2.0\J I MONTADORA DE VEICULOS ESPECIAIS LTDA\JI Montadora - 02 Produção\01 Controle de Produção\01 - Projeto Cadastro\02 - B.O.M\05. ACESSORIOS\23 - PP TUBO SUPERIOR ALUMINIO CORTINA 1º VAO LE ESJ C-CLASS.xlsx
2026-06-22 12:53:45,756 INFO Importado B.O.M. C:\Users\PRODUCAO-2.0\J I MONTADORA DE VEICULOS ESPECIAIS LTDA\JI Montadora - 02 Produção\01 Controle de Produção\01 - Projeto Cadastro\02 - B.O.M\05. ACESSORIOS\24 - PP TUBO SUPERIOR ALUMINIO CORTINA 2º VAO LE ESJ C-CLASS.xlsx
2026-06-22 12:53:45,896 INFO Importado B.O.M. C:\Users\PRODUCAO-2.0\J I MONTADORA DE VEICULOS ESPECIAIS LTDA\JI Montadora - 02 Produção\01 Controle de Produção\01 - Projeto Cadastro\02 - B.O.M\05. ACESSORIOS\25 - PP TUBO SUPERIOR ALUMINIO CORTINA 2º VAO LD ESJ C-CLASS.xlsx
2026-06-22 12:53:46,040 INFO Importado B.O.M. C:\Users\PRODUCAO-2.0\J I MONTADORA DE VEICULOS ESPECIAIS LTDA\JI Montadora - 02 Produção\01 Controle de Produção\01 - Projeto Cadastro\02 - B.O.M\05. ACESSORIOS\26 - PP TUBO INFERIOR ALUMINIO CORTINA PORTA LATERAL ESJ.xlsx
2026-06-22 12:53:46,195 INFO Importado B.O.M. C:\Users\PRODUCAO-2.0\J I MONTADORA DE VEICULOS ESPECIAIS LTDA\JI Montadora - 02 Produção\01 Controle de Produção\01 - Projeto Cadastro\02 - B.O.M\05. ACESSORIOS\27 - PP TUBO SUPERIOR ALUMINIO CORTINA PORTA LATERAL ESJ.xlsx
2026-06-22 12:53:46,351 INFO Importado B.O.M. C:\Users\PRODUCAO-2.0\J I MONTADORA DE VEICULOS ESPECIAIS LTDA\JI Montadora - 02 Produção\01 Controle de Produção\01 - Projeto Cadastro\02 - B.O.M\05. ACESSORIOS\28 - PP TUBO INFERIOR ALUMINIO CORTINA PORTA TRASEIRA LE ESJ.xlsx
2026-06-22 12:53:46,495 INFO Importado B.O.M. C:\Users\PRODUCAO-2.0\J I MONTADORA DE VEICULOS ESPECIAIS LTDA\JI Montadora - 02 Produção\01 Controle de Produção\01 - Projeto Cadastro\02 - B.O.M\05. ACESSORIOS\29 - PP TUBO INFERIOR ALUMINIO CORTINA PORTA TRASEIRA LD ESJ.xlsx
2026-06-22 12:53:46,639 INFO Importado B.O.M. C:\Users\PRODUCAO-2.0\J I MONTADORA DE VEICULOS ESPECIAIS LTDA\JI Montadora - 02 Produção\01 Controle de Produção\01 - Projeto Cadastro\02 - B.O.M\05. ACESSORIOS\30 - PP TUBO SUPERIOR ALUMINIO CORTINA PORTA TRASEIRA LE ESJ.xlsx
2026-06-22 12:53:46,780 INFO Importado B.O.M. C:\Users\PRODUCAO-2.0\J I MONTADORA DE VEICULOS ESPECIAIS LTDA\JI Montadora - 02 Produção\01 Controle de Produção\01 - Projeto Cadastro\02 - B.O.M\05. ACESSORIOS\31 - PP TUBO SUPERIOR ALUMINIO CORTINA PORTA TRASEIRA LD ESJ.xlsx
2026-06-22 12:53:46,938 INFO Importado B.O.M. C:\Users\PRODUCAO-2.0\J I MONTADORA DE VEICULOS ESPECIAIS LTDA\JI Montadora - 02 Produção\01 Controle de Produção\01 - Projeto Cadastro\02 - B.O.M\05. ACESSORIOS\32 - PP SUPORTE FIXO CABIDE - GANCHO CABIDEIRO MARCOPOLO CINZA RAL 7021 PU - TI.01.J04.xlsx
2026-06-22 12:53:47,093 INFO Importado B.O.M. C:\Users\PRODUCAO-2.0\J I MONTADORA DE VEICULOS ESPECIAIS LTDA\JI Montadora - 02 Produção\01 Controle de Produção\01 - Projeto Cadastro\02 - B.O.M\05. ACESSORIOS\33 - PP PC REVIS MOVEL LAT PRFV ESJ C-CLA 1º VAO LE INT REVE CARP.xlsx
2026-06-22 12:53:47,239 INFO Importado B.O.M. C:\Users\PRODUCAO-2.0\J I MONTADORA DE VEICULOS ESPECIAIS LTDA\JI Montadora - 02 Produção\01 Controle de Produção\01 - Projeto Cadastro\02 - B.O.M\05. ACESSORIOS\34 - PP PC FUNDO MOVEL LAT PRFV ESJ C-CLA 1º VAO LE REVE CARP.xlsx
2026-06-22 12:53:47,379 INFO Importado B.O.M. C:\Users\PRODUCAO-2.0\J I MONTADORA DE VEICULOS ESPECIAIS LTDA\JI Montadora - 02 Produção\01 Controle de Produção\01 - Projeto Cadastro\02 - B.O.M\05. ACESSORIOS\35 - PP FUNDO MOVEL LAT PRFV ESJ C-CLA 2º VAO LD INT REVE CARP.xlsx
2026-06-22 12:53:47,522 INFO Importado B.O.M. C:\Users\PRODUCAO-2.0\J I MONTADORA DE VEICULOS ESPECIAIS LTDA\JI Montadora - 02 Produção\01 Controle de Produção\01 - Projeto Cadastro\02 - B.O.M\05. ACESSORIOS\36 - PP MOVEL LAT PRFV ESJ C-CLA 2º VAO LD INT REVE CARP.xlsx
2026-06-22 12:53:47,719 INFO Importado B.O.M. C:\Users\PRODUCAO-2.0\J I MONTADORA DE VEICULOS ESPECIAIS LTDA\JI Montadora - 02 Produção\01 Controle de Produção\01 - Projeto Cadastro\02 - B.O.M\05. ACESSORIOS\37 - PP MOVEL LAT PRFV ESJ C-CLA 1º VAO LE REVE CARP.xlsx
2026-06-22 12:53:47,943 INFO Importado B.O.M. C:\Users\PRODUCAO-2.0\J I MONTADORA DE VEICULOS ESPECIAIS LTDA\JI Montadora - 02 Produção\01 Controle de Produção\01 - Projeto Cadastro\02 - B.O.M\05. ACESSORIOS\38 - PP PC MOVEL LAT PRFV ESJ C-CLA 1º VAO LE REVE MARROM.xlsx
2026-06-22 12:53:48,135 INFO Importado B.O.M. C:\Users\PRODUCAO-2.0\J I MONTADORA DE VEICULOS ESPECIAIS LTDA\JI Montadora - 02 Produção\01 Controle de Produção\01 - Projeto Cadastro\02 - B.O.M\05. ACESSORIOS\39 - PP PC REVIS MOVEL LAT PRFV ESJ C-CLA 1º VAO LE REVE MARROM.xlsx
2026-06-22 12:53:48,307 INFO Importado B.O.M. C:\Users\PRODUCAO-2.0\J I MONTADORA DE VEICULOS ESPECIAIS LTDA\JI Montadora - 02 Produção\01 Controle de Produção\01 - Projeto Cadastro\02 - B.O.M\05. ACESSORIOS\40 - PP PC MOVEL LAT PRFV ESJ C-CLA 2º VAO LE REVE MARROM.xlsx
2026-06-22 12:53:48,450 INFO Importado B.O.M. C:\Users\PRODUCAO-2.0\J I MONTADORA DE VEICULOS ESPECIAIS LTDA\JI Montadora - 02 Produção\01 Controle de Produção\01 - Projeto Cadastro\02 - B.O.M\05. ACESSORIOS\41 - PP MOVEL LAT PRFV ESJ C-CLA 2º VAO LD REVE MARROM.xlsx
2026-06-22 12:53:48,603 INFO Importado B.O.M. C:\Users\PRODUCAO-2.0\J I MONTADORA DE VEICULOS ESPECIAIS LTDA\JI Montadora - 02 Produção\01 Controle de Produção\01 - Projeto Cadastro\02 - B.O.M\05. ACESSORIOS\42 - PP PC MOVEL LAT PRFV ESJ C-CLA 1º VAO LE REVE PRETO.xlsx
2026-06-22 12:53:48,764 INFO Importado B.O.M. C:\Users\PRODUCAO-2.0\J I MONTADORA DE VEICULOS ESPECIAIS LTDA\JI Montadora - 02 Produção\01 Controle de Produção\01 - Projeto Cadastro\02 - B.O.M\05. ACESSORIOS\43 - PP PC REVIS MOVEL LAT PRFV ESJ C-CLA 1º VAO LE REVE PRETO.xlsx
2026-06-22 12:53:48,914 INFO Importado B.O.M. C:\Users\PRODUCAO-2.0\J I MONTADORA DE VEICULOS ESPECIAIS LTDA\JI Montadora - 02 Produção\01 Controle de Produção\01 - Projeto Cadastro\02 - B.O.M\05. ACESSORIOS\44 - PP PC MOVEL LAT PRFV ESJ C-CLA 2º VAO LE REVE PRETO.xlsx
2026-06-22 12:53:49,052 INFO Importado B.O.M. C:\Users\PRODUCAO-2.0\J I MONTADORA DE VEICULOS ESPECIAIS LTDA\JI Montadora - 02 Produção\01 Controle de Produção\01 - Projeto Cadastro\02 - B.O.M\05. ACESSORIOS\45 - PP MOVEL LAT PRFV ESJ C-CLA 2º VAO LD REVE PRETO.xlsx
2026-06-22 12:53:49,191 INFO Importado B.O.M. C:\Users\PRODUCAO-2.0\J I MONTADORA DE VEICULOS ESPECIAIS LTDA\JI Montadora - 02 Produção\01 Controle de Produção\01 - Projeto Cadastro\02 - B.O.M\05. ACESSORIOS\46 - PP PC MOVEL LAT PRFV ESJ C-CLA 1º VAO LE REVE BEGE.xlsx
2026-06-22 12:53:49,340 INFO Importado B.O.M. C:\Users\PRODUCAO-2.0\J I MONTADORA DE VEICULOS ESPECIAIS LTDA\JI Montadora - 02 Produção\01 Controle de Produção\01 - Projeto Cadastro\02 - B.O.M\05. ACESSORIOS\47 - PP PC REVIS MOVEL LAT PRFV ESJ C-CLA 1º VAO LE REVE BEGE.xlsx
2026-06-22 12:53:49,496 INFO Importado B.O.M. C:\Users\PRODUCAO-2.0\J I MONTADORA DE VEICULOS ESPECIAIS LTDA\JI Montadora - 02 Produção\01 Controle de Produção\01 - Projeto Cadastro\02 - B.O.M\05. ACESSORIOS\48 - PP PC MOVEL LAT PRFV ESJ C-CLA 2º VAO LE REVE BEGE.xlsx
2026-06-22 12:53:49,652 INFO Importado B.O.M. C:\Users\PRODUCAO-2.0\J I MONTADORA DE VEICULOS ESPECIAIS LTDA\JI Montadora - 02 Produção\01 Controle de Produção\01 - Projeto Cadastro\02 - B.O.M\05. ACESSORIOS\49 - PP MOVEL LAT PRFV ESJ C-CLA 2º VAO LD REVE BEGE.xlsx
2026-06-22 12:53:49,795 INFO Importado B.O.M. C:\Users\PRODUCAO-2.0\J I MONTADORA DE VEICULOS ESPECIAIS LTDA\JI Montadora - 02 Produção\01 Controle de Produção\01 - Projeto Cadastro\02 - B.O.M\05. ACESSORIOS\50 - PP PC TAMPO SUP ACRILICO PRETO MOVEL LATERAL ESJ C-CLASS 1º VAO LE.xlsx
2026-06-22 12:53:49,937 INFO Importado B.O.M. C:\Users\PRODUCAO-2.0\J I MONTADORA DE VEICULOS ESPECIAIS LTDA\JI Montadora - 02 Produção\01 Controle de Produção\01 - Projeto Cadastro\02 - B.O.M\05. ACESSORIOS\51 - PP PC TAMPO INF ACRILICO PRETO MOVEL LATERAL ESJ C-CLASS 1º VAO LE.xlsx
2026-06-22 12:53:50,082 INFO Importado B.O.M. C:\Users\PRODUCAO-2.0\J I MONTADORA DE VEICULOS ESPECIAIS LTDA\JI Montadora - 02 Produção\01 Controle de Produção\01 - Projeto Cadastro\02 - B.O.M\05. ACESSORIOS\52 - PP PC TAMPO SUP ACRILICO PRETO MOVEL LATERAL ESJ C-CLASS 2º VAO LD.xlsx
2026-06-22 12:53:50,235 INFO Importado B.O.M. C:\Users\PRODUCAO-2.0\J I MONTADORA DE VEICULOS ESPECIAIS LTDA\JI Montadora - 02 Produção\01 Controle de Produção\01 - Projeto Cadastro\02 - B.O.M\05. ACESSORIOS\53 - PP PC TAMPO INF ACRILICO PRETO MOVEL LATERAL ESJ C-CLASS 2º VAO LD.xlsx
2026-06-22 12:53:50,396 INFO Importado B.O.M. C:\Users\PRODUCAO-2.0\J I MONTADORA DE VEICULOS ESPECIAIS LTDA\JI Montadora - 02 Produção\01 Controle de Produção\01 - Projeto Cadastro\02 - B.O.M\05. ACESSORIOS\54 - PP PC TAMPO SUP ACRILICO PRETO MOVEL LATERAL ESJ C-CLASS 2º VAO LE.xlsx
2026-06-22 12:53:50,546 INFO Importado B.O.M. C:\Users\PRODUCAO-2.0\J I MONTADORA DE VEICULOS ESPECIAIS LTDA\JI Montadora - 02 Produção\01 Controle de Produção\01 - Projeto Cadastro\02 - B.O.M\05. ACESSORIOS\55 - PP PC TAMPO INF ACRILICO PRETO MOVEL LATERAL ESJ C-CLASS 2º VAO LE.xlsx
2026-06-22 12:53:50,710 INFO Importado B.O.M. C:\Users\PRODUCAO-2.0\J I MONTADORA DE VEICULOS ESPECIAIS LTDA\JI Montadora - 02 Produção\01 Controle de Produção\01 - Projeto Cadastro\02 - B.O.M\05. ACESSORIOS\56 - PP PC TAMPO CENTRAL ACRILICO CRISTAL MOVEL LATERAL ESJ C-CLA 1º VAO LE.xlsx
2026-06-22 12:53:50,863 INFO Importado B.O.M. C:\Users\PRODUCAO-2.0\J I MONTADORA DE VEICULOS ESPECIAIS LTDA\JI Montadora - 02 Produção\01 Controle de Produção\01 - Projeto Cadastro\02 - B.O.M\05. ACESSORIOS\57 - PP PC TAMPO CENTRAL ACRILICO CRISTAL MOVEL LATERAL ESJ C-CLA 2º VAO LD.xlsx
2026-06-22 12:53:51,024 INFO Importado B.O.M. C:\Users\PRODUCAO-2.0\J I MONTADORA DE VEICULOS ESPECIAIS LTDA\JI Montadora - 02 Produção\01 Controle de Produção\01 - Projeto Cadastro\02 - B.O.M\05. ACESSORIOS\58 - PP PC TAMPO CENTRAL ACRILICO CRISTAL MOVEL LATERAL ESJ C-CLA 2º VAO LE.xlsx
2026-06-22 12:53:51,190 INFO Importado B.O.M. C:\Users\PRODUCAO-2.0\J I MONTADORA DE VEICULOS ESPECIAIS LTDA\JI Montadora - 02 Produção\01 Controle de Produção\01 - Projeto Cadastro\02 - B.O.M\05. ACESSORIOS\59 - CJ TAMPO ACRIL MOVEL LAT ESJ C-CLA 1º VAO LE.xlsx
2026-06-22 12:53:51,334 INFO Importado B.O.M. C:\Users\PRODUCAO-2.0\J I MONTADORA DE VEICULOS ESPECIAIS LTDA\JI Montadora - 02 Produção\01 Controle de Produção\01 - Projeto Cadastro\02 - B.O.M\05. ACESSORIOS\60 - CJ TAMPO ACRIL MOVEL LAT ESJ C-CLA 2º VAO LE.xlsx
2026-06-22 12:53:51,475 INFO Importado B.O.M. C:\Users\PRODUCAO-2.0\J I MONTADORA DE VEICULOS ESPECIAIS LTDA\JI Montadora - 02 Produção\01 Controle de Produção\01 - Projeto Cadastro\02 - B.O.M\05. ACESSORIOS\61 - CJ TAMPO ACRIL MOVEL LAT ESJ C-CLA 2º VAO LD.xlsx
2026-06-22 12:53:51,617 INFO Importado B.O.M. C:\Users\PRODUCAO-2.0\J I MONTADORA DE VEICULOS ESPECIAIS LTDA\JI Montadora - 02 Produção\01 Controle de Produção\01 - Projeto Cadastro\02 - B.O.M\05. ACESSORIOS\62 - CJ MOVEL LATERAL MARROM ESJ C-CLASS 1º VAO LE.xlsx
2026-06-22 12:53:51,767 INFO Importado B.O.M. C:\Users\PRODUCAO-2.0\J I MONTADORA DE VEICULOS ESPECIAIS LTDA\JI Montadora - 02 Produção\01 Controle de Produção\01 - Projeto Cadastro\02 - B.O.M\05. ACESSORIOS\62 - CJ MOVEL LATERAL PRETO ESJ C-CLASS 1º VAO LE.xlsx
2026-06-22 12:53:51,930 INFO Importado B.O.M. C:\Users\PRODUCAO-2.0\J I MONTADORA DE VEICULOS ESPECIAIS LTDA\JI Montadora - 02 Produção\01 Controle de Produção\01 - Projeto Cadastro\02 - B.O.M\05. ACESSORIOS\63 - CJ MOVEL LATERAL BEGE ESJ C-CLASS 1º VAO LE.xlsx
2026-06-22 12:53:52,072 INFO Importado B.O.M. C:\Users\PRODUCAO-2.0\J I MONTADORA DE VEICULOS ESPECIAIS LTDA\JI Montadora - 02 Produção\01 Controle de Produção\01 - Projeto Cadastro\02 - B.O.M\05. ACESSORIOS\64 - CJ MOVEL LATERAL MARROM ESJ C-CLASS 2º VAO LE.xlsx
2026-06-22 12:53:52,213 INFO Importado B.O.M. C:\Users\PRODUCAO-2.0\J I MONTADORA DE VEICULOS ESPECIAIS LTDA\JI Montadora - 02 Produção\01 Controle de Produção\01 - Projeto Cadastro\02 - B.O.M\05. ACESSORIOS\64 - CJ MOVEL LATERAL PRETO ESJ C-CLASS 2º VAO LE.xlsx
2026-06-22 12:53:52,354 INFO Importado B.O.M. C:\Users\PRODUCAO-2.0\J I MONTADORA DE VEICULOS ESPECIAIS LTDA\JI Montadora - 02 Produção\01 Controle de Produção\01 - Projeto Cadastro\02 - B.O.M\05. ACESSORIOS\65 - CJ MOVEL LATERAL BEGE ESJ C-CLASS 2º VAO LE.xlsx
2026-06-22 12:53:52,505 INFO Importado B.O.M. C:\Users\PRODUCAO-2.0\J I MONTADORA DE VEICULOS ESPECIAIS LTDA\JI Montadora - 02 Produção\01 Controle de Produção\01 - Projeto Cadastro\02 - B.O.M\05. ACESSORIOS\66 - CJ MOVEL LATERAL MARROM ESJ C-CLASS 2º VAO LD.xlsx
2026-06-22 12:53:52,667 INFO Importado B.O.M. C:\Users\PRODUCAO-2.0\J I MONTADORA DE VEICULOS ESPECIAIS LTDA\JI Montadora - 02 Produção\01 Controle de Produção\01 - Projeto Cadastro\02 - B.O.M\05. ACESSORIOS\67 - CJ MOVEL LATERAL PRETO ESJ C-CLASS 2º VAO LD.xlsx
2026-06-22 12:53:52,824 INFO Importado B.O.M. C:\Users\PRODUCAO-2.0\J I MONTADORA DE VEICULOS ESPECIAIS LTDA\JI Montadora - 02 Produção\01 Controle de Produção\01 - Projeto Cadastro\02 - B.O.M\05. ACESSORIOS\68 - CJ MOVEL LATERAL BEGE ESJ C-CLASS 2º VAO LD.xlsx
2026-06-22 12:53:52,972 INFO Importado B.O.M. C:\Users\PRODUCAO-2.0\J I MONTADORA DE VEICULOS ESPECIAIS LTDA\JI Montadora - 02 Produção\01 Controle de Produção\01 - Projeto Cadastro\02 - B.O.M\05. ACESSORIOS\69 - CJ COMPLETO LIGACAO GELADEIRA ELBER CAB 18L ESJ.xlsx
2026-06-22 12:53:53,046 INFO Importado B.O.M. C:\Users\PRODUCAO-2.0\J I MONTADORA DE VEICULOS ESPECIAIS LTDA\JI Montadora - 02 Produção\01 Controle de Produção\01 - Projeto Cadastro\02 - B.O.M\05. ACESSORIOS\70 - CJ TRILHO ALUMINIO FIXACAO 417 14 - 1E,1E,1E,1D PTA.xlsx
2026-06-22 12:53:53,120 INFO Importado B.O.M. C:\Users\PRODUCAO-2.0\J I MONTADORA DE VEICULOS ESPECIAIS LTDA\JI Montadora - 02 Produção\01 Controle de Produção\01 - Projeto Cadastro\02 - B.O.M\05. ACESSORIOS\71 - CJ TRILHO ALUMINIO FIXACAO 417 10 - 4,3,3,2-1 DPM.xlsx
2026-06-22 12:53:53,192 INFO Importado B.O.M. C:\Users\PRODUCAO-2.0\J I MONTADORA DE VEICULOS ESPECIAIS LTDA\JI Montadora - 02 Produção\01 Controle de Produção\01 - Projeto Cadastro\02 - B.O.M\05. ACESSORIOS\72 - CJ TRILHO ALUMINIO FIXACAO 517 15 - 4,2-1,2,3,3,3.xlsx
2026-06-22 12:53:53,273 INFO Importado B.O.M. C:\Users\PRODUCAO-2.0\J I MONTADORA DE VEICULOS ESPECIAIS LTDA\JI Montadora - 02 Produção\01 Controle de Produção\01 - Projeto Cadastro\02 - B.O.M\06. TRANSFORMAÇÃO\01 - JI CONFORT MASTER L3H2 SELADO ESSENCIAL.xlsx
2026-06-22 12:53:53,346 INFO Importado B.O.M. C:\Users\PRODUCAO-2.0\J I MONTADORA DE VEICULOS ESPECIAIS LTDA\JI Montadora - 02 Produção\01 Controle de Produção\01 - Projeto Cadastro\02 - B.O.M\06. TRANSFORMAÇÃO\02 - JI CONFORT MASTER L3H2 VISTA ESSENCIAL.xlsx
2026-06-22 12:53:53,421 INFO Importado B.O.M. C:\Users\PRODUCAO-2.0\J I MONTADORA DE VEICULOS ESPECIAIS LTDA\JI Montadora - 02 Produção\01 Controle de Produção\01 - Projeto Cadastro\02 - B.O.M\06. TRANSFORMAÇÃO\03 - JI CONFORT MASTER L3H2 VISTA PLUS.xlsx
2026-06-22 12:53:53,501 INFO Importado B.O.M. C:\Users\PRODUCAO-2.0\J I MONTADORA DE VEICULOS ESPECIAIS LTDA\JI Montadora - 02 Produção\01 Controle de Produção\01 - Projeto Cadastro\02 - B.O.M\06. TRANSFORMAÇÃO\04 - JI CONFORT MASTER L3H2 VITRE ESSENCIAL.xlsx
2026-06-22 12:53:53,581 INFO Importado B.O.M. C:\Users\PRODUCAO-2.0\J I MONTADORA DE VEICULOS ESPECIAIS LTDA\JI Montadora - 02 Produção\01 Controle de Produção\01 - Projeto Cadastro\02 - B.O.M\06. TRANSFORMAÇÃO\05 - JI CONFORT MASTER L3H2 VITRE PLUS.xlsx
2026-06-22 12:53:53,658 INFO Importado B.O.M. C:\Users\PRODUCAO-2.0\J I MONTADORA DE VEICULOS ESPECIAIS LTDA\JI Montadora - 02 Produção\01 Controle de Produção\01 - Projeto Cadastro\02 - B.O.M\06. TRANSFORMAÇÃO\06 - JI CONFORT MASTER L3H2 SELADO PLUS.xlsx
2026-06-22 12:53:53,739 INFO Importado B.O.M. C:\Users\PRODUCAO-2.0\J I MONTADORA DE VEICULOS ESPECIAIS LTDA\JI Montadora - 02 Produção\01 Controle de Produção\01 - Projeto Cadastro\02 - B.O.M\06. TRANSFORMAÇÃO\07 - JI CONFORT MASTER L2H2 SELADO ESSENCIAL.xlsx
2026-06-22 12:53:53,819 INFO Importado B.O.M. C:\Users\PRODUCAO-2.0\J I MONTADORA DE VEICULOS ESPECIAIS LTDA\JI Montadora - 02 Produção\01 Controle de Produção\01 - Projeto Cadastro\02 - B.O.M\06. TRANSFORMAÇÃO\08 - JI CONFORT MASTER L2H2 SELADO PLUS.xlsx
2026-06-22 12:53:53,898 INFO Importado B.O.M. C:\Users\PRODUCAO-2.0\J I MONTADORA DE VEICULOS ESPECIAIS LTDA\JI Montadora - 02 Produção\01 Controle de Produção\01 - Projeto Cadastro\02 - B.O.M\06. TRANSFORMAÇÃO\09 - JI CONFORT MASTER L2H2 VISTA ESSENCIAL.xlsx
2026-06-22 12:53:53,982 INFO Importado B.O.M. C:\Users\PRODUCAO-2.0\J I MONTADORA DE VEICULOS ESPECIAIS LTDA\JI Montadora - 02 Produção\01 Controle de Produção\01 - Projeto Cadastro\02 - B.O.M\06. TRANSFORMAÇÃO\10 - JI CONFORT MASTER L2H2 VISTA PLUS.xlsx
2026-06-22 12:53:54,057 INFO Importado B.O.M. C:\Users\PRODUCAO-2.0\J I MONTADORA DE VEICULOS ESPECIAIS LTDA\JI Montadora - 02 Produção\01 Controle de Produção\01 - Projeto Cadastro\02 - B.O.M\06. TRANSFORMAÇÃO\11 - JI CONFORT E-S-J TB SELADO.xlsx
2026-06-22 12:53:54,131 INFO Importado B.O.M. C:\Users\PRODUCAO-2.0\J I MONTADORA DE VEICULOS ESPECIAIS LTDA\JI Montadora - 02 Produção\01 Controle de Produção\01 - Projeto Cadastro\02 - B.O.M\06. TRANSFORMAÇÃO\12 - JI CONFORT E-S-J TB VISTA.xlsx
2026-06-22 12:53:54,207 INFO Importado B.O.M. C:\Users\PRODUCAO-2.0\J I MONTADORA DE VEICULOS ESPECIAIS LTDA\JI Montadora - 02 Produção\01 Controle de Produção\01 - Projeto Cadastro\02 - B.O.M\06. TRANSFORMAÇÃO\13 - JI CONFORT E-S-J TB VITRE.xlsx
2026-06-22 12:53:54,280 INFO Importado B.O.M. C:\Users\PRODUCAO-2.0\J I MONTADORA DE VEICULOS ESPECIAIS LTDA\JI Montadora - 02 Produção\01 Controle de Produção\01 - Projeto Cadastro\02 - B.O.M\06. TRANSFORMAÇÃO\14 - JI URBAN E-S-J TB SELADO.xlsx
2026-06-22 12:53:54,351 INFO Importado B.O.M. C:\Users\PRODUCAO-2.0\J I MONTADORA DE VEICULOS ESPECIAIS LTDA\JI Montadora - 02 Produção\01 Controle de Produção\01 - Projeto Cadastro\02 - B.O.M\06. TRANSFORMAÇÃO\15 - JI URBAN E-S-J TB VISTA.xlsx
2026-06-22 12:53:54,424 INFO Importado B.O.M. C:\Users\PRODUCAO-2.0\J I MONTADORA DE VEICULOS ESPECIAIS LTDA\JI Montadora - 02 Produção\01 Controle de Produção\01 - Projeto Cadastro\02 - B.O.M\06. TRANSFORMAÇÃO\16 - JI URBAN E-S-J TB VITRE.xlsx
2026-06-22 12:53:54,501 INFO Importado B.O.M. C:\Users\PRODUCAO-2.0\J I MONTADORA DE VEICULOS ESPECIAIS LTDA\JI Montadora - 02 Produção\01 Controle de Produção\01 - Projeto Cadastro\02 - B.O.M\06. TRANSFORMAÇÃO\17 - JI CONFORT E-J TA SELADO.xlsx
2026-06-22 12:53:54,574 INFO Importado B.O.M. C:\Users\PRODUCAO-2.0\J I MONTADORA DE VEICULOS ESPECIAIS LTDA\JI Montadora - 02 Produção\01 Controle de Produção\01 - Projeto Cadastro\02 - B.O.M\06. TRANSFORMAÇÃO\18 - JI CONFORT E-J TA VISTA.xlsx
2026-06-22 12:53:54,647 INFO Importado B.O.M. C:\Users\PRODUCAO-2.0\J I MONTADORA DE VEICULOS ESPECIAIS LTDA\JI Montadora - 02 Produção\01 Controle de Produção\01 - Projeto Cadastro\02 - B.O.M\06. TRANSFORMAÇÃO\19 - JI CONFORT E-J TA VITRE.xlsx
2026-06-22 12:53:54,743 INFO Importado B.O.M. C:\Users\PRODUCAO-2.0\J I MONTADORA DE VEICULOS ESPECIAIS LTDA\JI Montadora - 02 Produção\01 Controle de Produção\01 - Projeto Cadastro\02 - B.O.M\06. TRANSFORMAÇÃO\20 - JI URBAN E-J TA SELADO.xlsx
2026-06-22 12:53:54,817 INFO Importado B.O.M. C:\Users\PRODUCAO-2.0\J I MONTADORA DE VEICULOS ESPECIAIS LTDA\JI Montadora - 02 Produção\01 Controle de Produção\01 - Projeto Cadastro\02 - B.O.M\06. TRANSFORMAÇÃO\21 - JI URBAN E-J TA VISTA.xlsx
2026-06-22 12:53:54,892 INFO Importado B.O.M. C:\Users\PRODUCAO-2.0\J I MONTADORA DE VEICULOS ESPECIAIS LTDA\JI Montadora - 02 Produção\01 Controle de Produção\01 - Projeto Cadastro\02 - B.O.M\06. TRANSFORMAÇÃO\22 - JI URBAN E-J TA VITRE.xlsx
2026-06-22 12:53:54,967 INFO Importado B.O.M. C:\Users\PRODUCAO-2.0\J I MONTADORA DE VEICULOS ESPECIAIS LTDA\JI Montadora - 02 Produção\01 Controle de Produção\01 - Projeto Cadastro\02 - B.O.M\06. TRANSFORMAÇÃO\23 - JI CONFORT 417 10 M SELADO PLUS.xlsx
2026-06-22 12:53:55,039 INFO Importado B.O.M. C:\Users\PRODUCAO-2.0\J I MONTADORA DE VEICULOS ESPECIAIS LTDA\JI Montadora - 02 Produção\01 Controle de Produção\01 - Projeto Cadastro\02 - B.O.M\06. TRANSFORMAÇÃO\24 - JI CONFORT 417 10 M VISTA PLUS.xlsx
2026-06-22 12:53:55,109 INFO Importado B.O.M. C:\Users\PRODUCAO-2.0\J I MONTADORA DE VEICULOS ESPECIAIS LTDA\JI Montadora - 02 Produção\01 Controle de Produção\01 - Projeto Cadastro\02 - B.O.M\06. TRANSFORMAÇÃO\25 - JI CONFORT 417 10 M VITRE REVESTIDA.xlsx
2026-06-22 12:53:55,186 INFO Importado B.O.M. C:\Users\PRODUCAO-2.0\J I MONTADORA DE VEICULOS ESPECIAIS LTDA\JI Montadora - 02 Produção\01 Controle de Produção\01 - Projeto Cadastro\02 - B.O.M\06. TRANSFORMAÇÃO\26 - JI CONFORT 417 14 M SELADO PLUS.xlsx
2026-06-22 12:53:55,262 INFO Importado B.O.M. C:\Users\PRODUCAO-2.0\J I MONTADORA DE VEICULOS ESPECIAIS LTDA\JI Montadora - 02 Produção\01 Controle de Produção\01 - Projeto Cadastro\02 - B.O.M\06. TRANSFORMAÇÃO\27 - JI CONFORT 417 14 M VISTA PLUS.xlsx
2026-06-22 12:53:55,335 INFO Importado B.O.M. C:\Users\PRODUCAO-2.0\J I MONTADORA DE VEICULOS ESPECIAIS LTDA\JI Montadora - 02 Produção\01 Controle de Produção\01 - Projeto Cadastro\02 - B.O.M\06. TRANSFORMAÇÃO\28 - JI CONFORT 417 14 M VITRE REVESTIDA.xlsx
2026-06-22 12:53:55,409 INFO Importado B.O.M. C:\Users\PRODUCAO-2.0\J I MONTADORA DE VEICULOS ESPECIAIS LTDA\JI Montadora - 02 Produção\01 Controle de Produção\01 - Projeto Cadastro\02 - B.O.M\06. TRANSFORMAÇÃO\29 - JI CONFORT 517 15 M SELADO PLUS.xlsx
2026-06-22 12:53:55,499 INFO Importado B.O.M. C:\Users\PRODUCAO-2.0\J I MONTADORA DE VEICULOS ESPECIAIS LTDA\JI Montadora - 02 Produção\01 Controle de Produção\01 - Projeto Cadastro\02 - B.O.M\06. TRANSFORMAÇÃO\30 - JI CONFORT 517 15 M VISTA PLUS.xlsx
2026-06-22 12:53:55,570 INFO Importado B.O.M. C:\Users\PRODUCAO-2.0\J I MONTADORA DE VEICULOS ESPECIAIS LTDA\JI Montadora - 02 Produção\01 Controle de Produção\01 - Projeto Cadastro\02 - B.O.M\06. TRANSFORMAÇÃO\31 - JI CONFORT 517 15 M VITRE REVESTIDA.xlsx
2026-06-22 12:53:55,646 INFO Importado B.O.M. C:\Users\PRODUCAO-2.0\J I MONTADORA DE VEICULOS ESPECIAIS LTDA\JI Montadora - 02 Produção\01 Controle de Produção\01 - Projeto Cadastro\02 - B.O.M\06. TRANSFORMAÇÃO\32 - JI CONFORT 517 14 M SELADO PLUS.xlsx
2026-06-22 12:53:55,716 INFO Importado B.O.M. C:\Users\PRODUCAO-2.0\J I MONTADORA DE VEICULOS ESPECIAIS LTDA\JI Montadora - 02 Produção\01 Controle de Produção\01 - Projeto Cadastro\02 - B.O.M\06. TRANSFORMAÇÃO\33 - JI CONFORT 517 14 M VISTA PLUS.xlsx
2026-06-22 12:53:55,789 INFO Importado B.O.M. C:\Users\PRODUCAO-2.0\J I MONTADORA DE VEICULOS ESPECIAIS LTDA\JI Montadora - 02 Produção\01 Controle de Produção\01 - Projeto Cadastro\02 - B.O.M\06. TRANSFORMAÇÃO\34 - JI CONFORT 517 14 M VITRE REVESTIDA.xlsx
2026-06-22 12:53:55,884 INFO Importado B.O.M. C:\Users\PRODUCAO-2.0\J I MONTADORA DE VEICULOS ESPECIAIS LTDA\JI Montadora - 02 Produção\01 Controle de Produção\01 - Projeto Cadastro\02 - B.O.M\06. TRANSFORMAÇÃO\35 - JI CONFORT B-J-D SELADO.xlsx
2026-06-22 12:53:55,960 INFO Importado B.O.M. C:\Users\PRODUCAO-2.0\J I MONTADORA DE VEICULOS ESPECIAIS LTDA\JI Montadora - 02 Produção\01 Controle de Produção\01 - Projeto Cadastro\02 - B.O.M\06. TRANSFORMAÇÃO\36 - JI CONFORT B-J-D VISTA.xlsx
2026-06-22 12:53:56,036 INFO Importado B.O.M. C:\Users\PRODUCAO-2.0\J I MONTADORA DE VEICULOS ESPECIAIS LTDA\JI Montadora - 02 Produção\01 Controle de Produção\01 - Projeto Cadastro\02 - B.O.M\06. TRANSFORMAÇÃO\37 - JI CONFORT B-J-D VITRE.xlsx
2026-06-22 12:53:56,109 INFO Importado B.O.M. C:\Users\PRODUCAO-2.0\J I MONTADORA DE VEICULOS ESPECIAIS LTDA\JI Montadora - 02 Produção\01 Controle de Produção\01 - Projeto Cadastro\02 - B.O.M\06. TRANSFORMAÇÃO\38 - JI CONFORT TRANSIT L3H3 SELADO.xlsx
2026-06-22 12:53:56,185 INFO Importado B.O.M. C:\Users\PRODUCAO-2.0\J I MONTADORA DE VEICULOS ESPECIAIS LTDA\JI Montadora - 02 Produção\01 Controle de Produção\01 - Projeto Cadastro\02 - B.O.M\06. TRANSFORMAÇÃO\39 - JI CONFORT TRANSIT L3H3 VISTA.xlsx
2026-06-22 12:53:56,257 INFO Importado B.O.M. C:\Users\PRODUCAO-2.0\J I MONTADORA DE VEICULOS ESPECIAIS LTDA\JI Montadora - 02 Produção\01 Controle de Produção\01 - Projeto Cadastro\02 - B.O.M\06. TRANSFORMAÇÃO\40 - JI CONFORT TRANSIT L4H3 VITRE.xlsx
2026-06-22 12:53:56,329 INFO Importado B.O.M. C:\Users\PRODUCAO-2.0\J I MONTADORA DE VEICULOS ESPECIAIS LTDA\JI Montadora - 02 Produção\01 Controle de Produção\01 - Projeto Cadastro\02 - B.O.M\06. TRANSFORMAÇÃO\41 - JI URBAN E-S-J TB SELADO TETO C. VELUDO PRETO.xlsx
2026-06-22 12:53:56,407 INFO Importado B.O.M. C:\Users\PRODUCAO-2.0\J I MONTADORA DE VEICULOS ESPECIAIS LTDA\JI Montadora - 02 Produção\01 Controle de Produção\01 - Projeto Cadastro\02 - B.O.M\06. TRANSFORMAÇÃO\42 - JI URBAN E-S-J TB VISTA TETO C. VELUDO PRETO.xlsx
2026-06-22 12:53:56,481 INFO Importado B.O.M. C:\Users\PRODUCAO-2.0\J I MONTADORA DE VEICULOS ESPECIAIS LTDA\JI Montadora - 02 Produção\01 Controle de Produção\01 - Projeto Cadastro\02 - B.O.M\06. TRANSFORMAÇÃO\43 - JI URBAN E-S-J VITRE TB TETO C. VELUDO PRETO.xlsx
2026-06-22 12:53:56,554 INFO Importado B.O.M. C:\Users\PRODUCAO-2.0\J I MONTADORA DE VEICULOS ESPECIAIS LTDA\JI Montadora - 02 Produção\01 Controle de Produção\01 - Projeto Cadastro\02 - B.O.M\06. TRANSFORMAÇÃO\44 - JI CONFORT TRANSIT L3H2 VITRE.xlsx
2026-06-22 12:53:56,629 INFO Importado B.O.M. C:\Users\PRODUCAO-2.0\J I MONTADORA DE VEICULOS ESPECIAIS LTDA\JI Montadora - 02 Produção\01 Controle de Produção\01 - Projeto Cadastro\02 - B.O.M\07. REFORÇOS\01 - CJ REFORÇO EM ACO ARQUEAMENTO E-J TETO ALTO.xlsx
2026-06-22 12:53:56,767 INFO Importado B.O.M. C:\Users\PRODUCAO-2.0\J I MONTADORA DE VEICULOS ESPECIAIS LTDA\JI Montadora - 02 Produção\01 Controle de Produção\01 - Projeto Cadastro\02 - B.O.M\07. REFORÇOS\02 - CJ CHAPA PRONTA TRILHO ALUMÍNIO BCO INCOR. FIXO - SPRINTER 517 - 4,2-1,2,3,3,3.xlsx
2026-06-22 12:53:56,916 INFO Importado B.O.M. C:\Users\PRODUCAO-2.0\J I MONTADORA DE VEICULOS ESPECIAIS LTDA\JI Montadora - 02 Produção\01 Controle de Produção\01 - Projeto Cadastro\02 - B.O.M\07. REFORÇOS\03 - CJ CHAPA PRONTA TRILHO ALUMÍNIO BCO INCOR. RECLINAVEL - SPRINTER 517 - 4,2-1,2,3,3,3.xlsx
2026-06-22 12:53:57,081 INFO Importado B.O.M. C:\Users\PRODUCAO-2.0\J I MONTADORA DE VEICULOS ESPECIAIS LTDA\JI Montadora - 02 Produção\01 Controle de Produção\01 - Projeto Cadastro\02 - B.O.M\07. REFORÇOS\04 - CJ CHAPA PRONTA TRILHO ALUMÍNIO BCO INCOR. FIXO - UNIVERSAL - 4,3,3,3.xlsx
2026-06-22 12:53:57,154 INFO Importado B.O.M. C:\Users\PRODUCAO-2.0\J I MONTADORA DE VEICULOS ESPECIAIS LTDA\JI Montadora - 02 Produção\01 Controle de Produção\01 - Projeto Cadastro\02 - B.O.M\07. REFORÇOS\05 - CJ CHAPA PRONTA TRILHO ALUMÍNIO BCO INCOR. RECLINAVEL - UNIVERSAL - 4,3,3,3.xlsx
2026-06-22 12:53:57,226 INFO Importado B.O.M. C:\Users\PRODUCAO-2.0\J I MONTADORA DE VEICULOS ESPECIAIS LTDA\JI Montadora - 02 Produção\01 Controle de Produção\01 - Projeto Cadastro\02 - B.O.M\07. REFORÇOS\06 - PP REFORÇO SUPORTE METALON 40X20 - Copia.xlsx
2026-06-22 12:53:57,308 INFO Importado B.O.M. C:\Users\PRODUCAO-2.0\J I MONTADORA DE VEICULOS ESPECIAIS LTDA\JI Montadora - 02 Produção\01 Controle de Produção\01 - Projeto Cadastro\02 - B.O.M\07. REFORÇOS\06 - PP REFORÇO SUPORTE METALON 40X20.xlsx
2026-06-22 12:53:57,384 INFO Importado B.O.M. C:\Users\PRODUCAO-2.0\J I MONTADORA DE VEICULOS ESPECIAIS LTDA\JI Montadora - 02 Produção\01 Controle de Produção\01 - Projeto Cadastro\02 - B.O.M\08. BANCOS\01 - CJ BANCOS FIXOS - MC - LB - 4,3,3,3 - 2P - TECIDO - BJD.xlsx
2026-06-22 12:53:57,462 INFO Importado B.O.M. C:\Users\PRODUCAO-2.0\J I MONTADORA DE VEICULOS ESPECIAIS LTDA\JI Montadora - 02 Produção\01 Controle de Produção\01 - Projeto Cadastro\02 - B.O.M\08. BANCOS\02 - CJ BANCOS REC - MC - LB - 3,2,3 - 3P - COURVIN - EXPERT.xlsx
2026-06-22 12:53:57,546 INFO Importado B.O.M. C:\Users\PRODUCAO-2.0\J I MONTADORA DE VEICULOS ESPECIAIS LTDA\JI Montadora - 02 Produção\01 Controle de Produção\01 - Projeto Cadastro\02 - B.O.M\08. BANCOS\03 - CJ BANCOS REC - MC - LB - 3,2,3 - 3P - TECIDO - EXPERT.xlsx
2026-06-22 12:53:57,633 INFO Importado B.O.M. C:\Users\PRODUCAO-2.0\J I MONTADORA DE VEICULOS ESPECIAIS LTDA\JI Montadora - 02 Produção\01 Controle de Produção\01 - Projeto Cadastro\02 - B.O.M\08. BANCOS\04 - CJ BANCOS REC - MC - LB - 3,3 - 3P - TECIDO - EXPERT.xlsx
2026-06-22 12:53:57,732 INFO Importado B.O.M. C:\Users\PRODUCAO-2.0\J I MONTADORA DE VEICULOS ESPECIAIS LTDA\JI Montadora - 02 Produção\01 Controle de Produção\01 - Projeto Cadastro\02 - B.O.M\08. BANCOS\05 - CJ BANCOS FIXOS - MC - LB - 3,3 - 3P - TECIDO - EXPERT.xlsx
2026-06-22 12:53:57,806 INFO Importado B.O.M. C:\Users\PRODUCAO-2.0\J I MONTADORA DE VEICULOS ESPECIAIS LTDA\JI Montadora - 02 Produção\01 Controle de Produção\01 - Projeto Cadastro\02 - B.O.M\08. BANCOS\06 - CJ BANCOS REC - MC - LB - 3,3 - 3P - COURVIN- EXPERT.xlsx
2026-06-22 12:53:57,884 INFO Importado B.O.M. C:\Users\PRODUCAO-2.0\J I MONTADORA DE VEICULOS ESPECIAIS LTDA\JI Montadora - 02 Produção\01 Controle de Produção\01 - Projeto Cadastro\02 - B.O.M\08. BANCOS\07 - CJ BANCOS FIXOS - MC - LB - 3,2,3 - 3P - COURVIN- EXPERT.xlsx
2026-06-22 12:53:57,956 INFO Importado B.O.M. C:\Users\PRODUCAO-2.0\J I MONTADORA DE VEICULOS ESPECIAIS LTDA\JI Montadora - 02 Produção\01 Controle de Produção\01 - Projeto Cadastro\02 - B.O.M\08. BANCOS\08 - CJ BANCOS FIXOS - MC - LB - 3,2,3 - 2P - COURVIN - EXPERT.xlsx
2026-06-22 12:53:58,031 INFO Importado B.O.M. C:\Users\PRODUCAO-2.0\J I MONTADORA DE VEICULOS ESPECIAIS LTDA\JI Montadora - 02 Produção\01 Controle de Produção\01 - Projeto Cadastro\02 - B.O.M\08. BANCOS\09 - CJ BANCOS FIXOS - MC - LB - 3,2,3 - 3P - TECIDO - EXPERT.xlsx
2026-06-22 12:53:58,107 INFO Importado B.O.M. C:\Users\PRODUCAO-2.0\J I MONTADORA DE VEICULOS ESPECIAIS LTDA\JI Montadora - 02 Produção\01 Controle de Produção\01 - Projeto Cadastro\02 - B.O.M\08. BANCOS\10 - CJ BANCOS FIXOS - MC - LB - 3,2,3 - 2P - TECIDO - EXPERT.xlsx
2026-06-22 12:53:58,180 INFO Importado B.O.M. C:\Users\PRODUCAO-2.0\J I MONTADORA DE VEICULOS ESPECIAIS LTDA\JI Montadora - 02 Produção\01 Controle de Produção\01 - Projeto Cadastro\02 - B.O.M\08. BANCOS\11 - CJ BANCOS REC - MC - LB - 4,3,3,2,2-1 - 2P - TECIDO - TRILHO - FOCA.xlsx
2026-06-22 12:53:58,260 INFO Importado B.O.M. C:\Users\PRODUCAO-2.0\J I MONTADORA DE VEICULOS ESPECIAIS LTDA\JI Montadora - 02 Produção\01 Controle de Produção\01 - Projeto Cadastro\02 - B.O.M\08. BANCOS\12 - CJ BANCOS REC - MC - LB - 4,3,3,3 - 2P - TECIDO - BJD.xlsx
2026-06-22 12:53:58,336 INFO Importado B.O.M. C:\Users\PRODUCAO-2.0\J I MONTADORA DE VEICULOS ESPECIAIS LTDA\JI Montadora - 02 Produção\01 Controle de Produção\01 - Projeto Cadastro\02 - B.O.M\08. BANCOS\13 - CJ BANCOS FIXOS - MC - LB - 4,3,3,3 - 2P - TECIDO - TRILHO.xlsx
2026-06-22 12:53:58,412 INFO Importado B.O.M. C:\Users\PRODUCAO-2.0\J I MONTADORA DE VEICULOS ESPECIAIS LTDA\JI Montadora - 02 Produção\01 Controle de Produção\01 - Projeto Cadastro\02 - B.O.M\08. BANCOS\14 - CJ BANCOS REC- MC - LB - 1E,1E,1E,1D - 3P - COURVIN- NORMAL.xlsx
2026-06-22 12:53:58,518 INFO Importado B.O.M. C:\Users\PRODUCAO-2.0\J I MONTADORA DE VEICULOS ESPECIAIS LTDA\JI Montadora - 02 Produção\01 Controle de Produção\01 - Projeto Cadastro\02 - B.O.M\08. BANCOS\15 - CJ BANCOS FIXOS - MC - LB - 4,3,3,2-1 - 2P - TECIDO - NORMAL - FOCA.xlsx
2026-06-22 12:53:58,594 INFO Importado B.O.M. C:\Users\PRODUCAO-2.0\J I MONTADORA DE VEICULOS ESPECIAIS LTDA\JI Montadora - 02 Produção\01 Controle de Produção\01 - Projeto Cadastro\02 - B.O.M\08. BANCOS\16 - CJ BANCOS REC - MC - LB - 4,2,2,3,3,3 - REC - 3P - COURVIN - NORMAL.xlsx
2026-06-22 12:53:58,671 INFO Importado B.O.M. C:\Users\PRODUCAO-2.0\J I MONTADORA DE VEICULOS ESPECIAIS LTDA\JI Montadora - 02 Produção\01 Controle de Produção\01 - Projeto Cadastro\02 - B.O.M\08. BANCOS\17 - CJ BANCOS REC - MC - LB - 4,2,3,3,3 - REC - 2P - COURVIN - PME 2A.xlsx
2026-06-22 12:53:58,744 INFO Importado B.O.M. C:\Users\PRODUCAO-2.0\J I MONTADORA DE VEICULOS ESPECIAIS LTDA\JI Montadora - 02 Produção\01 Controle de Produção\01 - Projeto Cadastro\02 - B.O.M\08. BANCOS\18 - CJ BANCOS REC - LB - 1 E,1 E,1 D,1 D,3,3 - REC - 3P - TECIDO - BJD.xlsx
2026-06-22 12:53:58,821 INFO Importado B.O.M. C:\Users\PRODUCAO-2.0\J I MONTADORA DE VEICULOS ESPECIAIS LTDA\JI Montadora - 02 Produção\01 Controle de Produção\01 - Projeto Cadastro\02 - B.O.M\08. BANCOS\19 - CJ BANCOS REC - LB - 4,2-1,2,3,3,3 - REC - 2P - TECIDO - NORMAL.xlsx
2026-06-22 12:53:58,896 INFO Importado B.O.M. C:\Users\PRODUCAO-2.0\J I MONTADORA DE VEICULOS ESPECIAIS LTDA\JI Montadora - 02 Produção\01 Controle de Produção\01 - Projeto Cadastro\02 - B.O.M\08. BANCOS\20 - CJ BANCOS FIXOS - LB - 1E,1E,1E,1D - 2P - TECIDO - TRILHO.xlsx
2026-06-22 12:53:58,972 INFO Importado B.O.M. C:\Users\PRODUCAO-2.0\J I MONTADORA DE VEICULOS ESPECIAIS LTDA\JI Montadora - 02 Produção\01 Controle de Produção\01 - Projeto Cadastro\02 - B.O.M\08. BANCOS\21 - CJ BANCOS FIXO - MC - LB - 4,3,3,2-1 - 2P - TECIDO - TRILHO - ELEVITTA.xlsx
2026-06-22 12:53:59,122 INFO Importado B.O.M. C:\Users\PRODUCAO-2.0\J I MONTADORA DE VEICULOS ESPECIAIS LTDA\JI Montadora - 02 Produção\01 Controle de Produção\01 - Projeto Cadastro\02 - B.O.M\09. ELETRICA\01 - CJ CHICOTE ELETRICO CABINE E-S-J P. LIGAÇÃO ACESSORIOS.xlsx
2026-06-22 12:53:59,262 INFO Importado B.O.M. C:\Users\PRODUCAO-2.0\J I MONTADORA DE VEICULOS ESPECIAIS LTDA\JI Montadora - 02 Produção\01 Controle de Produção\01 - Projeto Cadastro\02 - B.O.M\09. ELETRICA\02 - CJ BOTOEIRA PLASTICA JI E-S-J CABINE 8 TECLAS.xlsx
2026-06-22 12:53:59,403 INFO Importado B.O.M. C:\Users\PRODUCAO-2.0\J I MONTADORA DE VEICULOS ESPECIAIS LTDA\JI Montadora - 02 Produção\01 Controle de Produção\01 - Projeto Cadastro\02 - B.O.M\09. ELETRICA\03 - CJ 3 TOMADAS USB ORBE DUPLA E-S-J.xlsx
2026-06-22 12:53:59,552 INFO Importado B.O.M. C:\Users\PRODUCAO-2.0\J I MONTADORA DE VEICULOS ESPECIAIS LTDA\JI Montadora - 02 Produção\01 Controle de Produção\01 - Projeto Cadastro\02 - B.O.M\09. ELETRICA\04 - CJ LUZ CORTESIA E-S-J - DEGRAU, SOLEIRA PM, SOB BCO 1º FIL.xlsx
2026-06-22 12:53:59,703 INFO Importado B.O.M. C:\Users\PRODUCAO-2.0\J I MONTADORA DE VEICULOS ESPECIAIS LTDA\JI Montadora - 02 Produção\01 Controle de Produção\01 - Projeto Cadastro\02 - B.O.M\09. ELETRICA\05 - CJ LUZ CORTESIA CABINE ESJ SOB PAINEL.xlsx
2026-06-22 12:53:59,843 INFO Importado B.O.M. C:\Users\PRODUCAO-2.0\J I MONTADORA DE VEICULOS ESPECIAIS LTDA\JI Montadora - 02 Produção\01 Controle de Produção\01 - Projeto Cadastro\02 - B.O.M\09. ELETRICA\06 - CJ LUZ LED RGB MOVEIS LATERAIS JI C-CLASS ESJ.xlsx
2026-06-22 12:53:59,981 INFO Importado B.O.M. C:\Users\PRODUCAO-2.0\J I MONTADORA DE VEICULOS ESPECIAIS LTDA\JI Montadora - 02 Produção\01 Controle de Produção\01 - Projeto Cadastro\02 - B.O.M\09. ELETRICA\07 - CJ LUZ AZUL 4 ARANDELAS LATERAIS JI.xlsx
2026-06-22 12:54:00,142 INFO Importado B.O.M. C:\Users\PRODUCAO-2.0\J I MONTADORA DE VEICULOS ESPECIAIS LTDA\JI Montadora - 02 Produção\01 Controle de Produção\01 - Projeto Cadastro\02 - B.O.M\09. ELETRICA\08 - CJ LUZ BALIZADORA INFERIOR E-S-J.xlsx
2026-06-22 12:54:00,303 INFO Importado B.O.M. C:\Users\PRODUCAO-2.0\J I MONTADORA DE VEICULOS ESPECIAIS LTDA\JI Montadora - 02 Produção\01 Controle de Produção\01 - Projeto Cadastro\02 - B.O.M\10. BANCOS FORNECEDOR JL\01 - BCO JL LE RECLINAVEL 3 L NORMAL C. AP BRACO LD 255 MM 3P MISTO.xlsx
2026-06-22 12:54:00,454 INFO Importado B.O.M. C:\Users\PRODUCAO-2.0\J I MONTADORA DE VEICULOS ESPECIAIS LTDA\JI Montadora - 02 Produção\01 Controle de Produção\01 - Projeto Cadastro\02 - B.O.M\10. BANCOS FORNECEDOR JL\02 - BCO JL LE RECLINAVEL 1 L PME S. AP BRACO 65 MM 3P MISTO.xlsx
2026-06-22 12:54:00,595 INFO Importado B.O.M. C:\Users\PRODUCAO-2.0\J I MONTADORA DE VEICULOS ESPECIAIS LTDA\JI Montadora - 02 Produção\01 Controle de Produção\01 - Projeto Cadastro\02 - B.O.M\10. BANCOS FORNECEDOR JL\03 - BCO JL LE RECLINAVEL 2 L PME S. AP BRACO 120 MM 3P MISTO.xlsx
2026-06-22 12:54:00,737 INFO Importado B.O.M. C:\Users\PRODUCAO-2.0\J I MONTADORA DE VEICULOS ESPECIAIS LTDA\JI Montadora - 02 Produção\01 Controle de Produção\01 - Projeto Cadastro\02 - B.O.M\10. BANCOS FORNECEDOR JL\04 - BCO JL LE RECLINAVEL 1 L PME S. AP BRACO 120 MM 3P MISTO.xlsx
2026-06-22 12:54:00,874 INFO Importado B.O.M. C:\Users\PRODUCAO-2.0\J I MONTADORA DE VEICULOS ESPECIAIS LTDA\JI Montadora - 02 Produção\01 Controle de Produção\01 - Projeto Cadastro\02 - B.O.M\10. BANCOS FORNECEDOR JL\05 - BCO JL LE RECLINAVEL 2 L NORMAL S. AP BRACO 330 MM 3P MISTO.xlsx
2026-06-22 12:54:01,025 INFO Importado B.O.M. C:\Users\PRODUCAO-2.0\J I MONTADORA DE VEICULOS ESPECIAIS LTDA\JI Montadora - 02 Produção\01 Controle de Produção\01 - Projeto Cadastro\02 - B.O.M\10. BANCOS FORNECEDOR JL\06 - BCO JL LE RECLINAVEL 1 L NORMAL S. AP BRACO 330 MM 3P MISTO.xlsx
2026-06-22 12:54:01,194 INFO Importado B.O.M. C:\Users\PRODUCAO-2.0\J I MONTADORA DE VEICULOS ESPECIAIS LTDA\JI Montadora - 02 Produção\01 Controle de Produção\01 - Projeto Cadastro\02 - B.O.M\10. BANCOS FORNECEDOR JL\07 - BCO JL LE RECLINAVEL 4 L PME S. AP BRACO 3P MISTO.xlsx
2026-06-22 12:54:01,374 INFO Importado B.O.M. C:\Users\PRODUCAO-2.0\J I MONTADORA DE VEICULOS ESPECIAIS LTDA\JI Montadora - 02 Produção\01 Controle de Produção\01 - Projeto Cadastro\02 - B.O.M\10. BANCOS FORNECEDOR JL\08 - BCO JL LE RECLINAVEL 3 L NORMAL C. AP BRACO LD 330 MM 3P MISTO.xlsx
2026-06-22 12:54:01,552 INFO Importado B.O.M. C:\Users\PRODUCAO-2.0\J I MONTADORA DE VEICULOS ESPECIAIS LTDA\JI Montadora - 02 Produção\01 Controle de Produção\01 - Projeto Cadastro\02 - B.O.M\10. BANCOS FORNECEDOR JL\09 - BCO CARONA JL LE RECLINAVEL 2 L SPRINTER S. AP BRACO 270 MM 3P MISTO.xlsx
2026-06-22 12:54:01,766 INFO Importado B.O.M. C:\Users\PRODUCAO-2.0\J I MONTADORA DE VEICULOS ESPECIAIS LTDA\JI Montadora - 02 Produção\01 Controle de Produção\01 - Projeto Cadastro\02 - B.O.M\10. BANCOS FORNECEDOR JL\10 - BCO CARONA JL LE RECLINAVEL 2 L MASTER S. AP BRACO 262 MM 3P MISTO.xlsx
2026-06-22 13:23:40,693 INFO Importado B.O.M. C:\Users\PRODUCAO-2.0\J I MONTADORA DE VEICULOS ESPECIAIS LTDA\JI Montadora - 02 Produção\01 Controle de Produção\01 - Projeto Cadastro\02 - B.O.M\00. OBSOLETO\Consolidado B.O.M\consolidacao_bom\BOM_Onde_Usa.xlsx
2026-06-22 13:23:40,765 INFO Importado B.O.M. C:\Users\PRODUCAO-2.0\J I MONTADORA DE VEICULOS ESPECIAIS LTDA\JI Montadora - 02 Produção\01 Controle de Produção\01 - Projeto Cadastro\02 - B.O.M\01. CATEGORIA VIDRO\01 - VIDROS - SELADO - CJ VIDROS SELADO MASTER L2H2 - VIDROFORTE.xlsx
2026-06-22 13:23:40,892 INFO Importado B.O.M. C:\Users\PRODUCAO-2.0\J I MONTADORA DE VEICULOS ESPECIAIS LTDA\JI Montadora - 02 Produção\01 Controle de Produção\01 - Projeto Cadastro\02 - B.O.M\01. CATEGORIA VIDRO\02 - VIDROS - SELADO - CJ VIDROS SELADO MASTER L3H2 - SELADO - VIDROFORTE.xlsx
2026-06-22 13:23:41,030 INFO Importado B.O.M. C:\Users\PRODUCAO-2.0\J I MONTADORA DE VEICULOS ESPECIAIS LTDA\JI Montadora - 02 Produção\01 Controle de Produção\01 - Projeto Cadastro\02 - B.O.M\01. CATEGORIA VIDRO\03 - VIDROS - SELADO - CJ VIDROS SELADO MASTER L1H1 - SELADO - VIDROFORTE.xlsx
2026-06-22 13:23:41,169 INFO Importado B.O.M. C:\Users\PRODUCAO-2.0\J I MONTADORA DE VEICULOS ESPECIAIS LTDA\JI Montadora - 02 Produção\01 Controle de Produção\01 - Projeto Cadastro\02 - B.O.M\01. CATEGORIA VIDRO\04 - VIDROS - SELADO - CJ VIDROS SELADO TRANSIT L3H3 - SELADO - VIDROFORTE.xlsx
2026-06-22 13:23:41,326 INFO Importado B.O.M. C:\Users\PRODUCAO-2.0\J I MONTADORA DE VEICULOS ESPECIAIS LTDA\JI Montadora - 02 Produção\01 Controle de Produção\01 - Projeto Cadastro\02 - B.O.M\01. CATEGORIA VIDRO\05 - VIDROS - SELADO - CJ VIDROS SELADO TRANSIT L2H3 - SELADO - VIDROFORTE.xlsx
2026-06-22 13:23:41,596 INFO Importado B.O.M. C:\Users\PRODUCAO-2.0\J I MONTADORA DE VEICULOS ESPECIAIS LTDA\JI Montadora - 02 Produção\01 Controle de Produção\01 - Projeto Cadastro\02 - B.O.M\01. CATEGORIA VIDRO\06 - VIDROS - SELADO - CJ VIDROS SELADO SPRINTER 10 M - SELADO - VIDROFORTE.xlsx
2026-06-22 13:23:41,832 INFO Importado B.O.M. C:\Users\PRODUCAO-2.0\J I MONTADORA DE VEICULOS ESPECIAIS LTDA\JI Montadora - 02 Produção\01 Controle de Produção\01 - Projeto Cadastro\02 - B.O.M\01. CATEGORIA VIDRO\07 - VIDROS - SELADO - CJ VIDROS SELADO SPRINTER 14 M - SELADO - VIDROFORTE.xlsx
2026-06-22 13:23:42,026 INFO Importado B.O.M. C:\Users\PRODUCAO-2.0\J I MONTADORA DE VEICULOS ESPECIAIS LTDA\JI Montadora - 02 Produção\01 Controle de Produção\01 - Projeto Cadastro\02 - B.O.M\01. CATEGORIA VIDRO\08 - VIDROS - SELADO - CJ VIDROS SELADO EXPERT JUMPY SCUDO - SELADO - VIDROFORTE.xlsx
2026-06-22 13:23:42,190 INFO Importado B.O.M. C:\Users\PRODUCAO-2.0\J I MONTADORA DE VEICULOS ESPECIAIS LTDA\JI Montadora - 02 Produção\01 Controle de Produção\01 - Projeto Cadastro\02 - B.O.M\01. CATEGORIA VIDRO\09 - VIDROS - SELADO - CJ VIDROS SELADO BOXER JUMPER DUCATO - SELADO - VIDROFORTE.xlsx
2026-06-22 13:23:42,372 INFO Importado B.O.M. C:\Users\PRODUCAO-2.0\J I MONTADORA DE VEICULOS ESPECIAIS LTDA\JI Montadora - 02 Produção\01 Controle de Produção\01 - Projeto Cadastro\02 - B.O.M\01. CATEGORIA VIDRO\10 - VIDROS - VISTA - CJ VIDROS VISTA MASTER L2H2 - VIDROFORTE.xlsx
2026-06-22 13:23:42,592 INFO Importado B.O.M. C:\Users\PRODUCAO-2.0\J I MONTADORA DE VEICULOS ESPECIAIS LTDA\JI Montadora - 02 Produção\01 Controle de Produção\01 - Projeto Cadastro\02 - B.O.M\01. CATEGORIA VIDRO\11 - VIDROS - VISTA - CJ VIDROS VISTA MASTER L3H2  - VIDROFORTE.xlsx
2026-06-22 13:23:42,794 INFO Importado B.O.M. C:\Users\PRODUCAO-2.0\J I MONTADORA DE VEICULOS ESPECIAIS LTDA\JI Montadora - 02 Produção\01 Controle de Produção\01 - Projeto Cadastro\02 - B.O.M\01. CATEGORIA VIDRO\12 - VIDROS - VISTA - CJ VIDROS VISTA MASTER L1H1  - VIDROFORTE.xlsx
2026-06-22 13:23:42,970 INFO Importado B.O.M. C:\Users\PRODUCAO-2.0\J I MONTADORA DE VEICULOS ESPECIAIS LTDA\JI Montadora - 02 Produção\01 Controle de Produção\01 - Projeto Cadastro\02 - B.O.M\01. CATEGORIA VIDRO\13 - VIDROS - VISTA - CJ VIDROS VISTA TRANSIT L3H3  - VIDROFORTE.xlsx
2026-06-22 13:23:43,135 INFO Importado B.O.M. C:\Users\PRODUCAO-2.0\J I MONTADORA DE VEICULOS ESPECIAIS LTDA\JI Montadora - 02 Produção\01 Controle de Produção\01 - Projeto Cadastro\02 - B.O.M\01. CATEGORIA VIDRO\14 - VIDROS - VISTA - CJ VIDROS VISTA TRANSIT L2H3  - VIDROFORTE.xlsx
2026-06-22 13:23:43,285 INFO Importado B.O.M. C:\Users\PRODUCAO-2.0\J I MONTADORA DE VEICULOS ESPECIAIS LTDA\JI Montadora - 02 Produção\01 Controle de Produção\01 - Projeto Cadastro\02 - B.O.M\01. CATEGORIA VIDRO\15 - VIDROS - VISTA - CJ VIDROS VISTA SPRINTER 10 M  - VIDROFORTE.xlsx
2026-06-22 13:23:43,414 INFO Importado B.O.M. C:\Users\PRODUCAO-2.0\J I MONTADORA DE VEICULOS ESPECIAIS LTDA\JI Montadora - 02 Produção\01 Controle de Produção\01 - Projeto Cadastro\02 - B.O.M\01. CATEGORIA VIDRO\16 - VIDROS - VISTA - CJ VIDROS VISTA SPRINTER 14 M  - VIDROFORTE.xlsx
2026-06-22 13:23:43,579 INFO Importado B.O.M. C:\Users\PRODUCAO-2.0\J I MONTADORA DE VEICULOS ESPECIAIS LTDA\JI Montadora - 02 Produção\01 Controle de Produção\01 - Projeto Cadastro\02 - B.O.M\01. CATEGORIA VIDRO\17 - VIDROS - VISTA - CJ VIDROS VISTA EXPERT JUMPY SCUDO - VIDROFORTE.xlsx
2026-06-22 13:23:43,780 INFO Importado B.O.M. C:\Users\PRODUCAO-2.0\J I MONTADORA DE VEICULOS ESPECIAIS LTDA\JI Montadora - 02 Produção\01 Controle de Produção\01 - Projeto Cadastro\02 - B.O.M\01. CATEGORIA VIDRO\18 - VIDROS - VISTA - CJ VIDROS VISTA BOXER JUMPER DUCATO - VIDROFORTE.xlsx
2026-06-22 13:23:43,997 INFO Importado B.O.M. C:\Users\PRODUCAO-2.0\J I MONTADORA DE VEICULOS ESPECIAIS LTDA\JI Montadora - 02 Produção\01 Controle de Produção\01 - Projeto Cadastro\02 - B.O.M\01. CATEGORIA VIDRO\19 - VIDROS - SELADO - CJ VIDROS SELADO MASTER L2H2 - VETROEX.xlsx
2026-06-22 13:23:44,245 INFO Importado B.O.M. C:\Users\PRODUCAO-2.0\J I MONTADORA DE VEICULOS ESPECIAIS LTDA\JI Montadora - 02 Produção\01 Controle de Produção\01 - Projeto Cadastro\02 - B.O.M\01. CATEGORIA VIDRO\20 - VIDROS - SELADO - CJ VIDROS SELADO MASTER L3H2 - SELADO - VETROEX.xlsx
2026-06-22 13:23:44,500 INFO Importado B.O.M. C:\Users\PRODUCAO-2.0\J I MONTADORA DE VEICULOS ESPECIAIS LTDA\JI Montadora - 02 Produção\01 Controle de Produção\01 - Projeto Cadastro\02 - B.O.M\01. CATEGORIA VIDRO\21 - VIDROS - SELADO - CJ VIDROS SELADO MASTER L1H1 - SELADO - VETROEX.xlsx
2026-06-22 13:23:44,774 INFO Importado B.O.M. C:\Users\PRODUCAO-2.0\J I MONTADORA DE VEICULOS ESPECIAIS LTDA\JI Montadora - 02 Produção\01 Controle de Produção\01 - Projeto Cadastro\02 - B.O.M\01. CATEGORIA VIDRO\22 - VIDROS - SELADO - CJ VIDROS SELADO TRANSIT L3H3 - SELADO - VETROEX.xlsx
2026-06-22 13:23:45,834 INFO Importado B.O.M. C:\Users\PRODUCAO-2.0\J I MONTADORA DE VEICULOS ESPECIAIS LTDA\JI Montadora - 02 Produção\01 Controle de Produção\01 - Projeto Cadastro\02 - B.O.M\01. CATEGORIA VIDRO\23 - VIDROS - SELADO - CJ VIDROS SELADO TRANSIT L2H3 - SELADO - VETROEX.xlsx
2026-06-22 13:23:46,045 INFO Importado B.O.M. C:\Users\PRODUCAO-2.0\J I MONTADORA DE VEICULOS ESPECIAIS LTDA\JI Montadora - 02 Produção\01 Controle de Produção\01 - Projeto Cadastro\02 - B.O.M\01. CATEGORIA VIDRO\24 - VIDROS - SELADO - CJ VIDROS SELADO SPRINTER 10 M - SELADO - VETROEX.xlsx
2026-06-22 13:23:46,235 INFO Importado B.O.M. C:\Users\PRODUCAO-2.0\J I MONTADORA DE VEICULOS ESPECIAIS LTDA\JI Montadora - 02 Produção\01 Controle de Produção\01 - Projeto Cadastro\02 - B.O.M\01. CATEGORIA VIDRO\25 - VIDROS - SELADO - CJ VIDROS SELADO SPRINTER 14 M - SELADO - VETROEX.xlsx
2026-06-22 13:23:46,451 INFO Importado B.O.M. C:\Users\PRODUCAO-2.0\J I MONTADORA DE VEICULOS ESPECIAIS LTDA\JI Montadora - 02 Produção\01 Controle de Produção\01 - Projeto Cadastro\02 - B.O.M\01. CATEGORIA VIDRO\26 - VIDROS - SELADO - CJ VIDROS SELADO EXPERT JUMPY SCUDO - SELADO - VETROEX.xlsx
2026-06-22 13:23:46,680 INFO Importado B.O.M. C:\Users\PRODUCAO-2.0\J I MONTADORA DE VEICULOS ESPECIAIS LTDA\JI Montadora - 02 Produção\01 Controle de Produção\01 - Projeto Cadastro\02 - B.O.M\01. CATEGORIA VIDRO\27- VIDROS - SELADO - CJ VIDROS SELADO BOXER JUMPER DUCATO - SELADO - VETROEX.xlsx
2026-06-22 13:23:46,889 INFO Importado B.O.M. C:\Users\PRODUCAO-2.0\J I MONTADORA DE VEICULOS ESPECIAIS LTDA\JI Montadora - 02 Produção\01 Controle de Produção\01 - Projeto Cadastro\02 - B.O.M\01. CATEGORIA VIDRO\28 - VIDROS - VISTA - CJ VIDROS VISTA 1º LDLE 2º LE EXPERT JUMPY SCUDO - STYLLUS.xlsx
2026-06-22 13:23:47,098 INFO Importado B.O.M. C:\Users\PRODUCAO-2.0\J I MONTADORA DE VEICULOS ESPECIAIS LTDA\JI Montadora - 02 Produção\01 Controle de Produção\01 - Projeto Cadastro\02 - B.O.M\01. TEMPLATE PADRÃO COMPOSIÇÃO.xlsx
2026-06-22 13:23:47,245 INFO Importado B.O.M. C:\Users\PRODUCAO-2.0\J I MONTADORA DE VEICULOS ESPECIAIS LTDA\JI Montadora - 02 Produção\01 Controle de Produção\01 - Projeto Cadastro\02 - B.O.M\02. CATEGORIA ABS\01 - ABS - CJ REVESTIMENTO ESSENCIAL RENAULT MASTER L2H2.xlsx
2026-06-22 13:23:47,443 INFO Importado B.O.M. C:\Users\PRODUCAO-2.0\J I MONTADORA DE VEICULOS ESPECIAIS LTDA\JI Montadora - 02 Produção\01 Controle de Produção\01 - Projeto Cadastro\02 - B.O.M\02. CATEGORIA ABS\02 - ABS - CJ REVESTIMENTO ESSENCIAL RENAULT MASTER L3H2.xlsx
2026-06-22 13:23:47,646 INFO Importado B.O.M. C:\Users\PRODUCAO-2.0\J I MONTADORA DE VEICULOS ESPECIAIS LTDA\JI Montadora - 02 Produção\01 Controle de Produção\01 - Projeto Cadastro\02 - B.O.M\02. CATEGORIA ABS\03 - ABS - CJ REVESTIMENTO B-J-D.xlsx
2026-06-22 13:23:47,747 INFO Importado B.O.M. C:\Users\PRODUCAO-2.0\J I MONTADORA DE VEICULOS ESPECIAIS LTDA\JI Montadora - 02 Produção\01 Controle de Produção\01 - Projeto Cadastro\02 - B.O.M\02. CATEGORIA ABS\04 - ABS - CJ REVESTIMENTO E-S-J.xlsx
2026-06-22 13:23:47,957 INFO Importado B.O.M. C:\Users\PRODUCAO-2.0\J I MONTADORA DE VEICULOS ESPECIAIS LTDA\JI Montadora - 02 Produção\01 Controle de Produção\01 - Projeto Cadastro\02 - B.O.M\02. CATEGORIA ABS\05 - ABS - CJ REVESTIMENTO IVECO 50-180.xlsx
2026-06-22 13:23:48,179 INFO Importado B.O.M. C:\Users\PRODUCAO-2.0\J I MONTADORA DE VEICULOS ESPECIAIS LTDA\JI Montadora - 02 Produção\01 Controle de Produção\01 - Projeto Cadastro\02 - B.O.M\02. CATEGORIA ABS\06 - ABS - CJ REVESTIMENTO PLUS SPRINTER 417 10,5 M³.xlsx
2026-06-22 13:23:48,384 INFO Importado B.O.M. C:\Users\PRODUCAO-2.0\J I MONTADORA DE VEICULOS ESPECIAIS LTDA\JI Montadora - 02 Produção\01 Controle de Produção\01 - Projeto Cadastro\02 - B.O.M\02. CATEGORIA ABS\07 - ABS - CJ REVESTIMENTO PLUS SPRINTER 417 14 M³.xlsx
2026-06-22 13:23:48,610 INFO Importado B.O.M. C:\Users\PRODUCAO-2.0\J I MONTADORA DE VEICULOS ESPECIAIS LTDA\JI Montadora - 02 Produção\01 Controle de Produção\01 - Projeto Cadastro\02 - B.O.M\02. CATEGORIA ABS\08 - ABS - CJ REVESTIMENTO PLUS SPRINTER 517 15 M³.xlsx
2026-06-22 13:23:48,801 INFO Importado B.O.M. C:\Users\PRODUCAO-2.0\J I MONTADORA DE VEICULOS ESPECIAIS LTDA\JI Montadora - 02 Produção\01 Controle de Produção\01 - Projeto Cadastro\02 - B.O.M\02. CATEGORIA ABS\09 - ABS - CJ REVESTIMENTO TRANSIT L4H3.xlsx
2026-06-22 13:23:49,031 INFO Importado B.O.M. C:\Users\PRODUCAO-2.0\J I MONTADORA DE VEICULOS ESPECIAIS LTDA\JI Montadora - 02 Produção\01 Controle de Produção\01 - Projeto Cadastro\02 - B.O.M\02. CATEGORIA ABS\10 - ABS - CJ REVESTIMENTO TRANSIT L3H3.xlsx
2026-06-22 13:23:49,249 INFO Importado B.O.M. C:\Users\PRODUCAO-2.0\J I MONTADORA DE VEICULOS ESPECIAIS LTDA\JI Montadora - 02 Produção\01 Controle de Produção\01 - Projeto Cadastro\02 - B.O.M\02. CATEGORIA ABS\11 - ABS - CJ DUTO AR CONDICIONADO ABS PC PLUS SPRINTER 10,5M³.xlsx
2026-06-22 13:23:49,495 INFO Importado B.O.M. C:\Users\PRODUCAO-2.0\J I MONTADORA DE VEICULOS ESPECIAIS LTDA\JI Montadora - 02 Produção\01 Controle de Produção\01 - Projeto Cadastro\02 - B.O.M\02. CATEGORIA ABS\12 - ABS - CJ DUTO AR CONDICIONADO ABS PC PLUS SPRINTER 1415M³.xlsx
2026-06-22 13:23:49,725 INFO Importado B.O.M. C:\Users\PRODUCAO-2.0\J I MONTADORA DE VEICULOS ESPECIAIS LTDA\JI Montadora - 02 Produção\01 Controle de Produção\01 - Projeto Cadastro\02 - B.O.M\02. CATEGORIA ABS\13 - ABS - CJ REVESTIMENTO PLUS SPRINTER 517 14 M³.xlsx
2026-06-22 13:23:49,922 INFO Importado B.O.M. C:\Users\PRODUCAO-2.0\J I MONTADORA DE VEICULOS ESPECIAIS LTDA\JI Montadora - 02 Produção\01 Controle de Produção\01 - Projeto Cadastro\02 - B.O.M\02. CATEGORIA ABS\14 - CJ CONSOLE AC TRANSIT L3H3 ACABAMENTO MADEIRA REVESTIDA.xlsx
2026-06-22 13:23:50,131 INFO Importado B.O.M. C:\Users\PRODUCAO-2.0\J I MONTADORA DE VEICULOS ESPECIAIS LTDA\JI Montadora - 02 Produção\01 Controle de Produção\01 - Projeto Cadastro\02 - B.O.M\02. CATEGORIA ABS\15 - ABS - CJ REVESTIMENTO PLUS RENAULT MASTER L2H2.xlsx
2026-06-22 13:23:50,350 INFO Importado B.O.M. C:\Users\PRODUCAO-2.0\J I MONTADORA DE VEICULOS ESPECIAIS LTDA\JI Montadora - 02 Produção\01 Controle de Produção\01 - Projeto Cadastro\02 - B.O.M\02. CATEGORIA ABS\16 - ABS - CJ REVESTIMENTO PLUS RENAULT MASTER L3H2.xlsx
2026-06-22 13:23:50,568 INFO Importado B.O.M. C:\Users\PRODUCAO-2.0\J I MONTADORA DE VEICULOS ESPECIAIS LTDA\JI Montadora - 02 Produção\01 Controle de Produção\01 - Projeto Cadastro\02 - B.O.M\02. CATEGORIA ABS\17 - ABS - CJ REVESTIMENTO IVECO 50-180.xlsx
2026-06-22 13:23:50,676 INFO Importado B.O.M. C:\Users\PRODUCAO-2.0\J I MONTADORA DE VEICULOS ESPECIAIS LTDA\JI Montadora - 02 Produção\01 Controle de Produção\01 - Projeto Cadastro\02 - B.O.M\02. CATEGORIA ABS\18 - ABS - CJ. ACABAMENTO ABS ARO JANELAS ESJ.xlsx
2026-06-22 13:23:50,898 INFO Importado B.O.M. C:\Users\PRODUCAO-2.0\J I MONTADORA DE VEICULOS ESPECIAIS LTDA\JI Montadora - 02 Produção\01 Controle de Produção\01 - Projeto Cadastro\02 - B.O.M\02. CATEGORIA ABS\19 - CJ ABS FORROS E-S-J PL-PTS.xlsx
2026-06-22 13:23:51,102 INFO Importado B.O.M. C:\Users\PRODUCAO-2.0\J I MONTADORA DE VEICULOS ESPECIAIS LTDA\JI Montadora - 02 Produção\01 Controle de Produção\01 - Projeto Cadastro\02 - B.O.M\02. CATEGORIA ABS\20 - PP ABS TETO FLOCADO PRETO PC E-S-J TB.xlsx
2026-06-22 13:23:51,335 INFO Importado B.O.M. C:\Users\PRODUCAO-2.0\J I MONTADORA DE VEICULOS ESPECIAIS LTDA\JI Montadora - 02 Produção\01 Controle de Produção\01 - Projeto Cadastro\02 - B.O.M\02. CATEGORIA ABS\21 - PP ALCA PQP CABINE ORIGINAL LD E-S-J.xlsx
2026-06-22 13:23:51,653 INFO Importado B.O.M. C:\Users\PRODUCAO-2.0\J I MONTADORA DE VEICULOS ESPECIAIS LTDA\JI Montadora - 02 Produção\01 Controle de Produção\01 - Projeto Cadastro\02 - B.O.M\02. CATEGORIA ABS\22 - PP COLUNA B ORIGINAL CINTO SEGURANCA LE E-S-J PRETO FOSCO VINÍLICA.xlsx
2026-06-22 13:23:51,892 INFO Importado B.O.M. C:\Users\PRODUCAO-2.0\J I MONTADORA DE VEICULOS ESPECIAIS LTDA\JI Montadora - 02 Produção\01 Controle de Produção\01 - Projeto Cadastro\02 - B.O.M\02. CATEGORIA ABS\23 - PP COLUNA B ORIGINAL CINTO SEGURANCA LD E-S-J PRETO FOSCO VINÍLICA.xlsx
2026-06-22 13:23:52,133 INFO Importado B.O.M. C:\Users\PRODUCAO-2.0\J I MONTADORA DE VEICULOS ESPECIAIS LTDA\JI Montadora - 02 Produção\01 Controle de Produção\01 - Projeto Cadastro\02 - B.O.M\02. CATEGORIA ABS\24 - PP COLUNA A ORIGINAL LE E-S-J PRETO FOSCO VINÍLICA.xlsx
2026-06-22 13:23:52,366 INFO Importado B.O.M. C:\Users\PRODUCAO-2.0\J I MONTADORA DE VEICULOS ESPECIAIS LTDA\JI Montadora - 02 Produção\01 Controle de Produção\01 - Projeto Cadastro\02 - B.O.M\02. CATEGORIA ABS\25 - PP COLUNA A ORIGINAL LD E-S-J PRETO FOSCO VINÍLICA.xlsx
2026-06-22 13:23:52,572 INFO Importado B.O.M. C:\Users\PRODUCAO-2.0\J I MONTADORA DE VEICULOS ESPECIAIS LTDA\JI Montadora - 02 Produção\01 Controle de Produção\01 - Projeto Cadastro\02 - B.O.M\02. CATEGORIA ABS\26 - PP TETO ORIGINAL CABINE E-S-J PRETO FOSCO VINÍLICA.xlsx
2026-06-22 13:23:52,774 INFO Importado B.O.M. C:\Users\PRODUCAO-2.0\J I MONTADORA DE VEICULOS ESPECIAIS LTDA\JI Montadora - 02 Produção\01 Controle de Produção\01 - Projeto Cadastro\02 - B.O.M\02. CATEGORIA ABS\27 - PP QUEBRA SOL ORIGINAL CABINE E-S-J LD PRETO FOSCO VINÍLICA.xlsx
2026-06-22 13:23:52,988 INFO Importado B.O.M. C:\Users\PRODUCAO-2.0\J I MONTADORA DE VEICULOS ESPECIAIS LTDA\JI Montadora - 02 Produção\01 Controle de Produção\01 - Projeto Cadastro\02 - B.O.M\02. CATEGORIA ABS\27 - PP QUEBRA SOL ORIGINAL CABINE E-S-J LE PRETO FOSCO VINÍLICA.xlsx
2026-06-22 13:23:53,191 INFO Importado B.O.M. C:\Users\PRODUCAO-2.0\J I MONTADORA DE VEICULOS ESPECIAIS LTDA\JI Montadora - 02 Produção\01 Controle de Produção\01 - Projeto Cadastro\02 - B.O.M\02. CATEGORIA ABS\28 - PP SUPORTE QUEBRA SOL ORIGINAL CABINE E-S-J PRETO FOSCO VINÍLICA.xlsx
2026-06-22 13:23:53,406 INFO Importado B.O.M. C:\Users\PRODUCAO-2.0\J I MONTADORA DE VEICULOS ESPECIAIS LTDA\JI Montadora - 02 Produção\01 Controle de Produção\01 - Projeto Cadastro\02 - B.O.M\02. CATEGORIA ABS\29 - PP ACABAMENTO PLASTICO ORIGINAL MICROFONE SOM E-S-J.xlsx
2026-06-22 13:23:53,646 INFO Importado B.O.M. C:\Users\PRODUCAO-2.0\J I MONTADORA DE VEICULOS ESPECIAIS LTDA\JI Montadora - 02 Produção\01 Controle de Produção\01 - Projeto Cadastro\02 - B.O.M\02. CATEGORIA ABS\30 - PP LUMINARIA CABINE ORIGINAL E-S-J PRETO FOSCO VINÍLICA.xlsx
2026-06-22 13:23:53,888 INFO Importado B.O.M. C:\Users\PRODUCAO-2.0\J I MONTADORA DE VEICULOS ESPECIAIS LTDA\JI Montadora - 02 Produção\01 Controle de Produção\01 - Projeto Cadastro\02 - B.O.M\02. CATEGORIA ABS\31 - CJ TETO E-S-J VELUDO PRETO SALAO-CABINE-COLUNAB- COLUNAA-ACESSORIOS ORICAB.xlsx
2026-06-22 13:23:53,973 INFO Importado B.O.M. C:\Users\PRODUCAO-2.0\J I MONTADORA DE VEICULOS ESPECIAIS LTDA\JI Montadora - 02 Produção\01 Controle de Produção\01 - Projeto Cadastro\02 - B.O.M\02. CATEGORIA ABS\32 - CJ REVESTIMENTO E-S-J TB C. TETO VELUDO PRETO.xlsx
2026-06-22 13:23:54,070 INFO Importado B.O.M. C:\Users\PRODUCAO-2.0\J I MONTADORA DE VEICULOS ESPECIAIS LTDA\JI Montadora - 02 Produção\01 Controle de Produção\01 - Projeto Cadastro\02 - B.O.M\02. CATEGORIA ABS\33 - ABS - CJ REVESTIMENTO TRANSIT L3H2 VITRE.xlsx
2026-06-22 13:23:54,270 INFO Importado B.O.M. C:\Users\PRODUCAO-2.0\J I MONTADORA DE VEICULOS ESPECIAIS LTDA\JI Montadora - 02 Produção\01 Controle de Produção\01 - Projeto Cadastro\02 - B.O.M\02. CATEGORIA ABS\34 - PP ABS PC ALETA AR PRETA E-S-J TB PILAR.xlsx
2026-06-22 13:23:54,474 INFO Importado B.O.M. C:\Users\PRODUCAO-2.0\J I MONTADORA DE VEICULOS ESPECIAIS LTDA\JI Montadora - 02 Produção\01 Controle de Produção\01 - Projeto Cadastro\02 - B.O.M\02. CATEGORIA ABS\35 - PP ARO JANELA PVC 1º VAO LE ESJ C-CLASS.xlsx
2026-06-22 13:23:54,700 INFO Importado B.O.M. C:\Users\PRODUCAO-2.0\J I MONTADORA DE VEICULOS ESPECIAIS LTDA\JI Montadora - 02 Produção\01 Controle de Produção\01 - Projeto Cadastro\02 - B.O.M\02. CATEGORIA ABS\36 - PP ARO JANELA PVC 2º VAO LE ESJ C-CLASS.xlsx
2026-06-22 13:23:54,902 INFO Importado B.O.M. C:\Users\PRODUCAO-2.0\J I MONTADORA DE VEICULOS ESPECIAIS LTDA\JI Montadora - 02 Produção\01 Controle de Produção\01 - Projeto Cadastro\02 - B.O.M\02. CATEGORIA ABS\37 - PP ARO JANELA PVC 2º VAO LD ESJ C-CLASS.xlsx
2026-06-22 13:23:55,076 INFO Importado B.O.M. C:\Users\PRODUCAO-2.0\J I MONTADORA DE VEICULOS ESPECIAIS LTDA\JI Montadora - 02 Produção\01 Controle de Produção\01 - Projeto Cadastro\02 - B.O.M\02. CATEGORIA ABS\38 - CJ ABS ACABAMENTO ARO JANELAS ESJ C. CORTINA VELUDO PRETA.xlsx
2026-06-22 13:23:55,222 INFO Importado B.O.M. C:\Users\PRODUCAO-2.0\J I MONTADORA DE VEICULOS ESPECIAIS LTDA\JI Montadora - 02 Produção\01 Controle de Produção\01 - Projeto Cadastro\02 - B.O.M\02. CATEGORIA ABS\39 - PP ABS PC C. MOLDURA CORTINA PVC ESJ C-CLASS TB LATERAL MOTORISTA LE 1º2º VAO.xlsx
2026-06-22 13:23:55,375 INFO Importado B.O.M. C:\Users\PRODUCAO-2.0\J I MONTADORA DE VEICULOS ESPECIAIS LTDA\JI Montadora - 02 Produção\01 Controle de Produção\01 - Projeto Cadastro\02 - B.O.M\02. CATEGORIA ABS\40 - PP ABS PC C. MOLDURA CORTINA PVC ESJ C-CLASS TB LATERAL PASSAGEIRO LD 2º VAO.xlsx
2026-06-22 13:23:55,534 INFO Importado B.O.M. C:\Users\PRODUCAO-2.0\J I MONTADORA DE VEICULOS ESPECIAIS LTDA\JI Montadora - 02 Produção\01 Controle de Produção\01 - Projeto Cadastro\02 - B.O.M\02. CATEGORIA ABS\41 - PP ABS PC C. MOLDURA CORTINA PVC ESJ C-CLASS TB LATERAL MOTORISTA LE 1º2º VAO CINZA RAL 7021 PU - TI.01.J04.xlsx
2026-06-22 13:23:55,726 INFO Importado B.O.M. C:\Users\PRODUCAO-2.0\J I MONTADORA DE VEICULOS ESPECIAIS LTDA\JI Montadora - 02 Produção\01 Controle de Produção\01 - Projeto Cadastro\02 - B.O.M\02. CATEGORIA ABS\42 - PP ABS PC C. MOL COR ESJ C-CLAS LAT LD 2º CINZA RAL 7021 PU - TI.01.J04.xlsx
2026-06-22 13:23:55,912 INFO Importado B.O.M. C:\Users\PRODUCAO-2.0\J I MONTADORA DE VEICULOS ESPECIAIS LTDA\JI Montadora - 02 Produção\01 Controle de Produção\01 - Projeto Cadastro\02 - B.O.M\02. CATEGORIA ABS\43 - PP ABS ESJ ACAB INF PL LD CINZA RAL 7021 PU - TI.01.J04.xlsx
2026-06-22 13:23:56,088 INFO Importado B.O.M. C:\Users\PRODUCAO-2.0\J I MONTADORA DE VEICULOS ESPECIAIS LTDA\JI Montadora - 02 Produção\01 Controle de Produção\01 - Projeto Cadastro\02 - B.O.M\02. CATEGORIA ABS\44 - PP ABS ESJ ACAB INF PT LE CINZA RAL 7021 PU - TI.01.J04.xlsx
2026-06-22 13:23:56,283 INFO Importado B.O.M. C:\Users\PRODUCAO-2.0\J I MONTADORA DE VEICULOS ESPECIAIS LTDA\JI Montadora - 02 Produção\01 Controle de Produção\01 - Projeto Cadastro\02 - B.O.M\02. CATEGORIA ABS\45 - PP ABS ESJ ACAB INF PT LD CINZA RAL 7021 PU - TI.01.J04.xlsx
2026-06-22 13:23:56,473 INFO Importado B.O.M. C:\Users\PRODUCAO-2.0\J I MONTADORA DE VEICULOS ESPECIAIS LTDA\JI Montadora - 02 Produção\01 Controle de Produção\01 - Projeto Cadastro\02 - B.O.M\02. CATEGORIA ABS\46 - PP ABS ESJ ACAB ARO PL LD CINZA RAL 7021 PU - TI.01.J04.xlsx
2026-06-22 13:23:56,640 INFO Importado B.O.M. C:\Users\PRODUCAO-2.0\J I MONTADORA DE VEICULOS ESPECIAIS LTDA\JI Montadora - 02 Produção\01 Controle de Produção\01 - Projeto Cadastro\02 - B.O.M\02. CATEGORIA ABS\47 - PP ABS ESJ ACAB ARO PT LE CINZA RAL 7021 PU - TI.01.J04.xlsx
2026-06-22 13:23:56,789 INFO Importado B.O.M. C:\Users\PRODUCAO-2.0\J I MONTADORA DE VEICULOS ESPECIAIS LTDA\JI Montadora - 02 Produção\01 Controle de Produção\01 - Projeto Cadastro\02 - B.O.M\02. CATEGORIA ABS\48 - PP ABS ESJ ACAB ARO PT LD CINZA RAL 7021 PU - TI.01.J04.xlsx
2026-06-22 13:23:56,881 INFO Importado B.O.M. C:\Users\PRODUCAO-2.0\J I MONTADORA DE VEICULOS ESPECIAIS LTDA\JI Montadora - 02 Produção\01 Controle de Produção\01 - Projeto Cadastro\02 - B.O.M\02. CATEGORIA ABS\49 - PP ABS ESJ ACAB COLUNA CINTO SEGURANCA LD CINZA RAL 7021 PU - TI.01.J04.xlsx
2026-06-22 13:23:56,965 INFO Importado B.O.M. C:\Users\PRODUCAO-2.0\J I MONTADORA DE VEICULOS ESPECIAIS LTDA\JI Montadora - 02 Produção\01 Controle de Produção\01 - Projeto Cadastro\02 - B.O.M\02. CATEGORIA ABS\50 - CJ REVES ESJ CINZA RAL C. MOLD. P. CORTINAS EMBUT E TETO C. VELUDO PRETO.xlsx
2026-06-22 13:23:57,055 INFO Importado B.O.M. C:\Users\PRODUCAO-2.0\J I MONTADORA DE VEICULOS ESPECIAIS LTDA\JI Montadora - 02 Produção\01 Controle de Produção\01 - Projeto Cadastro\02 - B.O.M\02. CATEGORIA ABS\51 - CJ ABS ACAB ARO JANELAS ESJ CINZA RAL 7021 PU - TI.01.J04 C. CORT VEL PRE.xlsx
2026-06-22 13:23:57,143 INFO Importado B.O.M. C:\Users\PRODUCAO-2.0\J I MONTADORA DE VEICULOS ESPECIAIS LTDA\JI Montadora - 02 Produção\01 Controle de Produção\01 - Projeto Cadastro\02 - B.O.M\02. CATEGORIA ABS\52 - CJ ABS ACAB ARO JAN ESJ CINZA RAL 7021 PU - TI.01.J04.xlsx
2026-06-22 13:23:57,326 INFO Importado B.O.M. C:\Users\PRODUCAO-2.0\J I MONTADORA DE VEICULOS ESPECIAIS LTDA\JI Montadora - 02 Produção\01 Controle de Produção\01 - Projeto Cadastro\02 - B.O.M\03. CATEGORIA ISOLAMENTO\01 - CJ ISOLAMENTO TERMICO P. MASTER L3H2 C. MANTA AUTOADESIVA ALUMINIZADA.xlsx
2026-06-22 13:23:57,487 INFO Importado B.O.M. C:\Users\PRODUCAO-2.0\J I MONTADORA DE VEICULOS ESPECIAIS LTDA\JI Montadora - 02 Produção\01 Controle de Produção\01 - Projeto Cadastro\02 - B.O.M\03. CATEGORIA ISOLAMENTO\02 - CJ ISOLAMENTO TERMICO P E-S-J TB C MANTA AUTOADESIVA ALUMINIZADA.xlsx
2026-06-22 13:23:57,646 INFO Importado B.O.M. C:\Users\PRODUCAO-2.0\J I MONTADORA DE VEICULOS ESPECIAIS LTDA\JI Montadora - 02 Produção\01 Controle de Produção\01 - Projeto Cadastro\02 - B.O.M\03. CATEGORIA ISOLAMENTO\03 - CJ ISOLAMENTO TERMICO P E-S-J TA C MANTA AUTOADESIVA ALUMINIZADA.xlsx
2026-06-22 13:23:57,795 INFO Importado B.O.M. C:\Users\PRODUCAO-2.0\J I MONTADORA DE VEICULOS ESPECIAIS LTDA\JI Montadora - 02 Produção\01 Controle de Produção\01 - Projeto Cadastro\02 - B.O.M\03. CATEGORIA ISOLAMENTO\04 - CJ ISOLAMENTO TERMICO P MASTER L2H2 C MANTA AUTOADESIVA ALUMINIZADA.xlsx
2026-06-22 13:23:57,992 INFO Importado B.O.M. C:\Users\PRODUCAO-2.0\J I MONTADORA DE VEICULOS ESPECIAIS LTDA\JI Montadora - 02 Produção\01 Controle de Produção\01 - Projeto Cadastro\02 - B.O.M\03. CATEGORIA ISOLAMENTO\05 - CJ ISOLAMENTO TERMICO P SPRINTER 417 10 M C MANTA AUTOADESIVA ALUMINIZADA.xlsx
2026-06-22 13:23:58,175 INFO Importado B.O.M. C:\Users\PRODUCAO-2.0\J I MONTADORA DE VEICULOS ESPECIAIS LTDA\JI Montadora - 02 Produção\01 Controle de Produção\01 - Projeto Cadastro\02 - B.O.M\03. CATEGORIA ISOLAMENTO\06 - CJ ISOLAMENTO TERMICO P SPRINTER 417 14 M C MANTA AUTOADESIVA ALUMINIZADA.xlsx
2026-06-22 13:23:58,330 INFO Importado B.O.M. C:\Users\PRODUCAO-2.0\J I MONTADORA DE VEICULOS ESPECIAIS LTDA\JI Montadora - 02 Produção\01 Controle de Produção\01 - Projeto Cadastro\02 - B.O.M\03. CATEGORIA ISOLAMENTO\07 - CJ ISOLAMENTO TERMICO P SPRINTER 517 15 M C MANTA AUTOADESIVA ALUMINIZADA.xlsx
2026-06-22 13:23:58,467 INFO Importado B.O.M. C:\Users\PRODUCAO-2.0\J I MONTADORA DE VEICULOS ESPECIAIS LTDA\JI Montadora - 02 Produção\01 Controle de Produção\01 - Projeto Cadastro\02 - B.O.M\03. CATEGORIA ISOLAMENTO\08 - CJ ISOLAMENTO TERMICO P B-J-D C MANTA AUTOADESIVA ALUMINIZADA.xlsx
2026-06-22 13:23:58,623 INFO Importado B.O.M. C:\Users\PRODUCAO-2.0\J I MONTADORA DE VEICULOS ESPECIAIS LTDA\JI Montadora - 02 Produção\01 Controle de Produção\01 - Projeto Cadastro\02 - B.O.M\03. CATEGORIA ISOLAMENTO\09 - CJ ISOLAMENTO TERMICO P TRANSIT L3H3 C MANTA AUTOADESIVA.xlsx
2026-06-22 13:23:58,773 INFO Importado B.O.M. C:\Users\PRODUCAO-2.0\J I MONTADORA DE VEICULOS ESPECIAIS LTDA\JI Montadora - 02 Produção\01 Controle de Produção\01 - Projeto Cadastro\02 - B.O.M\03. CATEGORIA ISOLAMENTO\10 - CJ ISOLAMENTO TERMICO P TRANSIT L4H3 C MANTA AUTOADESIVA.xlsx
2026-06-22 13:23:58,857 INFO Importado B.O.M. C:\Users\PRODUCAO-2.0\J I MONTADORA DE VEICULOS ESPECIAIS LTDA\JI Montadora - 02 Produção\01 Controle de Produção\01 - Projeto Cadastro\02 - B.O.M\04. CATEGORIA PISO\01 - CJ PISO CN 12 MM MASTER L3H2 LG BRIGHT GRAFITE 92402 - UNIVERSAL - R00.xlsx
2026-06-22 13:23:59,053 INFO Importado B.O.M. C:\Users\PRODUCAO-2.0\J I MONTADORA DE VEICULOS ESPECIAIS LTDA\JI Montadora - 02 Produção\01 Controle de Produção\01 - Projeto Cadastro\02 - B.O.M\04. CATEGORIA PISO\01.1 - PP PISO CN 12 MM MASTER L3H2 - UNIVERSAL - R00.xlsx
2026-06-22 13:23:59,212 INFO Importado B.O.M. C:\Users\PRODUCAO-2.0\J I MONTADORA DE VEICULOS ESPECIAIS LTDA\JI Montadora - 02 Produção\01 Controle de Produção\01 - Projeto Cadastro\02 - B.O.M\04. CATEGORIA PISO\02 - CJ CANTONEIRA PVC PRETA PORTAS LATERAL E TRASEIRA RENAULT MASTER L2H2-L3H2.xlsx
2026-06-22 13:23:59,290 INFO Importado B.O.M. C:\Users\PRODUCAO-2.0\J I MONTADORA DE VEICULOS ESPECIAIS LTDA\JI Montadora - 02 Produção\01 Controle de Produção\01 - Projeto Cadastro\02 - B.O.M\04. CATEGORIA PISO\02.1 - PP CANTONEIRA PVC PRETA PORTA LATERAL CORREDICA RENAULT MASTER L2H2-L3H2.xlsx
2026-06-22 13:23:59,445 INFO Importado B.O.M. C:\Users\PRODUCAO-2.0\J I MONTADORA DE VEICULOS ESPECIAIS LTDA\JI Montadora - 02 Produção\01 Controle de Produção\01 - Projeto Cadastro\02 - B.O.M\04. CATEGORIA PISO\02.2 - PP CANTONEIRA PVC PRETA PORTA TRASEIRA RENAULT MASTER L2H2-L3H2.xlsx
2026-06-22 13:23:59,515 INFO Importado B.O.M. C:\Users\PRODUCAO-2.0\J I MONTADORA DE VEICULOS ESPECIAIS LTDA\JI Montadora - 02 Produção\01 Controle de Produção\01 - Projeto Cadastro\02 - B.O.M\04. CATEGORIA PISO\03 - CJ PISO CN 12 MM MASTER L2H2 LG BRIGHT GRAFITE 92402 - UNIVERSAL - R00.xlsx
2026-06-22 13:23:59,702 INFO Importado B.O.M. C:\Users\PRODUCAO-2.0\J I MONTADORA DE VEICULOS ESPECIAIS LTDA\JI Montadora - 02 Produção\01 Controle de Produção\01 - Projeto Cadastro\02 - B.O.M\04. CATEGORIA PISO\03.1 - PP PISO CN 12 MM MASTER L2H2 - UNIVERSAL - R00 - 311-20.01-02.01-0001.xlsx
2026-06-22 13:23:59,793 INFO Importado B.O.M. C:\Users\PRODUCAO-2.0\J I MONTADORA DE VEICULOS ESPECIAIS LTDA\JI Montadora - 02 Produção\01 Controle de Produção\01 - Projeto Cadastro\02 - B.O.M\04. CATEGORIA PISO\04 - CJ ACABAMENTO TUBULAÇÃO AC RENAULT MASTER L3H2 VITRE LG BRIGHT GRAFITE 92402.xlsx
2026-06-22 13:23:59,887 INFO Importado B.O.M. C:\Users\PRODUCAO-2.0\J I MONTADORA DE VEICULOS ESPECIAIS LTDA\JI Montadora - 02 Produção\01 Controle de Produção\01 - Projeto Cadastro\02 - B.O.M\04. CATEGORIA PISO\04.1 - PP CAIXA COMPENSADO NAVAL P ACABAMENTO TUBULAÇÃO AC RENAULT MASTER.xlsx
2026-06-22 13:24:00,042 INFO Importado B.O.M. C:\Users\PRODUCAO-2.0\J I MONTADORA DE VEICULOS ESPECIAIS LTDA\JI Montadora - 02 Produção\01 Controle de Produção\01 - Projeto Cadastro\02 - B.O.M\04. CATEGORIA PISO\05 - CJ ACABAMENTO TUBULAÇÃO AC RENAULT MASTER L3H2 VITRE PASSADEIRA AMADEIRADA TARKETT.xlsx
2026-06-22 13:24:00,218 INFO Importado B.O.M. C:\Users\PRODUCAO-2.0\J I MONTADORA DE VEICULOS ESPECIAIS LTDA\JI Montadora - 02 Produção\01 Controle de Produção\01 - Projeto Cadastro\02 - B.O.M\04. CATEGORIA PISO\05.1 - PP CAIXA COMPENSADO NAVAL P ACAB TUBU AC REN MAS L3H2 VITRE.xlsx
2026-06-22 13:24:00,294 INFO Importado B.O.M. C:\Users\PRODUCAO-2.0\J I MONTADORA DE VEICULOS ESPECIAIS LTDA\JI Montadora - 02 Produção\01 Controle de Produção\01 - Projeto Cadastro\02 - B.O.M\04. CATEGORIA PISO\06 - CJ CANTONEIRA PVC PRETA PORTA TRASEIRA SPRINTER.xlsx
2026-06-22 13:24:00,480 INFO Importado B.O.M. C:\Users\PRODUCAO-2.0\J I MONTADORA DE VEICULOS ESPECIAIS LTDA\JI Montadora - 02 Produção\01 Controle de Produção\01 - Projeto Cadastro\02 - B.O.M\04. CATEGORIA PISO\06.1 - PP CANTONEIRA PVC PRETA PORTA TRASEIRA SPRINTER.xlsx
2026-06-22 13:24:00,560 INFO Importado B.O.M. C:\Users\PRODUCAO-2.0\J I MONTADORA DE VEICULOS ESPECIAIS LTDA\JI Montadora - 02 Produção\01 Controle de Produção\01 - Projeto Cadastro\02 - B.O.M\04. CATEGORIA PISO\07 - CJ CANTONEIRA PVC PRETA PORTAS (LATERAL E TRASEIRA) B-J-D.xlsx
2026-06-22 13:24:00,733 INFO Importado B.O.M. C:\Users\PRODUCAO-2.0\J I MONTADORA DE VEICULOS ESPECIAIS LTDA\JI Montadora - 02 Produção\01 Controle de Produção\01 - Projeto Cadastro\02 - B.O.M\04. CATEGORIA PISO\07.2 - PP CANTONEIRA PVC PRETA PORTA LATERAL CORREDICA B-J-D.xlsx
2026-06-22 13:24:00,808 INFO Importado B.O.M. C:\Users\PRODUCAO-2.0\J I MONTADORA DE VEICULOS ESPECIAIS LTDA\JI Montadora - 02 Produção\01 Controle de Produção\01 - Projeto Cadastro\02 - B.O.M\04. CATEGORIA PISO\07.3 - PP CANTONEIRA PVC PRETA PORTA TRASEIRA RENAULT B-J-D.xlsx
2026-06-22 13:24:00,886 INFO Importado B.O.M. C:\Users\PRODUCAO-2.0\J I MONTADORA DE VEICULOS ESPECIAIS LTDA\JI Montadora - 02 Produção\01 Controle de Produção\01 - Projeto Cadastro\02 - B.O.M\04. CATEGORIA PISO\08 - CJ ASSOALHO DEGRAU ENTRADA COMPENSADO NAVAL 12 MM LG BRIGHT GRAFITE 92402.xlsx
2026-06-22 13:24:00,958 INFO Importado B.O.M. C:\Users\PRODUCAO-2.0\J I MONTADORA DE VEICULOS ESPECIAIS LTDA\JI Montadora - 02 Produção\01 Controle de Produção\01 - Projeto Cadastro\02 - B.O.M\04. CATEGORIA PISO\08.1 - PP ASSOALHO DEGRAU ENTRADA TRANSIT COMPENSADO NAVAL 12 MM.xlsx
2026-06-22 13:24:01,091 INFO Importado B.O.M. C:\Users\PRODUCAO-2.0\J I MONTADORA DE VEICULOS ESPECIAIS LTDA\JI Montadora - 02 Produção\01 Controle de Produção\01 - Projeto Cadastro\02 - B.O.M\04. CATEGORIA PISO\09 - CJ ASSOALHO DEGRAU ENTRADA TRANSIT COMPENSADO NAVAL 12 MM PASSADEIRA AMADEIRADA.xlsx
2026-06-22 13:24:01,162 INFO Importado B.O.M. C:\Users\PRODUCAO-2.0\J I MONTADORA DE VEICULOS ESPECIAIS LTDA\JI Montadora - 02 Produção\01 Controle de Produção\01 - Projeto Cadastro\02 - B.O.M\04. CATEGORIA PISO\10 - CJ PISO CN 12 MM MASTER L2H2 PASSADEIRA AMADEIRADA TARKETT DB-UNIVERSAL- R00.xlsx
2026-06-22 13:24:01,331 INFO Importado B.O.M. C:\Users\PRODUCAO-2.0\J I MONTADORA DE VEICULOS ESPECIAIS LTDA\JI Montadora - 02 Produção\01 Controle de Produção\01 - Projeto Cadastro\02 - B.O.M\04. CATEGORIA PISO\11 - CJ PISO CN 12 MM MASTER L3H2 PASSADEIRA AMADEIRADA TARKETT DARK BROWN - UNIVERSAL.xlsx
2026-06-22 13:24:01,420 INFO Importado B.O.M. C:\Users\PRODUCAO-2.0\J I MONTADORA DE VEICULOS ESPECIAIS LTDA\JI Montadora - 02 Produção\01 Controle de Produção\01 - Projeto Cadastro\02 - B.O.M\04. CATEGORIA PISO\12 - CJ PISO CN 12 MM SPRINTER 417 10,5 FG LG BRIGHTGRAFITE92402-UNIVERSAL-R00.xlsx
2026-06-22 13:24:01,516 INFO Importado B.O.M. C:\Users\PRODUCAO-2.0\J I MONTADORA DE VEICULOS ESPECIAIS LTDA\JI Montadora - 02 Produção\01 Controle de Produção\01 - Projeto Cadastro\02 - B.O.M\04. CATEGORIA PISO\12.1 - PP PISO CN 12 MM SPRINTER 417 10,5 FG - UNIVERSAL - R00.xlsx
2026-06-22 13:24:01,620 INFO Importado B.O.M. C:\Users\PRODUCAO-2.0\J I MONTADORA DE VEICULOS ESPECIAIS LTDA\JI Montadora - 02 Produção\01 Controle de Produção\01 - Projeto Cadastro\02 - B.O.M\04. CATEGORIA PISO\13 - CJ PISO CN 12 MM SPRINTER 417 10,5 VITRE LG BRIGHT GRAFITE 92402-UNIVERSAL-R00.xlsx
2026-06-22 13:24:01,803 INFO Importado B.O.M. C:\Users\PRODUCAO-2.0\J I MONTADORA DE VEICULOS ESPECIAIS LTDA\JI Montadora - 02 Produção\01 Controle de Produção\01 - Projeto Cadastro\02 - B.O.M\04. CATEGORIA PISO\13.1 - PP PISO CN 12 MM SPRINTER 417 10,5 VITRE - UNIVERSAL - R00.xlsx
2026-06-22 13:24:01,915 INFO Importado B.O.M. C:\Users\PRODUCAO-2.0\J I MONTADORA DE VEICULOS ESPECIAIS LTDA\JI Montadora - 02 Produção\01 Controle de Produção\01 - Projeto Cadastro\02 - B.O.M\04. CATEGORIA PISO\14 - CJ PISO CN 12 MM SPRINTER 417 10,5 PASSADEIRA AMADEIRADATARKETTDARKBROWN.xlsx
2026-06-22 13:24:02,007 INFO Importado B.O.M. C:\Users\PRODUCAO-2.0\J I MONTADORA DE VEICULOS ESPECIAIS LTDA\JI Montadora - 02 Produção\01 Controle de Produção\01 - Projeto Cadastro\02 - B.O.M\04. CATEGORIA PISO\15 - CJ PISO CN 12 MM SPRINTER 417 10,5 VITRE PASSADEIRA AMADEIRADA TARKETT DARK BROWN.xlsx
2026-06-22 13:24:02,106 INFO Importado B.O.M. C:\Users\PRODUCAO-2.0\J I MONTADORA DE VEICULOS ESPECIAIS LTDA\JI Montadora - 02 Produção\01 Controle de Produção\01 - Projeto Cadastro\02 - B.O.M\04. CATEGORIA PISO\16 - CJ PISO CN 12 MM SPRINTER 417 14 FG LG BRIGHT GRAFITE 92402 - UNIVERSAL - R00.xlsx
2026-06-22 13:24:02,284 INFO Importado B.O.M. C:\Users\PRODUCAO-2.0\J I MONTADORA DE VEICULOS ESPECIAIS LTDA\JI Montadora - 02 Produção\01 Controle de Produção\01 - Projeto Cadastro\02 - B.O.M\04. CATEGORIA PISO\16.1 - PP PISO CN 12 MM SPRINTER 417 14 FG - UNIVERSAL - R00.xlsx
2026-06-22 13:24:02,447 INFO Importado B.O.M. C:\Users\PRODUCAO-2.0\J I MONTADORA DE VEICULOS ESPECIAIS LTDA\JI Montadora - 02 Produção\01 Controle de Produção\01 - Projeto Cadastro\02 - B.O.M\04. CATEGORIA PISO\17 - CJ PISO CN 12 MM SPRINTER 417 14 VITRE LG BRIGHT GRAFITE 92402 - UNIV - R00.xlsx
2026-06-22 13:24:02,648 INFO Importado B.O.M. C:\Users\PRODUCAO-2.0\J I MONTADORA DE VEICULOS ESPECIAIS LTDA\JI Montadora - 02 Produção\01 Controle de Produção\01 - Projeto Cadastro\02 - B.O.M\04. CATEGORIA PISO\17.1 - PP PISO CN 12 MM SPRINTER 417 14 VITRE - UNIVERSAL - R00.xlsx
2026-06-22 13:24:02,879 INFO Importado B.O.M. C:\Users\PRODUCAO-2.0\J I MONTADORA DE VEICULOS ESPECIAIS LTDA\JI Montadora - 02 Produção\01 Controle de Produção\01 - Projeto Cadastro\02 - B.O.M\04. CATEGORIA PISO\18 - CJ PISO CN 12 MM SPRINTER 417 14 FG PASSADEIRA AMADEIRADA TARKETT DARK.xlsx
2026-06-22 13:24:02,980 INFO Importado B.O.M. C:\Users\PRODUCAO-2.0\J I MONTADORA DE VEICULOS ESPECIAIS LTDA\JI Montadora - 02 Produção\01 Controle de Produção\01 - Projeto Cadastro\02 - B.O.M\04. CATEGORIA PISO\19 - CJ PISO CN 12 MM SPRINTER 417 14 VITRE PASSADEIRA AMADEIRADA TARKETT DARK.xlsx
2026-06-22 13:24:03,078 INFO Importado B.O.M. C:\Users\PRODUCAO-2.0\J I MONTADORA DE VEICULOS ESPECIAIS LTDA\JI Montadora - 02 Produção\01 Controle de Produção\01 - Projeto Cadastro\02 - B.O.M\04. CATEGORIA PISO\20 - CJ PISO CN 12 MM SPRINTER 517 14 FG LG BRIGHT GRAFITE 92402 - UNIVERSAL - R00.xlsx
2026-06-22 13:24:03,255 INFO Importado B.O.M. C:\Users\PRODUCAO-2.0\J I MONTADORA DE VEICULOS ESPECIAIS LTDA\JI Montadora - 02 Produção\01 Controle de Produção\01 - Projeto Cadastro\02 - B.O.M\04. CATEGORIA PISO\20.1 - PP PISO CN 12 MM SPRINTER 517 14 FG - UNIVERSAL - R00.xlsx
2026-06-22 13:24:03,360 INFO Importado B.O.M. C:\Users\PRODUCAO-2.0\J I MONTADORA DE VEICULOS ESPECIAIS LTDA\JI Montadora - 02 Produção\01 Controle de Produção\01 - Projeto Cadastro\02 - B.O.M\04. CATEGORIA PISO\21 - CJ PISO CN 12 MM SPRINTER 517 14 VITRE LG BRIGHT GRAFITE 92402 - UNIV - R00.xlsx
2026-06-22 13:24:03,554 INFO Importado B.O.M. C:\Users\PRODUCAO-2.0\J I MONTADORA DE VEICULOS ESPECIAIS LTDA\JI Montadora - 02 Produção\01 Controle de Produção\01 - Projeto Cadastro\02 - B.O.M\04. CATEGORIA PISO\21.1 - PP PISO CN 12 MM SPRINTER 517 14 VITRE - UNIVERSAL - R00.xlsx
2026-06-22 13:24:03,660 INFO Importado B.O.M. C:\Users\PRODUCAO-2.0\J I MONTADORA DE VEICULOS ESPECIAIS LTDA\JI Montadora - 02 Produção\01 Controle de Produção\01 - Projeto Cadastro\02 - B.O.M\04. CATEGORIA PISO\22 - CJ PISO CN 12 MM SPRINTER 517 14 FG PASSADEIRA AMADEIRADA TAR DARK-UNIVER00.xlsx
2026-06-22 13:24:03,759 INFO Importado B.O.M. C:\Users\PRODUCAO-2.0\J I MONTADORA DE VEICULOS ESPECIAIS LTDA\JI Montadora - 02 Produção\01 Controle de Produção\01 - Projeto Cadastro\02 - B.O.M\04. CATEGORIA PISO\23 - CJ PISO CN 12 MM SPRINTER 517 14 VITRE PASSADEIRA AMADEIRADA TARDARK-UNIVER00.xlsx
2026-06-22 13:24:03,860 INFO Importado B.O.M. C:\Users\PRODUCAO-2.0\J I MONTADORA DE VEICULOS ESPECIAIS LTDA\JI Montadora - 02 Produção\01 Controle de Produção\01 - Projeto Cadastro\02 - B.O.M\04. CATEGORIA PISO\24 - CJ PISO CN 12 MM SPRINTER 517 15 FG LG BRIGHT GRAFITE 92402 - UNIVERSAL - R00.xlsx
2026-06-22 13:24:03,956 INFO Importado B.O.M. C:\Users\PRODUCAO-2.0\J I MONTADORA DE VEICULOS ESPECIAIS LTDA\JI Montadora - 02 Produção\01 Controle de Produção\01 - Projeto Cadastro\02 - B.O.M\04. CATEGORIA PISO\24.1 - PP PISO CN 12 MM SPRINTER 517 15 FG - UNIVERSAL - R00.xlsx
2026-06-22 13:24:04,055 INFO Importado B.O.M. C:\Users\PRODUCAO-2.0\J I MONTADORA DE VEICULOS ESPECIAIS LTDA\JI Montadora - 02 Produção\01 Controle de Produção\01 - Projeto Cadastro\02 - B.O.M\04. CATEGORIA PISO\25 - CJ PISO CN 12 MM SPRINTER 517 15 VITRE LG BRIGHT GRAFITE 92402 - UNIVE-R00.xlsx
2026-06-22 13:24:04,268 INFO Importado B.O.M. C:\Users\PRODUCAO-2.0\J I MONTADORA DE VEICULOS ESPECIAIS LTDA\JI Montadora - 02 Produção\01 Controle de Produção\01 - Projeto Cadastro\02 - B.O.M\04. CATEGORIA PISO\25.1 - PP PISO CN 12 MM SPRINTER 517 15 VITRE - UNIVERSAL - R00.xlsx
2026-06-22 13:24:04,375 INFO Importado B.O.M. C:\Users\PRODUCAO-2.0\J I MONTADORA DE VEICULOS ESPECIAIS LTDA\JI Montadora - 02 Produção\01 Controle de Produção\01 - Projeto Cadastro\02 - B.O.M\04. CATEGORIA PISO\26 - CJ PISO CN 12 MM SPRINTER 517 15 FG AMA TARKETT DARK BROWN - UNIVERSAL - R00.xlsx
2026-06-22 13:24:04,466 INFO Importado B.O.M. C:\Users\PRODUCAO-2.0\J I MONTADORA DE VEICULOS ESPECIAIS LTDA\JI Montadora - 02 Produção\01 Controle de Produção\01 - Projeto Cadastro\02 - B.O.M\04. CATEGORIA PISO\27 - CJ PISO CN 12 MM SPRINTER 517 15 VITRE AMA TARKETT DA BR - UNIVERSAL - R00.xlsx
2026-06-22 13:24:04,569 INFO Importado B.O.M. C:\Users\PRODUCAO-2.0\J I MONTADORA DE VEICULOS ESPECIAIS LTDA\JI Montadora - 02 Produção\01 Controle de Produção\01 - Projeto Cadastro\02 - B.O.M\04. CATEGORIA PISO\28 - CJ PISO CN 12 MM E-S-J TB LG BRIGHT GRAFITE 92402 - UNIVERSAL - R00.xlsx
2026-06-22 13:24:04,792 INFO Importado B.O.M. C:\Users\PRODUCAO-2.0\J I MONTADORA DE VEICULOS ESPECIAIS LTDA\JI Montadora - 02 Produção\01 Controle de Produção\01 - Projeto Cadastro\02 - B.O.M\04. CATEGORIA PISO\28.1 - PP PISO CN 12 MM E-S-J TB - UNIVERSAL - R00.xlsx
2026-06-22 13:24:04,887 INFO Importado B.O.M. C:\Users\PRODUCAO-2.0\J I MONTADORA DE VEICULOS ESPECIAIS LTDA\JI Montadora - 02 Produção\01 Controle de Produção\01 - Projeto Cadastro\02 - B.O.M\04. CATEGORIA PISO\29 - CJ PISO CN 12 MM E-S-J TA LG BRIGHT GRAFITE 92402 - UNIVERSAL - R00.xlsx
2026-06-22 13:24:05,081 INFO Importado B.O.M. C:\Users\PRODUCAO-2.0\J I MONTADORA DE VEICULOS ESPECIAIS LTDA\JI Montadora - 02 Produção\01 Controle de Produção\01 - Projeto Cadastro\02 - B.O.M\04. CATEGORIA PISO\29.1 - PP PISO CN 12 MM E-S-J TA - UNIVERSAL - R00.xlsx
2026-06-22 13:24:05,169 INFO Importado B.O.M. C:\Users\PRODUCAO-2.0\J I MONTADORA DE VEICULOS ESPECIAIS LTDA\JI Montadora - 02 Produção\01 Controle de Produção\01 - Projeto Cadastro\02 - B.O.M\04. CATEGORIA PISO\30 - CJ PISO CN 12 MM E-S-J TB AMADEIRADA TARKETT DARK BROWN - UNIVERSAL - R00.xlsx
2026-06-22 13:24:05,331 INFO Importado B.O.M. C:\Users\PRODUCAO-2.0\J I MONTADORA DE VEICULOS ESPECIAIS LTDA\JI Montadora - 02 Produção\01 Controle de Produção\01 - Projeto Cadastro\02 - B.O.M\04. CATEGORIA PISO\31 - CJ PISO CN 12 MM E-S-J TA PASSADEIRA AMADEIRADA TARKETT DARK BROWN - UNIVERSAL.xlsx
2026-06-22 13:24:05,420 INFO Importado B.O.M. C:\Users\PRODUCAO-2.0\J I MONTADORA DE VEICULOS ESPECIAIS LTDA\JI Montadora - 02 Produção\01 Controle de Produção\01 - Projeto Cadastro\02 - B.O.M\04. CATEGORIA PISO\32 - CJ PISO CN 12 MM B-J-D FG LG BRIGHT GRAFITE 92402 - UNIVERSAL - R00.xlsx
2026-06-22 13:24:05,589 INFO Importado B.O.M. C:\Users\PRODUCAO-2.0\J I MONTADORA DE VEICULOS ESPECIAIS LTDA\JI Montadora - 02 Produção\01 Controle de Produção\01 - Projeto Cadastro\02 - B.O.M\04. CATEGORIA PISO\32.1 - PP PISO CN 12 MM B-J-D FG - UNIVERSAL - R00.xlsx
2026-06-22 13:24:05,670 INFO Importado B.O.M. C:\Users\PRODUCAO-2.0\J I MONTADORA DE VEICULOS ESPECIAIS LTDA\JI Montadora - 02 Produção\01 Controle de Produção\01 - Projeto Cadastro\02 - B.O.M\04. CATEGORIA PISO\33 - CJ PISO CN 12 MM B-J-D VITRE LG BRIGHT GRAFITE 92402 - UNIVERSAL - R00.xlsx
2026-06-22 13:24:05,810 INFO Importado B.O.M. C:\Users\PRODUCAO-2.0\J I MONTADORA DE VEICULOS ESPECIAIS LTDA\JI Montadora - 02 Produção\01 Controle de Produção\01 - Projeto Cadastro\02 - B.O.M\04. CATEGORIA PISO\33.1 - PP PISO CN 12 MM B-J-D VITRE - UNIVERSAL - R00.xlsx
2026-06-22 13:24:05,880 INFO Importado B.O.M. C:\Users\PRODUCAO-2.0\J I MONTADORA DE VEICULOS ESPECIAIS LTDA\JI Montadora - 02 Produção\01 Controle de Produção\01 - Projeto Cadastro\02 - B.O.M\04. CATEGORIA PISO\34 - CJ PISO CN 12 MM B-J-D FG AMADE TARKETT DARK BROWN - UNIVER00.xlsx
2026-06-22 13:24:06,012 INFO Importado B.O.M. C:\Users\PRODUCAO-2.0\J I MONTADORA DE VEICULOS ESPECIAIS LTDA\JI Montadora - 02 Produção\01 Controle de Produção\01 - Projeto Cadastro\02 - B.O.M\04. CATEGORIA PISO\35 - CJ PISO CN 12 MM B-J-D VITRE PASSADEIRA AMADEIRADA TARKETT DARK BROWN - UNIVERSAL.xlsx
2026-06-22 13:24:06,082 INFO Importado B.O.M. C:\Users\PRODUCAO-2.0\J I MONTADORA DE VEICULOS ESPECIAIS LTDA\JI Montadora - 02 Produção\01 Controle de Produção\01 - Projeto Cadastro\02 - B.O.M\04. CATEGORIA PISO\36 - CJ PISO CN 12 MM TRANSIT L3H2 VITRE LG BRIGHT GRAFITE 92402 - UNIVERSAL.xlsx
2026-06-22 13:24:06,257 INFO Importado B.O.M. C:\Users\PRODUCAO-2.0\J I MONTADORA DE VEICULOS ESPECIAIS LTDA\JI Montadora - 02 Produção\01 Controle de Produção\01 - Projeto Cadastro\02 - B.O.M\04. CATEGORIA PISO\36.1 - PP PISO CN 12 MM TRANSIT L3H2 VITRE - UNIVERSAL - R00.xlsx
2026-06-22 13:24:06,359 INFO Importado B.O.M. C:\Users\PRODUCAO-2.0\J I MONTADORA DE VEICULOS ESPECIAIS LTDA\JI Montadora - 02 Produção\01 Controle de Produção\01 - Projeto Cadastro\02 - B.O.M\04. CATEGORIA PISO\37 - CJ PISO CN 12 MM TRANSIT L3H2 VITRE AMAD TARKETT DARK BROWN - UNIVR00.xlsx
2026-06-22 13:24:06,460 INFO Importado B.O.M. C:\Users\PRODUCAO-2.0\J I MONTADORA DE VEICULOS ESPECIAIS LTDA\JI Montadora - 02 Produção\01 Controle de Produção\01 - Projeto Cadastro\02 - B.O.M\04. CATEGORIA PISO\38 - CJ PISO CN 12 MM TRANSIT L4H3 VITRE LG BRIGHT GRAFITE 92402 - UNIVERSAL - R00.xlsx
2026-06-22 13:24:06,645 INFO Importado B.O.M. C:\Users\PRODUCAO-2.0\J I MONTADORA DE VEICULOS ESPECIAIS LTDA\JI Montadora - 02 Produção\01 Controle de Produção\01 - Projeto Cadastro\02 - B.O.M\04. CATEGORIA PISO\38.1 - PP PISO CN 12 MM TRANSIT L4H3 VITRE - UNIVERSAL - R00.xlsx
2026-06-22 13:24:06,757 INFO Importado B.O.M. C:\Users\PRODUCAO-2.0\J I MONTADORA DE VEICULOS ESPECIAIS LTDA\JI Montadora - 02 Produção\01 Controle de Produção\01 - Projeto Cadastro\02 - B.O.M\04. CATEGORIA PISO\39 - CJ PISO CN 12 MM TRANSIT L4H3 VITRE AMAD TARKETT DARK BROWN - UNIVR00.xlsx
2026-06-22 13:24:06,835 INFO Importado B.O.M. C:\Users\PRODUCAO-2.0\J I MONTADORA DE VEICULOS ESPECIAIS LTDA\JI Montadora - 02 Produção\01 Controle de Produção\01 - Projeto Cadastro\02 - B.O.M\04. CATEGORIA PISO\40 - CJ PISO CN 12 MM TRANSIT L3H3 LG BRIGHT GRAFITE 92402 - UNIVERSAL - R00.xlsx
2026-06-22 13:24:06,919 INFO Importado B.O.M. C:\Users\PRODUCAO-2.0\J I MONTADORA DE VEICULOS ESPECIAIS LTDA\JI Montadora - 02 Produção\01 Controle de Produção\01 - Projeto Cadastro\02 - B.O.M\04. CATEGORIA PISO\40.1 - PP PISO CN 12 MM TRANSIT L3H3 - UNIVERSAL - R00.xlsx
2026-06-22 13:24:07,091 INFO Importado B.O.M. C:\Users\PRODUCAO-2.0\J I MONTADORA DE VEICULOS ESPECIAIS LTDA\JI Montadora - 02 Produção\01 Controle de Produção\01 - Projeto Cadastro\02 - B.O.M\04. CATEGORIA PISO\41 - CJ PISO CN 12 MM TRANSIT L3H3 PASSADEIRA AMADEIRADA TARKETT DARK BROWN - UNIVERSAL.xlsx
2026-06-22 13:24:07,178 INFO Importado B.O.M. C:\Users\PRODUCAO-2.0\J I MONTADORA DE VEICULOS ESPECIAIS LTDA\JI Montadora - 02 Produção\01 Controle de Produção\01 - Projeto Cadastro\02 - B.O.M\04. CATEGORIA PISO\42 - PP NIVELADOR DE PISO.xlsx
2026-06-22 13:24:07,291 INFO Importado B.O.M. C:\Users\PRODUCAO-2.0\J I MONTADORA DE VEICULOS ESPECIAIS LTDA\JI Montadora - 02 Produção\01 Controle de Produção\01 - Projeto Cadastro\02 - B.O.M\04. CATEGORIA PISO\43 - PP ASSOALHO COMPENSADO NAVAL 700X60.xlsx
2026-06-22 13:24:07,369 INFO Importado B.O.M. C:\Users\PRODUCAO-2.0\J I MONTADORA DE VEICULOS ESPECIAIS LTDA\JI Montadora - 02 Produção\01 Controle de Produção\01 - Projeto Cadastro\02 - B.O.M\04. CATEGORIA PISO\44 - PP ASSOALHO COMPENSADO NAVAL 700X100.xlsx
2026-06-22 13:24:07,456 INFO Importado B.O.M. C:\Users\PRODUCAO-2.0\J I MONTADORA DE VEICULOS ESPECIAIS LTDA\JI Montadora - 02 Produção\01 Controle de Produção\01 - Projeto Cadastro\02 - B.O.M\04. CATEGORIA PISO\45 - CJ APOIO LATERAL PISO.xlsx
2026-06-22 13:24:07,637 INFO Importado B.O.M. C:\Users\PRODUCAO-2.0\J I MONTADORA DE VEICULOS ESPECIAIS LTDA\JI Montadora - 02 Produção\01 Controle de Produção\01 - Projeto Cadastro\02 - B.O.M\04. CATEGORIA PISO\46 - PP SOLEIRA PORTA MALA EXPERT LB 11L ESJ.xlsx
2026-06-22 13:24:07,834 INFO Importado B.O.M. C:\Users\PRODUCAO-2.0\J I MONTADORA DE VEICULOS ESPECIAIS LTDA\JI Montadora - 02 Produção\01 Controle de Produção\01 - Projeto Cadastro\02 - B.O.M\04. CATEGORIA PISO\47 - CJ SOLEIRA PORTA MALA EXPERT LB 11L ESJ LG.xlsx
2026-06-22 13:24:08,042 INFO Importado B.O.M. C:\Users\PRODUCAO-2.0\J I MONTADORA DE VEICULOS ESPECIAIS LTDA\JI Montadora - 02 Produção\01 Controle de Produção\01 - Projeto Cadastro\02 - B.O.M\04. CATEGORIA PISO\48 - PP CANTONEIRA PVC PRETA PORTA TRASEIRA ESJ.xlsx
2026-06-22 13:24:08,235 INFO Importado B.O.M. C:\Users\PRODUCAO-2.0\J I MONTADORA DE VEICULOS ESPECIAIS LTDA\JI Montadora - 02 Produção\01 Controle de Produção\01 - Projeto Cadastro\02 - B.O.M\04. CATEGORIA PISO\49 - PP SOLEIRA PORTA MALA EXPERT LB 9L ESJ.xlsx
2026-06-22 13:24:08,428 INFO Importado B.O.M. C:\Users\PRODUCAO-2.0\J I MONTADORA DE VEICULOS ESPECIAIS LTDA\JI Montadora - 02 Produção\01 Controle de Produção\01 - Projeto Cadastro\02 - B.O.M\04. CATEGORIA PISO\50 - CJ SOLEIRA PORTA MALA EXPERT LB 9L ESJ LG.xlsx
2026-06-22 13:24:08,610 INFO Importado B.O.M. C:\Users\PRODUCAO-2.0\J I MONTADORA DE VEICULOS ESPECIAIS LTDA\JI Montadora - 02 Produção\01 Controle de Produção\01 - Projeto Cadastro\02 - B.O.M\04. CATEGORIA PISO\51 - CJ SOLEIRA PORTA MALA EXPERT LB 9L ESJ - AMA.xlsx
2026-06-22 13:24:08,811 INFO Importado B.O.M. C:\Users\PRODUCAO-2.0\J I MONTADORA DE VEICULOS ESPECIAIS LTDA\JI Montadora - 02 Produção\01 Controle de Produção\01 - Projeto Cadastro\02 - B.O.M\04. CATEGORIA PISO\52 - CJ SOLEIRA PORTA MALA EXPERT LB 11L ESJ - AMA.xlsx
2026-06-22 13:24:09,022 INFO Importado B.O.M. C:\Users\PRODUCAO-2.0\J I MONTADORA DE VEICULOS ESPECIAIS LTDA\JI Montadora - 02 Produção\01 Controle de Produção\01 - Projeto Cadastro\02 - B.O.M\04. CATEGORIA PISO\53 - PP SOLEIRA PORTA MALA ESJ LE 8,9 L.xlsx
2026-06-22 13:24:09,223 INFO Importado B.O.M. C:\Users\PRODUCAO-2.0\J I MONTADORA DE VEICULOS ESPECIAIS LTDA\JI Montadora - 02 Produção\01 Controle de Produção\01 - Projeto Cadastro\02 - B.O.M\04. CATEGORIA PISO\54 - PP CANTONEIRA PVC PRETA SOLEIRA PORTA MALA LE ESJ C. LED.xlsx
2026-06-22 13:24:09,428 INFO Importado B.O.M. C:\Users\PRODUCAO-2.0\J I MONTADORA DE VEICULOS ESPECIAIS LTDA\JI Montadora - 02 Produção\01 Controle de Produção\01 - Projeto Cadastro\02 - B.O.M\04. CATEGORIA PISO\55 - CJ SOLEIRA PORTA MALA ESJ LE 8,9 L - AMADEIRADO.xlsx
2026-06-22 13:24:09,637 INFO Importado B.O.M. C:\Users\PRODUCAO-2.0\J I MONTADORA DE VEICULOS ESPECIAIS LTDA\JI Montadora - 02 Produção\01 Controle de Produção\01 - Projeto Cadastro\02 - B.O.M\04. CATEGORIA PISO\56 - CJ SOLEIRA PORTA MALA ESJ LE 8,9 L - LG BRIGHT.xlsx
2026-06-22 13:24:09,836 INFO Importado B.O.M. C:\Users\PRODUCAO-2.0\J I MONTADORA DE VEICULOS ESPECIAIS LTDA\JI Montadora - 02 Produção\01 Controle de Produção\01 - Projeto Cadastro\02 - B.O.M\05. ACESSORIOS\01 - ACESSORIO CJ EXTINTOR COM SUPORTE ABC 4KG.xlsx
2026-06-22 13:24:09,914 INFO Importado B.O.M. C:\Users\PRODUCAO-2.0\J I MONTADORA DE VEICULOS ESPECIAIS LTDA\JI Montadora - 02 Produção\01 Controle de Produção\01 - Projeto Cadastro\02 - B.O.M\05. ACESSORIOS\02 - CJ TRILHO ALUMINIO FIXACAO 417 14 - 4,3,3,2,2-1 DPM FOCA.xlsx
2026-06-22 13:24:10,022 INFO Importado B.O.M. C:\Users\PRODUCAO-2.0\J I MONTADORA DE VEICULOS ESPECIAIS LTDA\JI Montadora - 02 Produção\01 Controle de Produção\01 - Projeto Cadastro\02 - B.O.M\05. ACESSORIOS\03 - PP TRILHO ALUMINIO FIXACAO BANCO  3300 MM.xlsx
2026-06-22 13:24:10,136 INFO Importado B.O.M. C:\Users\PRODUCAO-2.0\J I MONTADORA DE VEICULOS ESPECIAIS LTDA\JI Montadora - 02 Produção\01 Controle de Produção\01 - Projeto Cadastro\02 - B.O.M\05. ACESSORIOS\04 - PP TRILHO ALUMINIO FIXACAO BANCO  3870 MM.xlsx
2026-06-22 13:24:10,261 INFO Importado B.O.M. C:\Users\PRODUCAO-2.0\J I MONTADORA DE VEICULOS ESPECIAIS LTDA\JI Montadora - 02 Produção\01 Controle de Produção\01 - Projeto Cadastro\02 - B.O.M\05. ACESSORIOS\05 - PP TRILHO ALUMINIO FIXACAO BANCO  600 MM.xlsx
2026-06-22 13:24:10,339 INFO Importado B.O.M. C:\Users\PRODUCAO-2.0\J I MONTADORA DE VEICULOS ESPECIAIS LTDA\JI Montadora - 02 Produção\01 Controle de Produção\01 - Projeto Cadastro\02 - B.O.M\05. ACESSORIOS\06 - CJ TRILHO ALUMINIO FIXACAO 417 10 - 4,3,3,3.xlsx
2026-06-22 13:24:10,444 INFO Importado B.O.M. C:\Users\PRODUCAO-2.0\J I MONTADORA DE VEICULOS ESPECIAIS LTDA\JI Montadora - 02 Produção\01 Controle de Produção\01 - Projeto Cadastro\02 - B.O.M\05. ACESSORIOS\07 - PP TRILHO ALUMINIO FIXACAO BANCO  2900 MM.xlsx
2026-06-22 13:24:10,548 INFO Importado B.O.M. C:\Users\PRODUCAO-2.0\J I MONTADORA DE VEICULOS ESPECIAIS LTDA\JI Montadora - 02 Produção\01 Controle de Produção\01 - Projeto Cadastro\02 - B.O.M\05. ACESSORIOS\08 - PP TRILHO ALUMINIO FIXACAO BANCO  2400 MM.xlsx
2026-06-22 13:24:10,649 INFO Importado B.O.M. C:\Users\PRODUCAO-2.0\J I MONTADORA DE VEICULOS ESPECIAIS LTDA\JI Montadora - 02 Produção\01 Controle de Produção\01 - Projeto Cadastro\02 - B.O.M\05. ACESSORIOS\09 - PP TRILHO ALUMINIO FIXACAO BANCO  500 MM.xlsx
2026-06-22 13:24:10,845 INFO Importado B.O.M. C:\Users\PRODUCAO-2.0\J I MONTADORA DE VEICULOS ESPECIAIS LTDA\JI Montadora - 02 Produção\01 Controle de Produção\01 - Projeto Cadastro\02 - B.O.M\05. ACESSORIOS\10 - CJ ARANDELA PLASTICA JI MONTADORA.xlsx
2026-06-22 13:24:11,053 INFO Importado B.O.M. C:\Users\PRODUCAO-2.0\J I MONTADORA DE VEICULOS ESPECIAIS LTDA\JI Montadora - 02 Produção\01 Controle de Produção\01 - Projeto Cadastro\02 - B.O.M\05. ACESSORIOS\11 - PP CAIXA MADEIRA SUPORTE GELADEIRA CAB 18L ESJ.xlsx
2026-06-22 13:24:11,294 INFO Importado B.O.M. C:\Users\PRODUCAO-2.0\J I MONTADORA DE VEICULOS ESPECIAIS LTDA\JI Montadora - 02 Produção\01 Controle de Produção\01 - Projeto Cadastro\02 - B.O.M\05. ACESSORIOS\12 - PP CAPACHO ESJ PORTA LATERAL MOTORISTA LE.xlsx
2026-06-22 13:24:11,515 INFO Importado B.O.M. C:\Users\PRODUCAO-2.0\J I MONTADORA DE VEICULOS ESPECIAIS LTDA\JI Montadora - 02 Produção\01 Controle de Produção\01 - Projeto Cadastro\02 - B.O.M\05. ACESSORIOS\13 - PP CAPACHO ESJ PORTA LATERAL CARONA LD.xlsx
2026-06-22 13:24:11,711 INFO Importado B.O.M. C:\Users\PRODUCAO-2.0\J I MONTADORA DE VEICULOS ESPECIAIS LTDA\JI Montadora - 02 Produção\01 Controle de Produção\01 - Projeto Cadastro\02 - B.O.M\05. ACESSORIOS\14 - PP CAPACHO ESJ PORTA LATERAL LE ESJ.xlsx
2026-06-22 13:24:11,900 INFO Importado B.O.M. C:\Users\PRODUCAO-2.0\J I MONTADORA DE VEICULOS ESPECIAIS LTDA\JI Montadora - 02 Produção\01 Controle de Produção\01 - Projeto Cadastro\02 - B.O.M\05. ACESSORIOS\15 - CJ COMPLETO CAPACHO PORTAS ESJ.xlsx
2026-06-22 13:24:12,080 INFO Importado B.O.M. C:\Users\PRODUCAO-2.0\J I MONTADORA DE VEICULOS ESPECIAIS LTDA\JI Montadora - 02 Produção\01 Controle de Produção\01 - Projeto Cadastro\02 - B.O.M\05. ACESSORIOS\16 - ACESSORIO CJ TAPETE SALAO BOUCLE ESJ.xlsx
2026-06-22 13:24:12,259 INFO Importado B.O.M. C:\Users\PRODUCAO-2.0\J I MONTADORA DE VEICULOS ESPECIAIS LTDA\JI Montadora - 02 Produção\01 Controle de Produção\01 - Projeto Cadastro\02 - B.O.M\05. ACESSORIOS\17 - CJ CORTINA VELUDO PRETA PORTAS ESJ.xlsx
2026-06-22 13:24:12,488 INFO Importado B.O.M. C:\Users\PRODUCAO-2.0\J I MONTADORA DE VEICULOS ESPECIAIS LTDA\JI Montadora - 02 Produção\01 Controle de Produção\01 - Projeto Cadastro\02 - B.O.M\05. ACESSORIOS\18 - CJ TUBO ALUMINIO DOBRADO CORTINA ESJ EMBUTIDA C-CLASS.xlsx
2026-06-22 13:24:12,708 INFO Importado B.O.M. C:\Users\PRODUCAO-2.0\J I MONTADORA DE VEICULOS ESPECIAIS LTDA\JI Montadora - 02 Produção\01 Controle de Produção\01 - Projeto Cadastro\02 - B.O.M\05. ACESSORIOS\19 - CJ CORTINA VELUDO PRETA SALAO ESJ C-CLASS SEM PORTAS.xlsx
2026-06-22 13:24:12,910 INFO Importado B.O.M. C:\Users\PRODUCAO-2.0\J I MONTADORA DE VEICULOS ESPECIAIS LTDA\JI Montadora - 02 Produção\01 Controle de Produção\01 - Projeto Cadastro\02 - B.O.M\05. ACESSORIOS\20 - PP TUBO INFERIOR ALUMINIO CORTINA 1º VAO LE ESJ C-CLASS.xlsx
2026-06-22 13:24:13,112 INFO Importado B.O.M. C:\Users\PRODUCAO-2.0\J I MONTADORA DE VEICULOS ESPECIAIS LTDA\JI Montadora - 02 Produção\01 Controle de Produção\01 - Projeto Cadastro\02 - B.O.M\05. ACESSORIOS\21 - PP TUBO INFERIOR ALUMINIO CORTINA 2º VAO LE ESJ C-CLASS.xlsx
2026-06-22 13:24:13,307 INFO Importado B.O.M. C:\Users\PRODUCAO-2.0\J I MONTADORA DE VEICULOS ESPECIAIS LTDA\JI Montadora - 02 Produção\01 Controle de Produção\01 - Projeto Cadastro\02 - B.O.M\05. ACESSORIOS\22 - PP TUBO INFERIOR ALUMINIO CORTINA 2º VAO LD ESJ C-CLASS.xlsx
2026-06-22 13:24:13,515 INFO Importado B.O.M. C:\Users\PRODUCAO-2.0\J I MONTADORA DE VEICULOS ESPECIAIS LTDA\JI Montadora - 02 Produção\01 Controle de Produção\01 - Projeto Cadastro\02 - B.O.M\05. ACESSORIOS\23 - PP TUBO SUPERIOR ALUMINIO CORTINA 1º VAO LE ESJ C-CLASS.xlsx
2026-06-22 13:24:13,714 INFO Importado B.O.M. C:\Users\PRODUCAO-2.0\J I MONTADORA DE VEICULOS ESPECIAIS LTDA\JI Montadora - 02 Produção\01 Controle de Produção\01 - Projeto Cadastro\02 - B.O.M\05. ACESSORIOS\24 - PP TUBO SUPERIOR ALUMINIO CORTINA 2º VAO LE ESJ C-CLASS.xlsx
2026-06-22 13:24:13,899 INFO Importado B.O.M. C:\Users\PRODUCAO-2.0\J I MONTADORA DE VEICULOS ESPECIAIS LTDA\JI Montadora - 02 Produção\01 Controle de Produção\01 - Projeto Cadastro\02 - B.O.M\05. ACESSORIOS\25 - PP TUBO SUPERIOR ALUMINIO CORTINA 2º VAO LD ESJ C-CLASS.xlsx
2026-06-22 13:24:14,053 INFO Importado B.O.M. C:\Users\PRODUCAO-2.0\J I MONTADORA DE VEICULOS ESPECIAIS LTDA\JI Montadora - 02 Produção\01 Controle de Produção\01 - Projeto Cadastro\02 - B.O.M\05. ACESSORIOS\26 - PP TUBO INFERIOR ALUMINIO CORTINA PORTA LATERAL ESJ.xlsx
2026-06-22 13:24:14,204 INFO Importado B.O.M. C:\Users\PRODUCAO-2.0\J I MONTADORA DE VEICULOS ESPECIAIS LTDA\JI Montadora - 02 Produção\01 Controle de Produção\01 - Projeto Cadastro\02 - B.O.M\05. ACESSORIOS\27 - PP TUBO SUPERIOR ALUMINIO CORTINA PORTA LATERAL ESJ.xlsx
2026-06-22 13:24:14,376 INFO Importado B.O.M. C:\Users\PRODUCAO-2.0\J I MONTADORA DE VEICULOS ESPECIAIS LTDA\JI Montadora - 02 Produção\01 Controle de Produção\01 - Projeto Cadastro\02 - B.O.M\05. ACESSORIOS\28 - PP TUBO INFERIOR ALUMINIO CORTINA PORTA TRASEIRA LE ESJ.xlsx
2026-06-22 13:24:14,541 INFO Importado B.O.M. C:\Users\PRODUCAO-2.0\J I MONTADORA DE VEICULOS ESPECIAIS LTDA\JI Montadora - 02 Produção\01 Controle de Produção\01 - Projeto Cadastro\02 - B.O.M\05. ACESSORIOS\29 - PP TUBO INFERIOR ALUMINIO CORTINA PORTA TRASEIRA LD ESJ.xlsx
2026-06-22 13:24:14,750 INFO Importado B.O.M. C:\Users\PRODUCAO-2.0\J I MONTADORA DE VEICULOS ESPECIAIS LTDA\JI Montadora - 02 Produção\01 Controle de Produção\01 - Projeto Cadastro\02 - B.O.M\05. ACESSORIOS\30 - PP TUBO SUPERIOR ALUMINIO CORTINA PORTA TRASEIRA LE ESJ.xlsx
2026-06-22 13:24:14,935 INFO Importado B.O.M. C:\Users\PRODUCAO-2.0\J I MONTADORA DE VEICULOS ESPECIAIS LTDA\JI Montadora - 02 Produção\01 Controle de Produção\01 - Projeto Cadastro\02 - B.O.M\05. ACESSORIOS\31 - PP TUBO SUPERIOR ALUMINIO CORTINA PORTA TRASEIRA LD ESJ.xlsx
2026-06-22 13:24:15,135 INFO Importado B.O.M. C:\Users\PRODUCAO-2.0\J I MONTADORA DE VEICULOS ESPECIAIS LTDA\JI Montadora - 02 Produção\01 Controle de Produção\01 - Projeto Cadastro\02 - B.O.M\05. ACESSORIOS\32 - PP SUPORTE FIXO CABIDE - GANCHO CABIDEIRO MARCOPOLO CINZA RAL 7021 PU - TI.01.J04.xlsx
2026-06-22 13:24:15,337 INFO Importado B.O.M. C:\Users\PRODUCAO-2.0\J I MONTADORA DE VEICULOS ESPECIAIS LTDA\JI Montadora - 02 Produção\01 Controle de Produção\01 - Projeto Cadastro\02 - B.O.M\05. ACESSORIOS\33 - PP PC REVIS MOVEL LAT PRFV ESJ C-CLA 1º VAO LE INT REVE CARP.xlsx
2026-06-22 13:24:15,556 INFO Importado B.O.M. C:\Users\PRODUCAO-2.0\J I MONTADORA DE VEICULOS ESPECIAIS LTDA\JI Montadora - 02 Produção\01 Controle de Produção\01 - Projeto Cadastro\02 - B.O.M\05. ACESSORIOS\34 - PP PC FUNDO MOVEL LAT PRFV ESJ C-CLA 1º VAO LE REVE CARP.xlsx
2026-06-22 13:24:15,771 INFO Importado B.O.M. C:\Users\PRODUCAO-2.0\J I MONTADORA DE VEICULOS ESPECIAIS LTDA\JI Montadora - 02 Produção\01 Controle de Produção\01 - Projeto Cadastro\02 - B.O.M\05. ACESSORIOS\35 - PP FUNDO MOVEL LAT PRFV ESJ C-CLA 2º VAO LD INT REVE CARP.xlsx
2026-06-22 13:24:15,971 INFO Importado B.O.M. C:\Users\PRODUCAO-2.0\J I MONTADORA DE VEICULOS ESPECIAIS LTDA\JI Montadora - 02 Produção\01 Controle de Produção\01 - Projeto Cadastro\02 - B.O.M\05. ACESSORIOS\36 - PP MOVEL LAT PRFV ESJ C-CLA 2º VAO LD INT REVE CARP.xlsx
2026-06-22 13:24:16,125 INFO Importado B.O.M. C:\Users\PRODUCAO-2.0\J I MONTADORA DE VEICULOS ESPECIAIS LTDA\JI Montadora - 02 Produção\01 Controle de Produção\01 - Projeto Cadastro\02 - B.O.M\05. ACESSORIOS\37 - PP MOVEL LAT PRFV ESJ C-CLA 1º VAO LE REVE CARP.xlsx
2026-06-22 13:24:16,282 INFO Importado B.O.M. C:\Users\PRODUCAO-2.0\J I MONTADORA DE VEICULOS ESPECIAIS LTDA\JI Montadora - 02 Produção\01 Controle de Produção\01 - Projeto Cadastro\02 - B.O.M\05. ACESSORIOS\38 - PP PC MOVEL LAT PRFV ESJ C-CLA 1º VAO LE REVE MARROM.xlsx
2026-06-22 13:24:16,502 INFO Importado B.O.M. C:\Users\PRODUCAO-2.0\J I MONTADORA DE VEICULOS ESPECIAIS LTDA\JI Montadora - 02 Produção\01 Controle de Produção\01 - Projeto Cadastro\02 - B.O.M\05. ACESSORIOS\39 - PP PC REVIS MOVEL LAT PRFV ESJ C-CLA 1º VAO LE REVE MARROM.xlsx
2026-06-22 13:24:16,670 INFO Importado B.O.M. C:\Users\PRODUCAO-2.0\J I MONTADORA DE VEICULOS ESPECIAIS LTDA\JI Montadora - 02 Produção\01 Controle de Produção\01 - Projeto Cadastro\02 - B.O.M\05. ACESSORIOS\40 - PP PC MOVEL LAT PRFV ESJ C-CLA 2º VAO LE REVE MARROM.xlsx
2026-06-22 13:24:16,813 INFO Importado B.O.M. C:\Users\PRODUCAO-2.0\J I MONTADORA DE VEICULOS ESPECIAIS LTDA\JI Montadora - 02 Produção\01 Controle de Produção\01 - Projeto Cadastro\02 - B.O.M\05. ACESSORIOS\41 - PP MOVEL LAT PRFV ESJ C-CLA 2º VAO LD REVE MARROM.xlsx
2026-06-22 13:24:16,959 INFO Importado B.O.M. C:\Users\PRODUCAO-2.0\J I MONTADORA DE VEICULOS ESPECIAIS LTDA\JI Montadora - 02 Produção\01 Controle de Produção\01 - Projeto Cadastro\02 - B.O.M\05. ACESSORIOS\42 - PP PC MOVEL LAT PRFV ESJ C-CLA 1º VAO LE REVE PRETO.xlsx
2026-06-22 13:24:17,111 INFO Importado B.O.M. C:\Users\PRODUCAO-2.0\J I MONTADORA DE VEICULOS ESPECIAIS LTDA\JI Montadora - 02 Produção\01 Controle de Produção\01 - Projeto Cadastro\02 - B.O.M\05. ACESSORIOS\43 - PP PC REVIS MOVEL LAT PRFV ESJ C-CLA 1º VAO LE REVE PRETO.xlsx
2026-06-22 13:24:17,298 INFO Importado B.O.M. C:\Users\PRODUCAO-2.0\J I MONTADORA DE VEICULOS ESPECIAIS LTDA\JI Montadora - 02 Produção\01 Controle de Produção\01 - Projeto Cadastro\02 - B.O.M\05. ACESSORIOS\44 - PP PC MOVEL LAT PRFV ESJ C-CLA 2º VAO LE REVE PRETO.xlsx
2026-06-22 13:24:17,487 INFO Importado B.O.M. C:\Users\PRODUCAO-2.0\J I MONTADORA DE VEICULOS ESPECIAIS LTDA\JI Montadora - 02 Produção\01 Controle de Produção\01 - Projeto Cadastro\02 - B.O.M\05. ACESSORIOS\45 - PP MOVEL LAT PRFV ESJ C-CLA 2º VAO LD REVE PRETO.xlsx
2026-06-22 13:24:17,636 INFO Importado B.O.M. C:\Users\PRODUCAO-2.0\J I MONTADORA DE VEICULOS ESPECIAIS LTDA\JI Montadora - 02 Produção\01 Controle de Produção\01 - Projeto Cadastro\02 - B.O.M\05. ACESSORIOS\46 - PP PC MOVEL LAT PRFV ESJ C-CLA 1º VAO LE REVE BEGE.xlsx
2026-06-22 13:24:17,783 INFO Importado B.O.M. C:\Users\PRODUCAO-2.0\J I MONTADORA DE VEICULOS ESPECIAIS LTDA\JI Montadora - 02 Produção\01 Controle de Produção\01 - Projeto Cadastro\02 - B.O.M\05. ACESSORIOS\47 - PP PC REVIS MOVEL LAT PRFV ESJ C-CLA 1º VAO LE REVE BEGE.xlsx
2026-06-22 13:24:17,936 INFO Importado B.O.M. C:\Users\PRODUCAO-2.0\J I MONTADORA DE VEICULOS ESPECIAIS LTDA\JI Montadora - 02 Produção\01 Controle de Produção\01 - Projeto Cadastro\02 - B.O.M\05. ACESSORIOS\48 - PP PC MOVEL LAT PRFV ESJ C-CLA 2º VAO LE REVE BEGE.xlsx
2026-06-22 13:24:18,117 INFO Importado B.O.M. C:\Users\PRODUCAO-2.0\J I MONTADORA DE VEICULOS ESPECIAIS LTDA\JI Montadora - 02 Produção\01 Controle de Produção\01 - Projeto Cadastro\02 - B.O.M\05. ACESSORIOS\49 - PP MOVEL LAT PRFV ESJ C-CLA 2º VAO LD REVE BEGE.xlsx
2026-06-22 13:24:18,329 INFO Importado B.O.M. C:\Users\PRODUCAO-2.0\J I MONTADORA DE VEICULOS ESPECIAIS LTDA\JI Montadora - 02 Produção\01 Controle de Produção\01 - Projeto Cadastro\02 - B.O.M\05. ACESSORIOS\50 - PP PC TAMPO SUP ACRILICO PRETO MOVEL LATERAL ESJ C-CLASS 1º VAO LE.xlsx
2026-06-22 13:24:18,507 INFO Importado B.O.M. C:\Users\PRODUCAO-2.0\J I MONTADORA DE VEICULOS ESPECIAIS LTDA\JI Montadora - 02 Produção\01 Controle de Produção\01 - Projeto Cadastro\02 - B.O.M\05. ACESSORIOS\51 - PP PC TAMPO INF ACRILICO PRETO MOVEL LATERAL ESJ C-CLASS 1º VAO LE.xlsx
2026-06-22 13:24:18,665 INFO Importado B.O.M. C:\Users\PRODUCAO-2.0\J I MONTADORA DE VEICULOS ESPECIAIS LTDA\JI Montadora - 02 Produção\01 Controle de Produção\01 - Projeto Cadastro\02 - B.O.M\05. ACESSORIOS\52 - PP PC TAMPO SUP ACRILICO PRETO MOVEL LATERAL ESJ C-CLASS 2º VAO LD.xlsx
2026-06-22 13:24:18,819 INFO Importado B.O.M. C:\Users\PRODUCAO-2.0\J I MONTADORA DE VEICULOS ESPECIAIS LTDA\JI Montadora - 02 Produção\01 Controle de Produção\01 - Projeto Cadastro\02 - B.O.M\05. ACESSORIOS\53 - PP PC TAMPO INF ACRILICO PRETO MOVEL LATERAL ESJ C-CLASS 2º VAO LD.xlsx
2026-06-22 13:24:19,010 INFO Importado B.O.M. C:\Users\PRODUCAO-2.0\J I MONTADORA DE VEICULOS ESPECIAIS LTDA\JI Montadora - 02 Produção\01 Controle de Produção\01 - Projeto Cadastro\02 - B.O.M\05. ACESSORIOS\54 - PP PC TAMPO SUP ACRILICO PRETO MOVEL LATERAL ESJ C-CLASS 2º VAO LE.xlsx
2026-06-22 13:24:19,218 INFO Importado B.O.M. C:\Users\PRODUCAO-2.0\J I MONTADORA DE VEICULOS ESPECIAIS LTDA\JI Montadora - 02 Produção\01 Controle de Produção\01 - Projeto Cadastro\02 - B.O.M\05. ACESSORIOS\55 - PP PC TAMPO INF ACRILICO PRETO MOVEL LATERAL ESJ C-CLASS 2º VAO LE.xlsx
2026-06-22 13:24:19,371 INFO Importado B.O.M. C:\Users\PRODUCAO-2.0\J I MONTADORA DE VEICULOS ESPECIAIS LTDA\JI Montadora - 02 Produção\01 Controle de Produção\01 - Projeto Cadastro\02 - B.O.M\05. ACESSORIOS\56 - PP PC TAMPO CENTRAL ACRILICO CRISTAL MOVEL LATERAL ESJ C-CLA 1º VAO LE.xlsx
2026-06-22 13:24:19,521 INFO Importado B.O.M. C:\Users\PRODUCAO-2.0\J I MONTADORA DE VEICULOS ESPECIAIS LTDA\JI Montadora - 02 Produção\01 Controle de Produção\01 - Projeto Cadastro\02 - B.O.M\05. ACESSORIOS\57 - PP PC TAMPO CENTRAL ACRILICO CRISTAL MOVEL LATERAL ESJ C-CLA 2º VAO LD.xlsx
2026-06-22 13:24:19,675 INFO Importado B.O.M. C:\Users\PRODUCAO-2.0\J I MONTADORA DE VEICULOS ESPECIAIS LTDA\JI Montadora - 02 Produção\01 Controle de Produção\01 - Projeto Cadastro\02 - B.O.M\05. ACESSORIOS\58 - PP PC TAMPO CENTRAL ACRILICO CRISTAL MOVEL LATERAL ESJ C-CLA 2º VAO LE.xlsx
2026-06-22 13:24:19,839 INFO Importado B.O.M. C:\Users\PRODUCAO-2.0\J I MONTADORA DE VEICULOS ESPECIAIS LTDA\JI Montadora - 02 Produção\01 Controle de Produção\01 - Projeto Cadastro\02 - B.O.M\05. ACESSORIOS\59 - CJ TAMPO ACRIL MOVEL LAT ESJ C-CLA 1º VAO LE.xlsx
2026-06-22 13:24:20,071 INFO Importado B.O.M. C:\Users\PRODUCAO-2.0\J I MONTADORA DE VEICULOS ESPECIAIS LTDA\JI Montadora - 02 Produção\01 Controle de Produção\01 - Projeto Cadastro\02 - B.O.M\05. ACESSORIOS\60 - CJ TAMPO ACRIL MOVEL LAT ESJ C-CLA 2º VAO LE.xlsx
2026-06-22 13:24:20,248 INFO Importado B.O.M. C:\Users\PRODUCAO-2.0\J I MONTADORA DE VEICULOS ESPECIAIS LTDA\JI Montadora - 02 Produção\01 Controle de Produção\01 - Projeto Cadastro\02 - B.O.M\05. ACESSORIOS\61 - CJ TAMPO ACRIL MOVEL LAT ESJ C-CLA 2º VAO LD.xlsx
2026-06-22 13:24:20,400 INFO Importado B.O.M. C:\Users\PRODUCAO-2.0\J I MONTADORA DE VEICULOS ESPECIAIS LTDA\JI Montadora - 02 Produção\01 Controle de Produção\01 - Projeto Cadastro\02 - B.O.M\05. ACESSORIOS\62 - CJ MOVEL LATERAL MARROM ESJ C-CLASS 1º VAO LE.xlsx
2026-06-22 13:24:20,559 INFO Importado B.O.M. C:\Users\PRODUCAO-2.0\J I MONTADORA DE VEICULOS ESPECIAIS LTDA\JI Montadora - 02 Produção\01 Controle de Produção\01 - Projeto Cadastro\02 - B.O.M\05. ACESSORIOS\62 - CJ MOVEL LATERAL PRETO ESJ C-CLASS 1º VAO LE.xlsx
2026-06-22 13:24:20,729 INFO Importado B.O.M. C:\Users\PRODUCAO-2.0\J I MONTADORA DE VEICULOS ESPECIAIS LTDA\JI Montadora - 02 Produção\01 Controle de Produção\01 - Projeto Cadastro\02 - B.O.M\05. ACESSORIOS\63 - CJ MOVEL LATERAL BEGE ESJ C-CLASS 1º VAO LE.xlsx
2026-06-22 13:24:20,956 INFO Importado B.O.M. C:\Users\PRODUCAO-2.0\J I MONTADORA DE VEICULOS ESPECIAIS LTDA\JI Montadora - 02 Produção\01 Controle de Produção\01 - Projeto Cadastro\02 - B.O.M\05. ACESSORIOS\64 - CJ MOVEL LATERAL MARROM ESJ C-CLASS 2º VAO LE.xlsx
2026-06-22 13:24:21,106 INFO Importado B.O.M. C:\Users\PRODUCAO-2.0\J I MONTADORA DE VEICULOS ESPECIAIS LTDA\JI Montadora - 02 Produção\01 Controle de Produção\01 - Projeto Cadastro\02 - B.O.M\05. ACESSORIOS\64 - CJ MOVEL LATERAL PRETO ESJ C-CLASS 2º VAO LE.xlsx
2026-06-22 13:24:21,253 INFO Importado B.O.M. C:\Users\PRODUCAO-2.0\J I MONTADORA DE VEICULOS ESPECIAIS LTDA\JI Montadora - 02 Produção\01 Controle de Produção\01 - Projeto Cadastro\02 - B.O.M\05. ACESSORIOS\65 - CJ MOVEL LATERAL BEGE ESJ C-CLASS 2º VAO LE.xlsx
2026-06-22 13:24:21,408 INFO Importado B.O.M. C:\Users\PRODUCAO-2.0\J I MONTADORA DE VEICULOS ESPECIAIS LTDA\JI Montadora - 02 Produção\01 Controle de Produção\01 - Projeto Cadastro\02 - B.O.M\05. ACESSORIOS\66 - CJ MOVEL LATERAL MARROM ESJ C-CLASS 2º VAO LD.xlsx
2026-06-22 13:24:21,607 INFO Importado B.O.M. C:\Users\PRODUCAO-2.0\J I MONTADORA DE VEICULOS ESPECIAIS LTDA\JI Montadora - 02 Produção\01 Controle de Produção\01 - Projeto Cadastro\02 - B.O.M\05. ACESSORIOS\67 - CJ MOVEL LATERAL PRETO ESJ C-CLASS 2º VAO LD.xlsx
2026-06-22 13:24:21,829 INFO Importado B.O.M. C:\Users\PRODUCAO-2.0\J I MONTADORA DE VEICULOS ESPECIAIS LTDA\JI Montadora - 02 Produção\01 Controle de Produção\01 - Projeto Cadastro\02 - B.O.M\05. ACESSORIOS\68 - CJ MOVEL LATERAL BEGE ESJ C-CLASS 2º VAO LD.xlsx
2026-06-22 13:24:22,002 INFO Importado B.O.M. C:\Users\PRODUCAO-2.0\J I MONTADORA DE VEICULOS ESPECIAIS LTDA\JI Montadora - 02 Produção\01 Controle de Produção\01 - Projeto Cadastro\02 - B.O.M\05. ACESSORIOS\69 - CJ COMPLETO LIGACAO GELADEIRA ELBER CAB 18L ESJ.xlsx
2026-06-22 13:24:22,076 INFO Importado B.O.M. C:\Users\PRODUCAO-2.0\J I MONTADORA DE VEICULOS ESPECIAIS LTDA\JI Montadora - 02 Produção\01 Controle de Produção\01 - Projeto Cadastro\02 - B.O.M\05. ACESSORIOS\70 - CJ TRILHO ALUMINIO FIXACAO 417 14 - 1E,1E,1E,1D PTA.xlsx
2026-06-22 13:24:22,169 INFO Importado B.O.M. C:\Users\PRODUCAO-2.0\J I MONTADORA DE VEICULOS ESPECIAIS LTDA\JI Montadora - 02 Produção\01 Controle de Produção\01 - Projeto Cadastro\02 - B.O.M\05. ACESSORIOS\71 - CJ TRILHO ALUMINIO FIXACAO 417 10 - 4,3,3,2-1 DPM.xlsx
2026-06-22 13:24:22,270 INFO Importado B.O.M. C:\Users\PRODUCAO-2.0\J I MONTADORA DE VEICULOS ESPECIAIS LTDA\JI Montadora - 02 Produção\01 Controle de Produção\01 - Projeto Cadastro\02 - B.O.M\05. ACESSORIOS\72 - CJ TRILHO ALUMINIO FIXACAO 517 15 - 4,2-1,2,3,3,3.xlsx
2026-06-22 13:24:22,355 INFO Importado B.O.M. C:\Users\PRODUCAO-2.0\J I MONTADORA DE VEICULOS ESPECIAIS LTDA\JI Montadora - 02 Produção\01 Controle de Produção\01 - Projeto Cadastro\02 - B.O.M\06. TRANSFORMAÇÃO\01 - JI CONFORT MASTER L3H2 SELADO ESSENCIAL.xlsx
2026-06-22 13:24:22,430 INFO Importado B.O.M. C:\Users\PRODUCAO-2.0\J I MONTADORA DE VEICULOS ESPECIAIS LTDA\JI Montadora - 02 Produção\01 Controle de Produção\01 - Projeto Cadastro\02 - B.O.M\06. TRANSFORMAÇÃO\02 - JI CONFORT MASTER L3H2 VISTA ESSENCIAL.xlsx
2026-06-22 13:24:22,507 INFO Importado B.O.M. C:\Users\PRODUCAO-2.0\J I MONTADORA DE VEICULOS ESPECIAIS LTDA\JI Montadora - 02 Produção\01 Controle de Produção\01 - Projeto Cadastro\02 - B.O.M\06. TRANSFORMAÇÃO\03 - JI CONFORT MASTER L3H2 VISTA PLUS.xlsx
2026-06-22 13:24:22,601 INFO Importado B.O.M. C:\Users\PRODUCAO-2.0\J I MONTADORA DE VEICULOS ESPECIAIS LTDA\JI Montadora - 02 Produção\01 Controle de Produção\01 - Projeto Cadastro\02 - B.O.M\06. TRANSFORMAÇÃO\04 - JI CONFORT MASTER L3H2 VITRE ESSENCIAL.xlsx
2026-06-22 13:24:22,694 INFO Importado B.O.M. C:\Users\PRODUCAO-2.0\J I MONTADORA DE VEICULOS ESPECIAIS LTDA\JI Montadora - 02 Produção\01 Controle de Produção\01 - Projeto Cadastro\02 - B.O.M\06. TRANSFORMAÇÃO\05 - JI CONFORT MASTER L3H2 VITRE PLUS.xlsx
2026-06-22 13:24:22,793 INFO Importado B.O.M. C:\Users\PRODUCAO-2.0\J I MONTADORA DE VEICULOS ESPECIAIS LTDA\JI Montadora - 02 Produção\01 Controle de Produção\01 - Projeto Cadastro\02 - B.O.M\06. TRANSFORMAÇÃO\06 - JI CONFORT MASTER L3H2 SELADO PLUS.xlsx
2026-06-22 13:24:22,899 INFO Importado B.O.M. C:\Users\PRODUCAO-2.0\J I MONTADORA DE VEICULOS ESPECIAIS LTDA\JI Montadora - 02 Produção\01 Controle de Produção\01 - Projeto Cadastro\02 - B.O.M\06. TRANSFORMAÇÃO\07 - JI CONFORT MASTER L2H2 SELADO ESSENCIAL.xlsx
2026-06-22 13:24:22,983 INFO Importado B.O.M. C:\Users\PRODUCAO-2.0\J I MONTADORA DE VEICULOS ESPECIAIS LTDA\JI Montadora - 02 Produção\01 Controle de Produção\01 - Projeto Cadastro\02 - B.O.M\06. TRANSFORMAÇÃO\08 - JI CONFORT MASTER L2H2 SELADO PLUS.xlsx
2026-06-22 13:24:23,071 INFO Importado B.O.M. C:\Users\PRODUCAO-2.0\J I MONTADORA DE VEICULOS ESPECIAIS LTDA\JI Montadora - 02 Produção\01 Controle de Produção\01 - Projeto Cadastro\02 - B.O.M\06. TRANSFORMAÇÃO\09 - JI CONFORT MASTER L2H2 VISTA ESSENCIAL.xlsx
2026-06-22 13:24:23,164 INFO Importado B.O.M. C:\Users\PRODUCAO-2.0\J I MONTADORA DE VEICULOS ESPECIAIS LTDA\JI Montadora - 02 Produção\01 Controle de Produção\01 - Projeto Cadastro\02 - B.O.M\06. TRANSFORMAÇÃO\10 - JI CONFORT MASTER L2H2 VISTA PLUS.xlsx
2026-06-22 13:24:23,257 INFO Importado B.O.M. C:\Users\PRODUCAO-2.0\J I MONTADORA DE VEICULOS ESPECIAIS LTDA\JI Montadora - 02 Produção\01 Controle de Produção\01 - Projeto Cadastro\02 - B.O.M\06. TRANSFORMAÇÃO\11 - JI CONFORT E-S-J TB SELADO.xlsx
2026-06-22 13:24:23,341 INFO Importado B.O.M. C:\Users\PRODUCAO-2.0\J I MONTADORA DE VEICULOS ESPECIAIS LTDA\JI Montadora - 02 Produção\01 Controle de Produção\01 - Projeto Cadastro\02 - B.O.M\06. TRANSFORMAÇÃO\12 - JI CONFORT E-S-J TB VISTA.xlsx
2026-06-22 13:24:23,438 INFO Importado B.O.M. C:\Users\PRODUCAO-2.0\J I MONTADORA DE VEICULOS ESPECIAIS LTDA\JI Montadora - 02 Produção\01 Controle de Produção\01 - Projeto Cadastro\02 - B.O.M\06. TRANSFORMAÇÃO\13 - JI CONFORT E-S-J TB VITRE.xlsx
2026-06-22 13:24:23,528 INFO Importado B.O.M. C:\Users\PRODUCAO-2.0\J I MONTADORA DE VEICULOS ESPECIAIS LTDA\JI Montadora - 02 Produção\01 Controle de Produção\01 - Projeto Cadastro\02 - B.O.M\06. TRANSFORMAÇÃO\14 - JI URBAN E-S-J TB SELADO.xlsx
2026-06-22 13:24:23,601 INFO Importado B.O.M. C:\Users\PRODUCAO-2.0\J I MONTADORA DE VEICULOS ESPECIAIS LTDA\JI Montadora - 02 Produção\01 Controle de Produção\01 - Projeto Cadastro\02 - B.O.M\06. TRANSFORMAÇÃO\15 - JI URBAN E-S-J TB VISTA.xlsx
2026-06-22 13:24:23,678 INFO Importado B.O.M. C:\Users\PRODUCAO-2.0\J I MONTADORA DE VEICULOS ESPECIAIS LTDA\JI Montadora - 02 Produção\01 Controle de Produção\01 - Projeto Cadastro\02 - B.O.M\06. TRANSFORMAÇÃO\16 - JI URBAN E-S-J TB VITRE.xlsx
2026-06-22 13:24:23,752 INFO Importado B.O.M. C:\Users\PRODUCAO-2.0\J I MONTADORA DE VEICULOS ESPECIAIS LTDA\JI Montadora - 02 Produção\01 Controle de Produção\01 - Projeto Cadastro\02 - B.O.M\06. TRANSFORMAÇÃO\17 - JI CONFORT E-J TA SELADO.xlsx
2026-06-22 13:24:23,828 INFO Importado B.O.M. C:\Users\PRODUCAO-2.0\J I MONTADORA DE VEICULOS ESPECIAIS LTDA\JI Montadora - 02 Produção\01 Controle de Produção\01 - Projeto Cadastro\02 - B.O.M\06. TRANSFORMAÇÃO\18 - JI CONFORT E-J TA VISTA.xlsx
2026-06-22 13:24:23,902 INFO Importado B.O.M. C:\Users\PRODUCAO-2.0\J I MONTADORA DE VEICULOS ESPECIAIS LTDA\JI Montadora - 02 Produção\01 Controle de Produção\01 - Projeto Cadastro\02 - B.O.M\06. TRANSFORMAÇÃO\19 - JI CONFORT E-J TA VITRE.xlsx
2026-06-22 13:24:23,987 INFO Importado B.O.M. C:\Users\PRODUCAO-2.0\J I MONTADORA DE VEICULOS ESPECIAIS LTDA\JI Montadora - 02 Produção\01 Controle de Produção\01 - Projeto Cadastro\02 - B.O.M\06. TRANSFORMAÇÃO\20 - JI URBAN E-J TA SELADO.xlsx
2026-06-22 13:24:24,081 INFO Importado B.O.M. C:\Users\PRODUCAO-2.0\J I MONTADORA DE VEICULOS ESPECIAIS LTDA\JI Montadora - 02 Produção\01 Controle de Produção\01 - Projeto Cadastro\02 - B.O.M\06. TRANSFORMAÇÃO\21 - JI URBAN E-J TA VISTA.xlsx
2026-06-22 13:24:24,182 INFO Importado B.O.M. C:\Users\PRODUCAO-2.0\J I MONTADORA DE VEICULOS ESPECIAIS LTDA\JI Montadora - 02 Produção\01 Controle de Produção\01 - Projeto Cadastro\02 - B.O.M\06. TRANSFORMAÇÃO\22 - JI URBAN E-J TA VITRE.xlsx
2026-06-22 13:24:24,281 INFO Importado B.O.M. C:\Users\PRODUCAO-2.0\J I MONTADORA DE VEICULOS ESPECIAIS LTDA\JI Montadora - 02 Produção\01 Controle de Produção\01 - Projeto Cadastro\02 - B.O.M\06. TRANSFORMAÇÃO\23 - JI CONFORT 417 10 M SELADO PLUS.xlsx
2026-06-22 13:24:24,383 INFO Importado B.O.M. C:\Users\PRODUCAO-2.0\J I MONTADORA DE VEICULOS ESPECIAIS LTDA\JI Montadora - 02 Produção\01 Controle de Produção\01 - Projeto Cadastro\02 - B.O.M\06. TRANSFORMAÇÃO\24 - JI CONFORT 417 10 M VISTA PLUS.xlsx
2026-06-22 13:24:24,485 INFO Importado B.O.M. C:\Users\PRODUCAO-2.0\J I MONTADORA DE VEICULOS ESPECIAIS LTDA\JI Montadora - 02 Produção\01 Controle de Produção\01 - Projeto Cadastro\02 - B.O.M\06. TRANSFORMAÇÃO\25 - JI CONFORT 417 10 M VITRE REVESTIDA.xlsx
2026-06-22 13:24:24,576 INFO Importado B.O.M. C:\Users\PRODUCAO-2.0\J I MONTADORA DE VEICULOS ESPECIAIS LTDA\JI Montadora - 02 Produção\01 Controle de Produção\01 - Projeto Cadastro\02 - B.O.M\06. TRANSFORMAÇÃO\26 - JI CONFORT 417 14 M SELADO PLUS.xlsx
2026-06-22 13:24:24,679 INFO Importado B.O.M. C:\Users\PRODUCAO-2.0\J I MONTADORA DE VEICULOS ESPECIAIS LTDA\JI Montadora - 02 Produção\01 Controle de Produção\01 - Projeto Cadastro\02 - B.O.M\06. TRANSFORMAÇÃO\27 - JI CONFORT 417 14 M VISTA PLUS.xlsx
2026-06-22 13:24:24,781 INFO Importado B.O.M. C:\Users\PRODUCAO-2.0\J I MONTADORA DE VEICULOS ESPECIAIS LTDA\JI Montadora - 02 Produção\01 Controle de Produção\01 - Projeto Cadastro\02 - B.O.M\06. TRANSFORMAÇÃO\28 - JI CONFORT 417 14 M VITRE REVESTIDA.xlsx
2026-06-22 13:24:24,913 INFO Importado B.O.M. C:\Users\PRODUCAO-2.0\J I MONTADORA DE VEICULOS ESPECIAIS LTDA\JI Montadora - 02 Produção\01 Controle de Produção\01 - Projeto Cadastro\02 - B.O.M\06. TRANSFORMAÇÃO\29 - JI CONFORT 517 15 M SELADO PLUS.xlsx
2026-06-22 13:24:25,031 INFO Importado B.O.M. C:\Users\PRODUCAO-2.0\J I MONTADORA DE VEICULOS ESPECIAIS LTDA\JI Montadora - 02 Produção\01 Controle de Produção\01 - Projeto Cadastro\02 - B.O.M\06. TRANSFORMAÇÃO\30 - JI CONFORT 517 15 M VISTA PLUS.xlsx
2026-06-22 13:24:25,134 INFO Importado B.O.M. C:\Users\PRODUCAO-2.0\J I MONTADORA DE VEICULOS ESPECIAIS LTDA\JI Montadora - 02 Produção\01 Controle de Produção\01 - Projeto Cadastro\02 - B.O.M\06. TRANSFORMAÇÃO\31 - JI CONFORT 517 15 M VITRE REVESTIDA.xlsx
2026-06-22 13:24:25,229 INFO Importado B.O.M. C:\Users\PRODUCAO-2.0\J I MONTADORA DE VEICULOS ESPECIAIS LTDA\JI Montadora - 02 Produção\01 Controle de Produção\01 - Projeto Cadastro\02 - B.O.M\06. TRANSFORMAÇÃO\32 - JI CONFORT 517 14 M SELADO PLUS.xlsx
2026-06-22 13:24:25,317 INFO Importado B.O.M. C:\Users\PRODUCAO-2.0\J I MONTADORA DE VEICULOS ESPECIAIS LTDA\JI Montadora - 02 Produção\01 Controle de Produção\01 - Projeto Cadastro\02 - B.O.M\06. TRANSFORMAÇÃO\33 - JI CONFORT 517 14 M VISTA PLUS.xlsx
2026-06-22 13:24:25,389 INFO Importado B.O.M. C:\Users\PRODUCAO-2.0\J I MONTADORA DE VEICULOS ESPECIAIS LTDA\JI Montadora - 02 Produção\01 Controle de Produção\01 - Projeto Cadastro\02 - B.O.M\06. TRANSFORMAÇÃO\34 - JI CONFORT 517 14 M VITRE REVESTIDA.xlsx
2026-06-22 13:24:25,464 INFO Importado B.O.M. C:\Users\PRODUCAO-2.0\J I MONTADORA DE VEICULOS ESPECIAIS LTDA\JI Montadora - 02 Produção\01 Controle de Produção\01 - Projeto Cadastro\02 - B.O.M\06. TRANSFORMAÇÃO\35 - JI CONFORT B-J-D SELADO.xlsx
2026-06-22 13:24:25,546 INFO Importado B.O.M. C:\Users\PRODUCAO-2.0\J I MONTADORA DE VEICULOS ESPECIAIS LTDA\JI Montadora - 02 Produção\01 Controle de Produção\01 - Projeto Cadastro\02 - B.O.M\06. TRANSFORMAÇÃO\36 - JI CONFORT B-J-D VISTA.xlsx
2026-06-22 13:24:25,636 INFO Importado B.O.M. C:\Users\PRODUCAO-2.0\J I MONTADORA DE VEICULOS ESPECIAIS LTDA\JI Montadora - 02 Produção\01 Controle de Produção\01 - Projeto Cadastro\02 - B.O.M\06. TRANSFORMAÇÃO\37 - JI CONFORT B-J-D VITRE.xlsx
2026-06-22 13:24:25,754 INFO Importado B.O.M. C:\Users\PRODUCAO-2.0\J I MONTADORA DE VEICULOS ESPECIAIS LTDA\JI Montadora - 02 Produção\01 Controle de Produção\01 - Projeto Cadastro\02 - B.O.M\06. TRANSFORMAÇÃO\38 - JI CONFORT TRANSIT L3H3 SELADO.xlsx
2026-06-22 13:24:25,855 INFO Importado B.O.M. C:\Users\PRODUCAO-2.0\J I MONTADORA DE VEICULOS ESPECIAIS LTDA\JI Montadora - 02 Produção\01 Controle de Produção\01 - Projeto Cadastro\02 - B.O.M\06. TRANSFORMAÇÃO\39 - JI CONFORT TRANSIT L3H3 VISTA.xlsx
2026-06-22 13:24:25,953 INFO Importado B.O.M. C:\Users\PRODUCAO-2.0\J I MONTADORA DE VEICULOS ESPECIAIS LTDA\JI Montadora - 02 Produção\01 Controle de Produção\01 - Projeto Cadastro\02 - B.O.M\06. TRANSFORMAÇÃO\40 - JI CONFORT TRANSIT L4H3 VITRE.xlsx
2026-06-22 13:24:26,056 INFO Importado B.O.M. C:\Users\PRODUCAO-2.0\J I MONTADORA DE VEICULOS ESPECIAIS LTDA\JI Montadora - 02 Produção\01 Controle de Produção\01 - Projeto Cadastro\02 - B.O.M\06. TRANSFORMAÇÃO\41 - JI URBAN E-S-J TB SELADO TETO C. VELUDO PRETO.xlsx
2026-06-22 13:24:26,151 INFO Importado B.O.M. C:\Users\PRODUCAO-2.0\J I MONTADORA DE VEICULOS ESPECIAIS LTDA\JI Montadora - 02 Produção\01 Controle de Produção\01 - Projeto Cadastro\02 - B.O.M\06. TRANSFORMAÇÃO\42 - JI URBAN E-S-J TB VISTA TETO C. VELUDO PRETO.xlsx
2026-06-22 13:24:26,257 INFO Importado B.O.M. C:\Users\PRODUCAO-2.0\J I MONTADORA DE VEICULOS ESPECIAIS LTDA\JI Montadora - 02 Produção\01 Controle de Produção\01 - Projeto Cadastro\02 - B.O.M\06. TRANSFORMAÇÃO\43 - JI URBAN E-S-J VITRE TB TETO C. VELUDO PRETO.xlsx
2026-06-22 13:24:26,387 INFO Importado B.O.M. C:\Users\PRODUCAO-2.0\J I MONTADORA DE VEICULOS ESPECIAIS LTDA\JI Montadora - 02 Produção\01 Controle de Produção\01 - Projeto Cadastro\02 - B.O.M\06. TRANSFORMAÇÃO\44 - JI CONFORT TRANSIT L3H2 VITRE.xlsx
2026-06-22 13:24:26,488 INFO Importado B.O.M. C:\Users\PRODUCAO-2.0\J I MONTADORA DE VEICULOS ESPECIAIS LTDA\JI Montadora - 02 Produção\01 Controle de Produção\01 - Projeto Cadastro\02 - B.O.M\07. REFORÇOS\01 - CJ REFORÇO EM ACO ARQUEAMENTO E-J TETO ALTO.xlsx
2026-06-22 13:24:26,671 INFO Importado B.O.M. C:\Users\PRODUCAO-2.0\J I MONTADORA DE VEICULOS ESPECIAIS LTDA\JI Montadora - 02 Produção\01 Controle de Produção\01 - Projeto Cadastro\02 - B.O.M\07. REFORÇOS\02 - CJ CHAPA PRONTA TRILHO ALUMÍNIO BCO INCOR. FIXO - SPRINTER 517 - 4,2-1,2,3,3,3.xlsx
2026-06-22 13:24:26,859 INFO Importado B.O.M. C:\Users\PRODUCAO-2.0\J I MONTADORA DE VEICULOS ESPECIAIS LTDA\JI Montadora - 02 Produção\01 Controle de Produção\01 - Projeto Cadastro\02 - B.O.M\07. REFORÇOS\03 - CJ CHAPA PRONTA TRILHO ALUMÍNIO BCO INCOR. RECLINAVEL - SPRINTER 517 - 4,2-1,2,3,3,3.xlsx
2026-06-22 13:24:27,007 INFO Importado B.O.M. C:\Users\PRODUCAO-2.0\J I MONTADORA DE VEICULOS ESPECIAIS LTDA\JI Montadora - 02 Produção\01 Controle de Produção\01 - Projeto Cadastro\02 - B.O.M\07. REFORÇOS\04 - CJ CHAPA PRONTA TRILHO ALUMÍNIO BCO INCOR. FIXO - UNIVERSAL - 4,3,3,3.xlsx
2026-06-22 13:24:27,079 INFO Importado B.O.M. C:\Users\PRODUCAO-2.0\J I MONTADORA DE VEICULOS ESPECIAIS LTDA\JI Montadora - 02 Produção\01 Controle de Produção\01 - Projeto Cadastro\02 - B.O.M\07. REFORÇOS\05 - CJ CHAPA PRONTA TRILHO ALUMÍNIO BCO INCOR. RECLINAVEL - UNIVERSAL - 4,3,3,3.xlsx
2026-06-22 13:24:27,150 INFO Importado B.O.M. C:\Users\PRODUCAO-2.0\J I MONTADORA DE VEICULOS ESPECIAIS LTDA\JI Montadora - 02 Produção\01 Controle de Produção\01 - Projeto Cadastro\02 - B.O.M\07. REFORÇOS\06 - PP REFORÇO SUPORTE METALON 40X20 - Copia.xlsx
2026-06-22 13:24:27,228 INFO Importado B.O.M. C:\Users\PRODUCAO-2.0\J I MONTADORA DE VEICULOS ESPECIAIS LTDA\JI Montadora - 02 Produção\01 Controle de Produção\01 - Projeto Cadastro\02 - B.O.M\07. REFORÇOS\06 - PP REFORÇO SUPORTE METALON 40X20.xlsx
2026-06-22 13:24:27,324 INFO Importado B.O.M. C:\Users\PRODUCAO-2.0\J I MONTADORA DE VEICULOS ESPECIAIS LTDA\JI Montadora - 02 Produção\01 Controle de Produção\01 - Projeto Cadastro\02 - B.O.M\08. BANCOS\01 - CJ BANCOS FIXOS - MC - LB - 4,3,3,3 - 2P - TECIDO - BJD.xlsx
2026-06-22 13:24:27,414 INFO Importado B.O.M. C:\Users\PRODUCAO-2.0\J I MONTADORA DE VEICULOS ESPECIAIS LTDA\JI Montadora - 02 Produção\01 Controle de Produção\01 - Projeto Cadastro\02 - B.O.M\08. BANCOS\02 - CJ BANCOS REC - MC - LB - 3,2,3 - 3P - COURVIN - EXPERT.xlsx
2026-06-22 13:24:27,509 INFO Importado B.O.M. C:\Users\PRODUCAO-2.0\J I MONTADORA DE VEICULOS ESPECIAIS LTDA\JI Montadora - 02 Produção\01 Controle de Produção\01 - Projeto Cadastro\02 - B.O.M\08. BANCOS\03 - CJ BANCOS REC - MC - LB - 3,2,3 - 3P - TECIDO - EXPERT.xlsx
2026-06-22 13:24:27,610 INFO Importado B.O.M. C:\Users\PRODUCAO-2.0\J I MONTADORA DE VEICULOS ESPECIAIS LTDA\JI Montadora - 02 Produção\01 Controle de Produção\01 - Projeto Cadastro\02 - B.O.M\08. BANCOS\04 - CJ BANCOS REC - MC - LB - 3,3 - 3P - TECIDO - EXPERT.xlsx
2026-06-22 13:24:27,684 INFO Importado B.O.M. C:\Users\PRODUCAO-2.0\J I MONTADORA DE VEICULOS ESPECIAIS LTDA\JI Montadora - 02 Produção\01 Controle de Produção\01 - Projeto Cadastro\02 - B.O.M\08. BANCOS\05 - CJ BANCOS FIXOS - MC - LB - 3,3 - 3P - TECIDO - EXPERT.xlsx
2026-06-22 13:24:27,758 INFO Importado B.O.M. C:\Users\PRODUCAO-2.0\J I MONTADORA DE VEICULOS ESPECIAIS LTDA\JI Montadora - 02 Produção\01 Controle de Produção\01 - Projeto Cadastro\02 - B.O.M\08. BANCOS\06 - CJ BANCOS REC - MC - LB - 3,3 - 3P - COURVIN- EXPERT.xlsx
2026-06-22 13:24:27,832 INFO Importado B.O.M. C:\Users\PRODUCAO-2.0\J I MONTADORA DE VEICULOS ESPECIAIS LTDA\JI Montadora - 02 Produção\01 Controle de Produção\01 - Projeto Cadastro\02 - B.O.M\08. BANCOS\07 - CJ BANCOS FIXOS - MC - LB - 3,2,3 - 3P - COURVIN- EXPERT.xlsx
2026-06-22 13:24:27,904 INFO Importado B.O.M. C:\Users\PRODUCAO-2.0\J I MONTADORA DE VEICULOS ESPECIAIS LTDA\JI Montadora - 02 Produção\01 Controle de Produção\01 - Projeto Cadastro\02 - B.O.M\08. BANCOS\08 - CJ BANCOS FIXOS - MC - LB - 3,2,3 - 2P - COURVIN - EXPERT.xlsx
2026-06-22 13:24:27,978 INFO Importado B.O.M. C:\Users\PRODUCAO-2.0\J I MONTADORA DE VEICULOS ESPECIAIS LTDA\JI Montadora - 02 Produção\01 Controle de Produção\01 - Projeto Cadastro\02 - B.O.M\08. BANCOS\09 - CJ BANCOS FIXOS - MC - LB - 3,2,3 - 3P - TECIDO - EXPERT.xlsx
2026-06-22 13:24:28,065 INFO Importado B.O.M. C:\Users\PRODUCAO-2.0\J I MONTADORA DE VEICULOS ESPECIAIS LTDA\JI Montadora - 02 Produção\01 Controle de Produção\01 - Projeto Cadastro\02 - B.O.M\08. BANCOS\10 - CJ BANCOS FIXOS - MC - LB - 3,2,3 - 2P - TECIDO - EXPERT.xlsx
2026-06-22 13:24:28,161 INFO Importado B.O.M. C:\Users\PRODUCAO-2.0\J I MONTADORA DE VEICULOS ESPECIAIS LTDA\JI Montadora - 02 Produção\01 Controle de Produção\01 - Projeto Cadastro\02 - B.O.M\08. BANCOS\11 - CJ BANCOS REC - MC - LB - 4,3,3,2,2-1 - 2P - TECIDO - TRILHO - FOCA.xlsx
2026-06-22 13:24:28,259 INFO Importado B.O.M. C:\Users\PRODUCAO-2.0\J I MONTADORA DE VEICULOS ESPECIAIS LTDA\JI Montadora - 02 Produção\01 Controle de Produção\01 - Projeto Cadastro\02 - B.O.M\08. BANCOS\12 - CJ BANCOS REC - MC - LB - 4,3,3,3 - 2P - TECIDO - BJD.xlsx
2026-06-22 13:24:28,344 INFO Importado B.O.M. C:\Users\PRODUCAO-2.0\J I MONTADORA DE VEICULOS ESPECIAIS LTDA\JI Montadora - 02 Produção\01 Controle de Produção\01 - Projeto Cadastro\02 - B.O.M\08. BANCOS\13 - CJ BANCOS FIXOS - MC - LB - 4,3,3,3 - 2P - TECIDO - TRILHO.xlsx
2026-06-22 13:24:28,443 INFO Importado B.O.M. C:\Users\PRODUCAO-2.0\J I MONTADORA DE VEICULOS ESPECIAIS LTDA\JI Montadora - 02 Produção\01 Controle de Produção\01 - Projeto Cadastro\02 - B.O.M\08. BANCOS\14 - CJ BANCOS REC- MC - LB - 1E,1E,1E,1D - 3P - COURVIN- NORMAL.xlsx
2026-06-22 13:24:28,542 INFO Importado B.O.M. C:\Users\PRODUCAO-2.0\J I MONTADORA DE VEICULOS ESPECIAIS LTDA\JI Montadora - 02 Produção\01 Controle de Produção\01 - Projeto Cadastro\02 - B.O.M\08. BANCOS\15 - CJ BANCOS FIXOS - MC - LB - 4,3,3,2-1 - 2P - TECIDO - NORMAL - FOCA.xlsx
2026-06-22 13:24:28,633 INFO Importado B.O.M. C:\Users\PRODUCAO-2.0\J I MONTADORA DE VEICULOS ESPECIAIS LTDA\JI Montadora - 02 Produção\01 Controle de Produção\01 - Projeto Cadastro\02 - B.O.M\08. BANCOS\16 - CJ BANCOS REC - MC - LB - 4,2,2,3,3,3 - REC - 3P - COURVIN - NORMAL.xlsx
2026-06-22 13:24:28,708 INFO Importado B.O.M. C:\Users\PRODUCAO-2.0\J I MONTADORA DE VEICULOS ESPECIAIS LTDA\JI Montadora - 02 Produção\01 Controle de Produção\01 - Projeto Cadastro\02 - B.O.M\08. BANCOS\17 - CJ BANCOS REC - MC - LB - 4,2,3,3,3 - REC - 2P - COURVIN - PME 2A.xlsx
2026-06-22 13:24:28,780 INFO Importado B.O.M. C:\Users\PRODUCAO-2.0\J I MONTADORA DE VEICULOS ESPECIAIS LTDA\JI Montadora - 02 Produção\01 Controle de Produção\01 - Projeto Cadastro\02 - B.O.M\08. BANCOS\18 - CJ BANCOS REC - LB - 1 E,1 E,1 D,1 D,3,3 - REC - 3P - TECIDO - BJD.xlsx
2026-06-22 13:24:28,863 INFO Importado B.O.M. C:\Users\PRODUCAO-2.0\J I MONTADORA DE VEICULOS ESPECIAIS LTDA\JI Montadora - 02 Produção\01 Controle de Produção\01 - Projeto Cadastro\02 - B.O.M\08. BANCOS\19 - CJ BANCOS REC - LB - 4,2-1,2,3,3,3 - REC - 2P - TECIDO - NORMAL.xlsx
2026-06-22 13:24:28,964 INFO Importado B.O.M. C:\Users\PRODUCAO-2.0\J I MONTADORA DE VEICULOS ESPECIAIS LTDA\JI Montadora - 02 Produção\01 Controle de Produção\01 - Projeto Cadastro\02 - B.O.M\08. BANCOS\20 - CJ BANCOS FIXOS - LB - 1E,1E,1E,1D - 2P - TECIDO - TRILHO.xlsx
2026-06-22 13:24:29,053 INFO Importado B.O.M. C:\Users\PRODUCAO-2.0\J I MONTADORA DE VEICULOS ESPECIAIS LTDA\JI Montadora - 02 Produção\01 Controle de Produção\01 - Projeto Cadastro\02 - B.O.M\08. BANCOS\21 - CJ BANCOS FIXO - MC - LB - 4,3,3,2-1 - 2P - TECIDO - TRILHO - ELEVITTA.xlsx
2026-06-22 13:24:29,158 INFO Importado B.O.M. C:\Users\PRODUCAO-2.0\J I MONTADORA DE VEICULOS ESPECIAIS LTDA\JI Montadora - 02 Produção\01 Controle de Produção\01 - Projeto Cadastro\02 - B.O.M\08. BANCOS\22 - CJ BANCOS REC - LB - 4,2-1,2,3,3,3 - REC - 2P - TECIDO - TRILHO.xlsx
2026-06-22 13:24:29,313 INFO Importado B.O.M. C:\Users\PRODUCAO-2.0\J I MONTADORA DE VEICULOS ESPECIAIS LTDA\JI Montadora - 02 Produção\01 Controle de Produção\01 - Projeto Cadastro\02 - B.O.M\09. ELETRICA\01 - CJ CHICOTE ELETRICO CABINE E-S-J P. LIGAÇÃO ACESSORIOS.xlsx
2026-06-22 13:24:29,463 INFO Importado B.O.M. C:\Users\PRODUCAO-2.0\J I MONTADORA DE VEICULOS ESPECIAIS LTDA\JI Montadora - 02 Produção\01 Controle de Produção\01 - Projeto Cadastro\02 - B.O.M\09. ELETRICA\02 - CJ BOTOEIRA PLASTICA JI E-S-J CABINE 8 TECLAS.xlsx
2026-06-22 13:24:29,618 INFO Importado B.O.M. C:\Users\PRODUCAO-2.0\J I MONTADORA DE VEICULOS ESPECIAIS LTDA\JI Montadora - 02 Produção\01 Controle de Produção\01 - Projeto Cadastro\02 - B.O.M\09. ELETRICA\03 - CJ 3 TOMADAS USB ORBE DUPLA E-S-J.xlsx
2026-06-22 13:24:29,791 INFO Importado B.O.M. C:\Users\PRODUCAO-2.0\J I MONTADORA DE VEICULOS ESPECIAIS LTDA\JI Montadora - 02 Produção\01 Controle de Produção\01 - Projeto Cadastro\02 - B.O.M\09. ELETRICA\04 - CJ LUZ CORTESIA E-S-J - DEGRAU, SOLEIRA PM, SOB BCO 1º FIL.xlsx
2026-06-22 13:24:29,963 INFO Importado B.O.M. C:\Users\PRODUCAO-2.0\J I MONTADORA DE VEICULOS ESPECIAIS LTDA\JI Montadora - 02 Produção\01 Controle de Produção\01 - Projeto Cadastro\02 - B.O.M\09. ELETRICA\05 - CJ LUZ CORTESIA CABINE ESJ SOB PAINEL.xlsx
2026-06-22 13:24:30,099 INFO Importado B.O.M. C:\Users\PRODUCAO-2.0\J I MONTADORA DE VEICULOS ESPECIAIS LTDA\JI Montadora - 02 Produção\01 Controle de Produção\01 - Projeto Cadastro\02 - B.O.M\09. ELETRICA\06 - CJ LUZ LED RGB MOVEIS LATERAIS JI C-CLASS ESJ.xlsx
2026-06-22 13:24:30,236 INFO Importado B.O.M. C:\Users\PRODUCAO-2.0\J I MONTADORA DE VEICULOS ESPECIAIS LTDA\JI Montadora - 02 Produção\01 Controle de Produção\01 - Projeto Cadastro\02 - B.O.M\09. ELETRICA\07 - CJ LUZ AZUL 4 ARANDELAS LATERAIS JI.xlsx
2026-06-22 13:24:30,401 INFO Importado B.O.M. C:\Users\PRODUCAO-2.0\J I MONTADORA DE VEICULOS ESPECIAIS LTDA\JI Montadora - 02 Produção\01 Controle de Produção\01 - Projeto Cadastro\02 - B.O.M\09. ELETRICA\08 - CJ LUZ BALIZADORA INFERIOR E-S-J.xlsx
2026-06-22 13:24:30,550 INFO Importado B.O.M. C:\Users\PRODUCAO-2.0\J I MONTADORA DE VEICULOS ESPECIAIS LTDA\JI Montadora - 02 Produção\01 Controle de Produção\01 - Projeto Cadastro\02 - B.O.M\10. BANCOS FORNECEDOR JL\01 - BCO JL LE RECLINAVEL 3 L NORMAL C. AP BRACO LD 255 MM 3P MISTO.xlsx
2026-06-22 13:24:30,711 INFO Importado B.O.M. C:\Users\PRODUCAO-2.0\J I MONTADORA DE VEICULOS ESPECIAIS LTDA\JI Montadora - 02 Produção\01 Controle de Produção\01 - Projeto Cadastro\02 - B.O.M\10. BANCOS FORNECEDOR JL\02 - BCO JL LE RECLINAVEL 1 L PME S. AP BRACO 65 MM 3P MISTO.xlsx
2026-06-22 13:24:30,866 INFO Importado B.O.M. C:\Users\PRODUCAO-2.0\J I MONTADORA DE VEICULOS ESPECIAIS LTDA\JI Montadora - 02 Produção\01 Controle de Produção\01 - Projeto Cadastro\02 - B.O.M\10. BANCOS FORNECEDOR JL\03 - BCO JL LE RECLINAVEL 2 L PME S. AP BRACO 120 MM 3P MISTO.xlsx
2026-06-22 13:24:31,007 INFO Importado B.O.M. C:\Users\PRODUCAO-2.0\J I MONTADORA DE VEICULOS ESPECIAIS LTDA\JI Montadora - 02 Produção\01 Controle de Produção\01 - Projeto Cadastro\02 - B.O.M\10. BANCOS FORNECEDOR JL\04 - BCO JL LE RECLINAVEL 1 L PME S. AP BRACO 120 MM 3P MISTO.xlsx
2026-06-22 13:24:31,157 INFO Importado B.O.M. C:\Users\PRODUCAO-2.0\J I MONTADORA DE VEICULOS ESPECIAIS LTDA\JI Montadora - 02 Produção\01 Controle de Produção\01 - Projeto Cadastro\02 - B.O.M\10. BANCOS FORNECEDOR JL\05 - BCO JL LE RECLINAVEL 2 L NORMAL S. AP BRACO 330 MM 3P MISTO.xlsx
2026-06-22 13:24:31,317 INFO Importado B.O.M. C:\Users\PRODUCAO-2.0\J I MONTADORA DE VEICULOS ESPECIAIS LTDA\JI Montadora - 02 Produção\01 Controle de Produção\01 - Projeto Cadastro\02 - B.O.M\10. BANCOS FORNECEDOR JL\06 - BCO JL LE RECLINAVEL 1 L NORMAL S. AP BRACO 330 MM 3P MISTO.xlsx
2026-06-22 13:24:31,469 INFO Importado B.O.M. C:\Users\PRODUCAO-2.0\J I MONTADORA DE VEICULOS ESPECIAIS LTDA\JI Montadora - 02 Produção\01 Controle de Produção\01 - Projeto Cadastro\02 - B.O.M\10. BANCOS FORNECEDOR JL\07 - BCO JL LE RECLINAVEL 4 L PME S. AP BRACO 3P MISTO.xlsx
2026-06-22 13:24:31,651 INFO Importado B.O.M. C:\Users\PRODUCAO-2.0\J I MONTADORA DE VEICULOS ESPECIAIS LTDA\JI Montadora - 02 Produção\01 Controle de Produção\01 - Projeto Cadastro\02 - B.O.M\10. BANCOS FORNECEDOR JL\08 - BCO JL LE RECLINAVEL 3 L NORMAL C. AP BRACO LD 330 MM 3P MISTO.xlsx
2026-06-22 13:24:31,809 INFO Importado B.O.M. C:\Users\PRODUCAO-2.0\J I MONTADORA DE VEICULOS ESPECIAIS LTDA\JI Montadora - 02 Produção\01 Controle de Produção\01 - Projeto Cadastro\02 - B.O.M\10. BANCOS FORNECEDOR JL\09 - BCO CARONA JL LE RECLINAVEL 2 L SPRINTER S. AP BRACO 270 MM 3P MISTO.xlsx
2026-06-22 13:24:31,982 INFO Importado B.O.M. C:\Users\PRODUCAO-2.0\J I MONTADORA DE VEICULOS ESPECIAIS LTDA\JI Montadora - 02 Produção\01 Controle de Produção\01 - Projeto Cadastro\02 - B.O.M\10. BANCOS FORNECEDOR JL\10 - BCO CARONA JL LE RECLINAVEL 2 L MASTER S. AP BRACO 262 MM 3P MISTO.xlsx
2026-06-22 13:27:28,730 WARNING B.O.M. ignorada porque nao esta mais acessivel: C:\Users\PRODUCAO-2.0\J I MONTADORA DE VEICULOS ESPECIAIS LTDA\JI Montadora - 02 Produção\01 Controle de Produção\01 - Projeto Cadastro\02 - B.O.M\02. CATEGORIA ABS\41 - PP ABS PC C. MOLDURA CORTINA PVC ESJ C-CLASS TB LATERAL MOTORISTA LE 1º2º VAO CINZA RAL 7021 PU - TI.01.J04.xlsx
2026-06-22 13:29:38,670 WARNING B.O.M. ignorada porque nao esta mais acessivel: C:\Users\PRODUCAO-2.0\J I MONTADORA DE VEICULOS ESPECIAIS LTDA\JI Montadora - 02 Produção\01 Controle de Produção\01 - Projeto Cadastro\02 - B.O.M\02. CATEGORIA ABS\41 - PP ABS PC C. MOLDURA CORTINA PVC ESJ C-CLASS TB LATERAL MOTORISTA LE 1º2º VAO CINZA RAL 7021 PU - TI.01.J04.xlsx
2026-06-22 16:30:17,601 INFO Importado B.O.M. C:\Users\PRODUCAO-2.0\J I MONTADORA DE VEICULOS ESPECIAIS LTDA\JI Montadora - 02 Produção\01 Controle de Produção\01 - Projeto Cadastro\02 - B.O.M\00. OBSOLETO\Consolidado B.O.M\consolidacao_bom\BOM_Onde_Usa.xlsx
2026-06-22 16:30:17,675 INFO Importado B.O.M. C:\Users\PRODUCAO-2.0\J I MONTADORA DE VEICULOS ESPECIAIS LTDA\JI Montadora - 02 Produção\01 Controle de Produção\01 - Projeto Cadastro\02 - B.O.M\01. CATEGORIA VIDRO\01 - VIDROS - SELADO - CJ VIDROS SELADO MASTER L2H2 - VIDROFORTE.xlsx
2026-06-22 16:30:17,794 INFO Importado B.O.M. C:\Users\PRODUCAO-2.0\J I MONTADORA DE VEICULOS ESPECIAIS LTDA\JI Montadora - 02 Produção\01 Controle de Produção\01 - Projeto Cadastro\02 - B.O.M\01. CATEGORIA VIDRO\02 - VIDROS - SELADO - CJ VIDROS SELADO MASTER L3H2 - SELADO - VIDROFORTE.xlsx
2026-06-22 16:30:17,933 INFO Importado B.O.M. C:\Users\PRODUCAO-2.0\J I MONTADORA DE VEICULOS ESPECIAIS LTDA\JI Montadora - 02 Produção\01 Controle de Produção\01 - Projeto Cadastro\02 - B.O.M\01. CATEGORIA VIDRO\03 - VIDROS - SELADO - CJ VIDROS SELADO MASTER L1H1 - SELADO - VIDROFORTE.xlsx
2026-06-22 16:30:18,094 INFO Importado B.O.M. C:\Users\PRODUCAO-2.0\J I MONTADORA DE VEICULOS ESPECIAIS LTDA\JI Montadora - 02 Produção\01 Controle de Produção\01 - Projeto Cadastro\02 - B.O.M\01. CATEGORIA VIDRO\04 - VIDROS - SELADO - CJ VIDROS SELADO TRANSIT L3H3 - SELADO - VIDROFORTE.xlsx
2026-06-22 16:30:18,253 INFO Importado B.O.M. C:\Users\PRODUCAO-2.0\J I MONTADORA DE VEICULOS ESPECIAIS LTDA\JI Montadora - 02 Produção\01 Controle de Produção\01 - Projeto Cadastro\02 - B.O.M\01. CATEGORIA VIDRO\05 - VIDROS - SELADO - CJ VIDROS SELADO TRANSIT L2H3 - SELADO - VIDROFORTE.xlsx
2026-06-22 16:30:18,464 INFO Importado B.O.M. C:\Users\PRODUCAO-2.0\J I MONTADORA DE VEICULOS ESPECIAIS LTDA\JI Montadora - 02 Produção\01 Controle de Produção\01 - Projeto Cadastro\02 - B.O.M\01. CATEGORIA VIDRO\06 - VIDROS - SELADO - CJ VIDROS SELADO SPRINTER 10 M - SELADO - VIDROFORTE.xlsx
2026-06-22 16:30:18,648 INFO Importado B.O.M. C:\Users\PRODUCAO-2.0\J I MONTADORA DE VEICULOS ESPECIAIS LTDA\JI Montadora - 02 Produção\01 Controle de Produção\01 - Projeto Cadastro\02 - B.O.M\01. CATEGORIA VIDRO\07 - VIDROS - SELADO - CJ VIDROS SELADO SPRINTER 14 M - SELADO - VIDROFORTE.xlsx
2026-06-22 16:30:19,489 INFO Importado B.O.M. C:\Users\PRODUCAO-2.0\J I MONTADORA DE VEICULOS ESPECIAIS LTDA\JI Montadora - 02 Produção\01 Controle de Produção\01 - Projeto Cadastro\02 - B.O.M\01. CATEGORIA VIDRO\08 - VIDROS - SELADO - CJ VIDROS SELADO EXPERT JUMPY SCUDO - SELADO - VIDROFORTE.xlsx
2026-06-22 16:30:19,612 INFO Importado B.O.M. C:\Users\PRODUCAO-2.0\J I MONTADORA DE VEICULOS ESPECIAIS LTDA\JI Montadora - 02 Produção\01 Controle de Produção\01 - Projeto Cadastro\02 - B.O.M\01. CATEGORIA VIDRO\09 - VIDROS - SELADO - CJ VIDROS SELADO BOXER JUMPER DUCATO - SELADO - VIDROFORTE.xlsx
2026-06-22 16:30:19,745 INFO Importado B.O.M. C:\Users\PRODUCAO-2.0\J I MONTADORA DE VEICULOS ESPECIAIS LTDA\JI Montadora - 02 Produção\01 Controle de Produção\01 - Projeto Cadastro\02 - B.O.M\01. CATEGORIA VIDRO\10 - VIDROS - VISTA - CJ VIDROS VISTA MASTER L2H2 - VIDROFORTE.xlsx
2026-06-22 16:30:19,925 INFO Importado B.O.M. C:\Users\PRODUCAO-2.0\J I MONTADORA DE VEICULOS ESPECIAIS LTDA\JI Montadora - 02 Produção\01 Controle de Produção\01 - Projeto Cadastro\02 - B.O.M\01. CATEGORIA VIDRO\11 - VIDROS - VISTA - CJ VIDROS VISTA MASTER L3H2  - VIDROFORTE.xlsx
2026-06-22 16:30:20,074 INFO Importado B.O.M. C:\Users\PRODUCAO-2.0\J I MONTADORA DE VEICULOS ESPECIAIS LTDA\JI Montadora - 02 Produção\01 Controle de Produção\01 - Projeto Cadastro\02 - B.O.M\01. CATEGORIA VIDRO\12 - VIDROS - VISTA - CJ VIDROS VISTA MASTER L1H1  - VIDROFORTE.xlsx
2026-06-22 16:30:20,225 INFO Importado B.O.M. C:\Users\PRODUCAO-2.0\J I MONTADORA DE VEICULOS ESPECIAIS LTDA\JI Montadora - 02 Produção\01 Controle de Produção\01 - Projeto Cadastro\02 - B.O.M\01. CATEGORIA VIDRO\13 - VIDROS - VISTA - CJ VIDROS VISTA TRANSIT L3H3  - VIDROFORTE.xlsx
2026-06-22 16:30:20,370 INFO Importado B.O.M. C:\Users\PRODUCAO-2.0\J I MONTADORA DE VEICULOS ESPECIAIS LTDA\JI Montadora - 02 Produção\01 Controle de Produção\01 - Projeto Cadastro\02 - B.O.M\01. CATEGORIA VIDRO\14 - VIDROS - VISTA - CJ VIDROS VISTA TRANSIT L2H3  - VIDROFORTE.xlsx
2026-06-22 16:30:20,551 INFO Importado B.O.M. C:\Users\PRODUCAO-2.0\J I MONTADORA DE VEICULOS ESPECIAIS LTDA\JI Montadora - 02 Produção\01 Controle de Produção\01 - Projeto Cadastro\02 - B.O.M\01. CATEGORIA VIDRO\15 - VIDROS - VISTA - CJ VIDROS VISTA SPRINTER 10 M  - VIDROFORTE.xlsx
2026-06-22 16:30:20,698 INFO Importado B.O.M. C:\Users\PRODUCAO-2.0\J I MONTADORA DE VEICULOS ESPECIAIS LTDA\JI Montadora - 02 Produção\01 Controle de Produção\01 - Projeto Cadastro\02 - B.O.M\01. CATEGORIA VIDRO\16 - VIDROS - VISTA - CJ VIDROS VISTA SPRINTER 14 M  - VIDROFORTE.xlsx
2026-06-22 16:30:20,837 INFO Importado B.O.M. C:\Users\PRODUCAO-2.0\J I MONTADORA DE VEICULOS ESPECIAIS LTDA\JI Montadora - 02 Produção\01 Controle de Produção\01 - Projeto Cadastro\02 - B.O.M\01. CATEGORIA VIDRO\17 - VIDROS - VISTA - CJ VIDROS VISTA EXPERT JUMPY SCUDO - VIDROFORTE.xlsx
2026-06-22 16:30:20,973 INFO Importado B.O.M. C:\Users\PRODUCAO-2.0\J I MONTADORA DE VEICULOS ESPECIAIS LTDA\JI Montadora - 02 Produção\01 Controle de Produção\01 - Projeto Cadastro\02 - B.O.M\01. CATEGORIA VIDRO\18 - VIDROS - VISTA - CJ VIDROS VISTA BOXER JUMPER DUCATO - VIDROFORTE.xlsx
2026-06-22 16:30:21,126 INFO Importado B.O.M. C:\Users\PRODUCAO-2.0\J I MONTADORA DE VEICULOS ESPECIAIS LTDA\JI Montadora - 02 Produção\01 Controle de Produção\01 - Projeto Cadastro\02 - B.O.M\01. CATEGORIA VIDRO\19 - VIDROS - SELADO - CJ VIDROS SELADO MASTER L2H2 - VETROEX.xlsx
2026-06-22 16:30:21,281 INFO Importado B.O.M. C:\Users\PRODUCAO-2.0\J I MONTADORA DE VEICULOS ESPECIAIS LTDA\JI Montadora - 02 Produção\01 Controle de Produção\01 - Projeto Cadastro\02 - B.O.M\01. CATEGORIA VIDRO\20 - VIDROS - SELADO - CJ VIDROS SELADO MASTER L3H2 - SELADO - VETROEX.xlsx
2026-06-22 16:30:21,481 INFO Importado B.O.M. C:\Users\PRODUCAO-2.0\J I MONTADORA DE VEICULOS ESPECIAIS LTDA\JI Montadora - 02 Produção\01 Controle de Produção\01 - Projeto Cadastro\02 - B.O.M\01. CATEGORIA VIDRO\21 - VIDROS - SELADO - CJ VIDROS SELADO MASTER L1H1 - SELADO - VETROEX.xlsx
2026-06-22 16:30:21,656 INFO Importado B.O.M. C:\Users\PRODUCAO-2.0\J I MONTADORA DE VEICULOS ESPECIAIS LTDA\JI Montadora - 02 Produção\01 Controle de Produção\01 - Projeto Cadastro\02 - B.O.M\01. CATEGORIA VIDRO\22 - VIDROS - SELADO - CJ VIDROS SELADO TRANSIT L3H3 - SELADO - VETROEX.xlsx
2026-06-22 16:30:21,830 INFO Importado B.O.M. C:\Users\PRODUCAO-2.0\J I MONTADORA DE VEICULOS ESPECIAIS LTDA\JI Montadora - 02 Produção\01 Controle de Produção\01 - Projeto Cadastro\02 - B.O.M\01. CATEGORIA VIDRO\23 - VIDROS - SELADO - CJ VIDROS SELADO TRANSIT L2H3 - SELADO - VETROEX.xlsx
2026-06-22 16:30:22,001 INFO Importado B.O.M. C:\Users\PRODUCAO-2.0\J I MONTADORA DE VEICULOS ESPECIAIS LTDA\JI Montadora - 02 Produção\01 Controle de Produção\01 - Projeto Cadastro\02 - B.O.M\01. CATEGORIA VIDRO\24 - VIDROS - SELADO - CJ VIDROS SELADO SPRINTER 10 M - SELADO - VETROEX.xlsx
2026-06-22 16:30:22,162 INFO Importado B.O.M. C:\Users\PRODUCAO-2.0\J I MONTADORA DE VEICULOS ESPECIAIS LTDA\JI Montadora - 02 Produção\01 Controle de Produção\01 - Projeto Cadastro\02 - B.O.M\01. CATEGORIA VIDRO\25 - VIDROS - SELADO - CJ VIDROS SELADO SPRINTER 14 M - SELADO - VETROEX.xlsx
2026-06-22 16:30:22,325 INFO Importado B.O.M. C:\Users\PRODUCAO-2.0\J I MONTADORA DE VEICULOS ESPECIAIS LTDA\JI Montadora - 02 Produção\01 Controle de Produção\01 - Projeto Cadastro\02 - B.O.M\01. CATEGORIA VIDRO\26 - VIDROS - SELADO - CJ VIDROS SELADO EXPERT JUMPY SCUDO - SELADO - VETROEX.xlsx
2026-06-22 16:30:22,469 INFO Importado B.O.M. C:\Users\PRODUCAO-2.0\J I MONTADORA DE VEICULOS ESPECIAIS LTDA\JI Montadora - 02 Produção\01 Controle de Produção\01 - Projeto Cadastro\02 - B.O.M\01. CATEGORIA VIDRO\27- VIDROS - SELADO - CJ VIDROS SELADO BOXER JUMPER DUCATO - SELADO - VETROEX.xlsx
2026-06-22 16:30:22,623 INFO Importado B.O.M. C:\Users\PRODUCAO-2.0\J I MONTADORA DE VEICULOS ESPECIAIS LTDA\JI Montadora - 02 Produção\01 Controle de Produção\01 - Projeto Cadastro\02 - B.O.M\01. CATEGORIA VIDRO\28 - VIDROS - VISTA - CJ VIDROS VISTA 1º LDLE 2º LE EXPERT JUMPY SCUDO - STYLLUS.xlsx
2026-06-22 16:30:22,846 INFO Importado B.O.M. C:\Users\PRODUCAO-2.0\J I MONTADORA DE VEICULOS ESPECIAIS LTDA\JI Montadora - 02 Produção\01 Controle de Produção\01 - Projeto Cadastro\02 - B.O.M\01. TEMPLATE PADRÃO COMPOSIÇÃO.xlsx
2026-06-22 16:30:23,012 INFO Importado B.O.M. C:\Users\PRODUCAO-2.0\J I MONTADORA DE VEICULOS ESPECIAIS LTDA\JI Montadora - 02 Produção\01 Controle de Produção\01 - Projeto Cadastro\02 - B.O.M\02. CATEGORIA ABS\01 - ABS - CJ REVESTIMENTO ESSENCIAL RENAULT MASTER L2H2.xlsx
2026-06-22 16:30:23,215 INFO Importado B.O.M. C:\Users\PRODUCAO-2.0\J I MONTADORA DE VEICULOS ESPECIAIS LTDA\JI Montadora - 02 Produção\01 Controle de Produção\01 - Projeto Cadastro\02 - B.O.M\02. CATEGORIA ABS\02 - ABS - CJ REVESTIMENTO ESSENCIAL RENAULT MASTER L3H2.xlsx
2026-06-22 16:30:23,407 INFO Importado B.O.M. C:\Users\PRODUCAO-2.0\J I MONTADORA DE VEICULOS ESPECIAIS LTDA\JI Montadora - 02 Produção\01 Controle de Produção\01 - Projeto Cadastro\02 - B.O.M\02. CATEGORIA ABS\03 - ABS - CJ REVESTIMENTO B-J-D.xlsx
2026-06-22 16:30:23,502 INFO Importado B.O.M. C:\Users\PRODUCAO-2.0\J I MONTADORA DE VEICULOS ESPECIAIS LTDA\JI Montadora - 02 Produção\01 Controle de Produção\01 - Projeto Cadastro\02 - B.O.M\02. CATEGORIA ABS\04 - ABS - CJ REVESTIMENTO E-S-J.xlsx
2026-06-22 16:30:23,662 INFO Importado B.O.M. C:\Users\PRODUCAO-2.0\J I MONTADORA DE VEICULOS ESPECIAIS LTDA\JI Montadora - 02 Produção\01 Controle de Produção\01 - Projeto Cadastro\02 - B.O.M\02. CATEGORIA ABS\05 - ABS - CJ REVESTIMENTO IVECO 50-180.xlsx
2026-06-22 16:30:23,854 INFO Importado B.O.M. C:\Users\PRODUCAO-2.0\J I MONTADORA DE VEICULOS ESPECIAIS LTDA\JI Montadora - 02 Produção\01 Controle de Produção\01 - Projeto Cadastro\02 - B.O.M\02. CATEGORIA ABS\06 - ABS - CJ REVESTIMENTO PLUS SPRINTER 417 10,5 M³.xlsx
2026-06-22 16:30:24,022 INFO Importado B.O.M. C:\Users\PRODUCAO-2.0\J I MONTADORA DE VEICULOS ESPECIAIS LTDA\JI Montadora - 02 Produção\01 Controle de Produção\01 - Projeto Cadastro\02 - B.O.M\02. CATEGORIA ABS\07 - ABS - CJ REVESTIMENTO PLUS SPRINTER 417 14 M³.xlsx
2026-06-22 16:30:24,233 INFO Importado B.O.M. C:\Users\PRODUCAO-2.0\J I MONTADORA DE VEICULOS ESPECIAIS LTDA\JI Montadora - 02 Produção\01 Controle de Produção\01 - Projeto Cadastro\02 - B.O.M\02. CATEGORIA ABS\08 - ABS - CJ REVESTIMENTO PLUS SPRINTER 517 15 M³.xlsx
2026-06-22 16:30:24,395 INFO Importado B.O.M. C:\Users\PRODUCAO-2.0\J I MONTADORA DE VEICULOS ESPECIAIS LTDA\JI Montadora - 02 Produção\01 Controle de Produção\01 - Projeto Cadastro\02 - B.O.M\02. CATEGORIA ABS\09 - ABS - CJ REVESTIMENTO TRANSIT L4H3.xlsx
2026-06-22 16:30:24,550 INFO Importado B.O.M. C:\Users\PRODUCAO-2.0\J I MONTADORA DE VEICULOS ESPECIAIS LTDA\JI Montadora - 02 Produção\01 Controle de Produção\01 - Projeto Cadastro\02 - B.O.M\02. CATEGORIA ABS\10 - ABS - CJ REVESTIMENTO TRANSIT L3H3.xlsx
2026-06-22 16:30:24,714 INFO Importado B.O.M. C:\Users\PRODUCAO-2.0\J I MONTADORA DE VEICULOS ESPECIAIS LTDA\JI Montadora - 02 Produção\01 Controle de Produção\01 - Projeto Cadastro\02 - B.O.M\02. CATEGORIA ABS\11 - ABS - CJ DUTO AR CONDICIONADO ABS PC PLUS SPRINTER 10,5M³.xlsx
2026-06-22 16:30:24,888 INFO Importado B.O.M. C:\Users\PRODUCAO-2.0\J I MONTADORA DE VEICULOS ESPECIAIS LTDA\JI Montadora - 02 Produção\01 Controle de Produção\01 - Projeto Cadastro\02 - B.O.M\02. CATEGORIA ABS\12 - ABS - CJ DUTO AR CONDICIONADO ABS PC PLUS SPRINTER 1415M³.xlsx
2026-06-22 16:30:25,081 INFO Importado B.O.M. C:\Users\PRODUCAO-2.0\J I MONTADORA DE VEICULOS ESPECIAIS LTDA\JI Montadora - 02 Produção\01 Controle de Produção\01 - Projeto Cadastro\02 - B.O.M\02. CATEGORIA ABS\13 - ABS - CJ REVESTIMENTO PLUS SPRINTER 517 14 M³.xlsx
2026-06-22 16:30:25,244 INFO Importado B.O.M. C:\Users\PRODUCAO-2.0\J I MONTADORA DE VEICULOS ESPECIAIS LTDA\JI Montadora - 02 Produção\01 Controle de Produção\01 - Projeto Cadastro\02 - B.O.M\02. CATEGORIA ABS\14 - CJ CONSOLE AC TRANSIT L3H3 ACABAMENTO MADEIRA REVESTIDA.xlsx
2026-06-22 16:30:25,412 INFO Importado B.O.M. C:\Users\PRODUCAO-2.0\J I MONTADORA DE VEICULOS ESPECIAIS LTDA\JI Montadora - 02 Produção\01 Controle de Produção\01 - Projeto Cadastro\02 - B.O.M\02. CATEGORIA ABS\15 - ABS - CJ REVESTIMENTO PLUS RENAULT MASTER L2H2.xlsx
2026-06-22 16:30:25,606 INFO Importado B.O.M. C:\Users\PRODUCAO-2.0\J I MONTADORA DE VEICULOS ESPECIAIS LTDA\JI Montadora - 02 Produção\01 Controle de Produção\01 - Projeto Cadastro\02 - B.O.M\02. CATEGORIA ABS\16 - ABS - CJ REVESTIMENTO PLUS RENAULT MASTER L3H2.xlsx
2026-06-22 16:30:25,802 INFO Importado B.O.M. C:\Users\PRODUCAO-2.0\J I MONTADORA DE VEICULOS ESPECIAIS LTDA\JI Montadora - 02 Produção\01 Controle de Produção\01 - Projeto Cadastro\02 - B.O.M\02. CATEGORIA ABS\17 - ABS - CJ REVESTIMENTO IVECO 50-180.xlsx
2026-06-22 16:30:25,886 INFO Importado B.O.M. C:\Users\PRODUCAO-2.0\J I MONTADORA DE VEICULOS ESPECIAIS LTDA\JI Montadora - 02 Produção\01 Controle de Produção\01 - Projeto Cadastro\02 - B.O.M\02. CATEGORIA ABS\18 - ABS - CJ. ACABAMENTO ABS ARO JANELAS ESJ.xlsx
2026-06-22 16:30:26,089 INFO Importado B.O.M. C:\Users\PRODUCAO-2.0\J I MONTADORA DE VEICULOS ESPECIAIS LTDA\JI Montadora - 02 Produção\01 Controle de Produção\01 - Projeto Cadastro\02 - B.O.M\02. CATEGORIA ABS\19 - CJ ABS FORROS E-S-J PL-PTS.xlsx
2026-06-22 16:30:26,254 INFO Importado B.O.M. C:\Users\PRODUCAO-2.0\J I MONTADORA DE VEICULOS ESPECIAIS LTDA\JI Montadora - 02 Produção\01 Controle de Produção\01 - Projeto Cadastro\02 - B.O.M\02. CATEGORIA ABS\20 - PP ABS TETO FLOCADO PRETO PC E-S-J TB.xlsx
2026-06-22 16:30:26,419 INFO Importado B.O.M. C:\Users\PRODUCAO-2.0\J I MONTADORA DE VEICULOS ESPECIAIS LTDA\JI Montadora - 02 Produção\01 Controle de Produção\01 - Projeto Cadastro\02 - B.O.M\02. CATEGORIA ABS\21 - PP ALCA PQP CABINE ORIGINAL LD E-S-J.xlsx
2026-06-22 16:30:26,593 INFO Importado B.O.M. C:\Users\PRODUCAO-2.0\J I MONTADORA DE VEICULOS ESPECIAIS LTDA\JI Montadora - 02 Produção\01 Controle de Produção\01 - Projeto Cadastro\02 - B.O.M\02. CATEGORIA ABS\22 - PP COLUNA B ORIGINAL CINTO SEGURANCA LE E-S-J PRETO FOSCO VINÍLICA.xlsx
2026-06-22 16:30:26,769 INFO Importado B.O.M. C:\Users\PRODUCAO-2.0\J I MONTADORA DE VEICULOS ESPECIAIS LTDA\JI Montadora - 02 Produção\01 Controle de Produção\01 - Projeto Cadastro\02 - B.O.M\02. CATEGORIA ABS\23 - PP COLUNA B ORIGINAL CINTO SEGURANCA LD E-S-J PRETO FOSCO VINÍLICA.xlsx
2026-06-22 16:30:26,941 INFO Importado B.O.M. C:\Users\PRODUCAO-2.0\J I MONTADORA DE VEICULOS ESPECIAIS LTDA\JI Montadora - 02 Produção\01 Controle de Produção\01 - Projeto Cadastro\02 - B.O.M\02. CATEGORIA ABS\24 - PP COLUNA A ORIGINAL LE E-S-J PRETO FOSCO VINÍLICA.xlsx
2026-06-22 16:30:27,116 INFO Importado B.O.M. C:\Users\PRODUCAO-2.0\J I MONTADORA DE VEICULOS ESPECIAIS LTDA\JI Montadora - 02 Produção\01 Controle de Produção\01 - Projeto Cadastro\02 - B.O.M\02. CATEGORIA ABS\25 - PP COLUNA A ORIGINAL LD E-S-J PRETO FOSCO VINÍLICA.xlsx
2026-06-22 16:30:27,286 INFO Importado B.O.M. C:\Users\PRODUCAO-2.0\J I MONTADORA DE VEICULOS ESPECIAIS LTDA\JI Montadora - 02 Produção\01 Controle de Produção\01 - Projeto Cadastro\02 - B.O.M\02. CATEGORIA ABS\26 - PP TETO ORIGINAL CABINE E-S-J PRETO FOSCO VINÍLICA.xlsx
2026-06-22 16:30:27,456 INFO Importado B.O.M. C:\Users\PRODUCAO-2.0\J I MONTADORA DE VEICULOS ESPECIAIS LTDA\JI Montadora - 02 Produção\01 Controle de Produção\01 - Projeto Cadastro\02 - B.O.M\02. CATEGORIA ABS\27 - PP QUEBRA SOL ORIGINAL CABINE E-S-J LD PRETO FOSCO VINÍLICA.xlsx
2026-06-22 16:30:27,641 INFO Importado B.O.M. C:\Users\PRODUCAO-2.0\J I MONTADORA DE VEICULOS ESPECIAIS LTDA\JI Montadora - 02 Produção\01 Controle de Produção\01 - Projeto Cadastro\02 - B.O.M\02. CATEGORIA ABS\27 - PP QUEBRA SOL ORIGINAL CABINE E-S-J LE PRETO FOSCO VINÍLICA.xlsx
2026-06-22 16:30:27,833 INFO Importado B.O.M. C:\Users\PRODUCAO-2.0\J I MONTADORA DE VEICULOS ESPECIAIS LTDA\JI Montadora - 02 Produção\01 Controle de Produção\01 - Projeto Cadastro\02 - B.O.M\02. CATEGORIA ABS\28 - PP SUPORTE QUEBRA SOL ORIGINAL CABINE E-S-J PRETO FOSCO VINÍLICA.xlsx
2026-06-22 16:30:28,026 INFO Importado B.O.M. C:\Users\PRODUCAO-2.0\J I MONTADORA DE VEICULOS ESPECIAIS LTDA\JI Montadora - 02 Produção\01 Controle de Produção\01 - Projeto Cadastro\02 - B.O.M\02. CATEGORIA ABS\29 - PP ACABAMENTO PLASTICO ORIGINAL MICROFONE SOM E-S-J.xlsx
2026-06-22 16:30:28,189 INFO Importado B.O.M. C:\Users\PRODUCAO-2.0\J I MONTADORA DE VEICULOS ESPECIAIS LTDA\JI Montadora - 02 Produção\01 Controle de Produção\01 - Projeto Cadastro\02 - B.O.M\02. CATEGORIA ABS\30 - PP LUMINARIA CABINE ORIGINAL E-S-J PRETO FOSCO VINÍLICA.xlsx
2026-06-22 16:30:28,359 INFO Importado B.O.M. C:\Users\PRODUCAO-2.0\J I MONTADORA DE VEICULOS ESPECIAIS LTDA\JI Montadora - 02 Produção\01 Controle de Produção\01 - Projeto Cadastro\02 - B.O.M\02. CATEGORIA ABS\31 - CJ TETO E-S-J VELUDO PRETO SALAO-CABINE-COLUNAB- COLUNAA-ACESSORIOS ORICAB.xlsx
2026-06-22 16:30:28,448 INFO Importado B.O.M. C:\Users\PRODUCAO-2.0\J I MONTADORA DE VEICULOS ESPECIAIS LTDA\JI Montadora - 02 Produção\01 Controle de Produção\01 - Projeto Cadastro\02 - B.O.M\02. CATEGORIA ABS\32 - CJ REVESTIMENTO E-S-J TB C. TETO VELUDO PRETO.xlsx
2026-06-22 16:30:28,527 INFO Importado B.O.M. C:\Users\PRODUCAO-2.0\J I MONTADORA DE VEICULOS ESPECIAIS LTDA\JI Montadora - 02 Produção\01 Controle de Produção\01 - Projeto Cadastro\02 - B.O.M\02. CATEGORIA ABS\33 - ABS - CJ REVESTIMENTO TRANSIT L3H2 VITRE.xlsx
2026-06-22 16:30:28,730 INFO Importado B.O.M. C:\Users\PRODUCAO-2.0\J I MONTADORA DE VEICULOS ESPECIAIS LTDA\JI Montadora - 02 Produção\01 Controle de Produção\01 - Projeto Cadastro\02 - B.O.M\02. CATEGORIA ABS\34 - PP ABS PC ALETA AR PRETA E-S-J TB PILAR.xlsx
2026-06-22 16:30:28,933 INFO Importado B.O.M. C:\Users\PRODUCAO-2.0\J I MONTADORA DE VEICULOS ESPECIAIS LTDA\JI Montadora - 02 Produção\01 Controle de Produção\01 - Projeto Cadastro\02 - B.O.M\02. CATEGORIA ABS\35 - PP ARO JANELA PVC 1º VAO LE ESJ C-CLASS.xlsx
2026-06-22 16:30:29,106 INFO Importado B.O.M. C:\Users\PRODUCAO-2.0\J I MONTADORA DE VEICULOS ESPECIAIS LTDA\JI Montadora - 02 Produção\01 Controle de Produção\01 - Projeto Cadastro\02 - B.O.M\02. CATEGORIA ABS\36 - PP ARO JANELA PVC 2º VAO LE ESJ C-CLASS.xlsx
2026-06-22 16:30:29,266 INFO Importado B.O.M. C:\Users\PRODUCAO-2.0\J I MONTADORA DE VEICULOS ESPECIAIS LTDA\JI Montadora - 02 Produção\01 Controle de Produção\01 - Projeto Cadastro\02 - B.O.M\02. CATEGORIA ABS\37 - PP ARO JANELA PVC 2º VAO LD ESJ C-CLASS.xlsx
2026-06-22 16:30:29,433 INFO Importado B.O.M. C:\Users\PRODUCAO-2.0\J I MONTADORA DE VEICULOS ESPECIAIS LTDA\JI Montadora - 02 Produção\01 Controle de Produção\01 - Projeto Cadastro\02 - B.O.M\02. CATEGORIA ABS\38 - CJ ABS ACABAMENTO ARO JANELAS ESJ C. CORTINA VELUDO PRETA.xlsx
2026-06-22 16:30:29,616 INFO Importado B.O.M. C:\Users\PRODUCAO-2.0\J I MONTADORA DE VEICULOS ESPECIAIS LTDA\JI Montadora - 02 Produção\01 Controle de Produção\01 - Projeto Cadastro\02 - B.O.M\02. CATEGORIA ABS\39 - PP ABS PC C. MOLDURA CORTINA PVC ESJ C-CLASS TB LATERAL MOTORISTA LE 1º2º VAO.xlsx
2026-06-22 16:30:29,842 INFO Importado B.O.M. C:\Users\PRODUCAO-2.0\J I MONTADORA DE VEICULOS ESPECIAIS LTDA\JI Montadora - 02 Produção\01 Controle de Produção\01 - Projeto Cadastro\02 - B.O.M\02. CATEGORIA ABS\40 - PP ABS PC C. MOLDURA CORTINA PVC ESJ C-CLASS TB LATERAL PASSAGEIRO LD 2º VAO.xlsx
2026-06-22 16:30:30,025 INFO Importado B.O.M. C:\Users\PRODUCAO-2.0\J I MONTADORA DE VEICULOS ESPECIAIS LTDA\JI Montadora - 02 Produção\01 Controle de Produção\01 - Projeto Cadastro\02 - B.O.M\02. CATEGORIA ABS\41 - PP ABS PC C. MOLDURA CORTINA PVC ESJ C-CLASS TB LATERAL MOTORISTA LE 1º2º VAO CINZA RAL 7021 PU - TI.01.J04.xlsx
2026-06-22 16:30:30,192 INFO Importado B.O.M. C:\Users\PRODUCAO-2.0\J I MONTADORA DE VEICULOS ESPECIAIS LTDA\JI Montadora - 02 Produção\01 Controle de Produção\01 - Projeto Cadastro\02 - B.O.M\02. CATEGORIA ABS\42 - PP ABS PC C. MOL COR ESJ C-CLAS LAT LD 2º CINZA RAL 7021 PU - TI.01.J04.xlsx
2026-06-22 16:30:30,350 INFO Importado B.O.M. C:\Users\PRODUCAO-2.0\J I MONTADORA DE VEICULOS ESPECIAIS LTDA\JI Montadora - 02 Produção\01 Controle de Produção\01 - Projeto Cadastro\02 - B.O.M\02. CATEGORIA ABS\43 - PP ABS ESJ ACAB INF PL LD CINZA RAL 7021 PU - TI.01.J04.xlsx
2026-06-22 16:30:30,513 INFO Importado B.O.M. C:\Users\PRODUCAO-2.0\J I MONTADORA DE VEICULOS ESPECIAIS LTDA\JI Montadora - 02 Produção\01 Controle de Produção\01 - Projeto Cadastro\02 - B.O.M\02. CATEGORIA ABS\44 - PP ABS ESJ ACAB INF PT LE CINZA RAL 7021 PU - TI.01.J04.xlsx
2026-06-22 16:30:30,736 INFO Importado B.O.M. C:\Users\PRODUCAO-2.0\J I MONTADORA DE VEICULOS ESPECIAIS LTDA\JI Montadora - 02 Produção\01 Controle de Produção\01 - Projeto Cadastro\02 - B.O.M\02. CATEGORIA ABS\45 - PP ABS ESJ ACAB INF PT LD CINZA RAL 7021 PU - TI.01.J04.xlsx
2026-06-22 16:30:30,936 INFO Importado B.O.M. C:\Users\PRODUCAO-2.0\J I MONTADORA DE VEICULOS ESPECIAIS LTDA\JI Montadora - 02 Produção\01 Controle de Produção\01 - Projeto Cadastro\02 - B.O.M\02. CATEGORIA ABS\46 - PP ABS ESJ ACAB ARO PL LD CINZA RAL 7021 PU - TI.01.J04.xlsx
2026-06-22 16:30:31,109 INFO Importado B.O.M. C:\Users\PRODUCAO-2.0\J I MONTADORA DE VEICULOS ESPECIAIS LTDA\JI Montadora - 02 Produção\01 Controle de Produção\01 - Projeto Cadastro\02 - B.O.M\02. CATEGORIA ABS\47 - PP ABS ESJ ACAB ARO PT LE CINZA RAL 7021 PU - TI.01.J04.xlsx
2026-06-22 16:30:31,273 INFO Importado B.O.M. C:\Users\PRODUCAO-2.0\J I MONTADORA DE VEICULOS ESPECIAIS LTDA\JI Montadora - 02 Produção\01 Controle de Produção\01 - Projeto Cadastro\02 - B.O.M\02. CATEGORIA ABS\48 - PP ABS ESJ ACAB ARO PT LD CINZA RAL 7021 PU - TI.01.J04.xlsx
2026-06-22 16:30:31,353 INFO Importado B.O.M. C:\Users\PRODUCAO-2.0\J I MONTADORA DE VEICULOS ESPECIAIS LTDA\JI Montadora - 02 Produção\01 Controle de Produção\01 - Projeto Cadastro\02 - B.O.M\02. CATEGORIA ABS\49 - PP ABS ESJ ACAB COLUNA CINTO SEGURANCA LD CINZA RAL 7021 PU - TI.01.J04.xlsx
2026-06-22 16:30:31,436 INFO Importado B.O.M. C:\Users\PRODUCAO-2.0\J I MONTADORA DE VEICULOS ESPECIAIS LTDA\JI Montadora - 02 Produção\01 Controle de Produção\01 - Projeto Cadastro\02 - B.O.M\02. CATEGORIA ABS\50 - CJ REVES ESJ CINZA RAL C. MOLD. P. CORTINAS EMBUT E TETO C. VELUDO PRETO.xlsx
2026-06-22 16:30:31,521 INFO Importado B.O.M. C:\Users\PRODUCAO-2.0\J I MONTADORA DE VEICULOS ESPECIAIS LTDA\JI Montadora - 02 Produção\01 Controle de Produção\01 - Projeto Cadastro\02 - B.O.M\02. CATEGORIA ABS\51 - CJ ABS ACAB ARO JANELAS ESJ CINZA RAL 7021 PU - TI.01.J04 C. CORT VEL PRE.xlsx
2026-06-22 16:30:31,598 INFO Importado B.O.M. C:\Users\PRODUCAO-2.0\J I MONTADORA DE VEICULOS ESPECIAIS LTDA\JI Montadora - 02 Produção\01 Controle de Produção\01 - Projeto Cadastro\02 - B.O.M\02. CATEGORIA ABS\52 - CJ ABS ACAB ARO JAN ESJ CINZA RAL 7021 PU - TI.01.J04.xlsx
2026-06-22 16:30:31,761 INFO Importado B.O.M. C:\Users\PRODUCAO-2.0\J I MONTADORA DE VEICULOS ESPECIAIS LTDA\JI Montadora - 02 Produção\01 Controle de Produção\01 - Projeto Cadastro\02 - B.O.M\03. CATEGORIA ISOLAMENTO\01 - CJ ISOLAMENTO TERMICO P. MASTER L3H2 C. MANTA AUTOADESIVA ALUMINIZADA.xlsx
2026-06-22 16:30:31,944 INFO Importado B.O.M. C:\Users\PRODUCAO-2.0\J I MONTADORA DE VEICULOS ESPECIAIS LTDA\JI Montadora - 02 Produção\01 Controle de Produção\01 - Projeto Cadastro\02 - B.O.M\03. CATEGORIA ISOLAMENTO\02 - CJ ISOLAMENTO TERMICO P E-S-J TB C MANTA AUTOADESIVA ALUMINIZADA.xlsx
2026-06-22 16:30:32,117 INFO Importado B.O.M. C:\Users\PRODUCAO-2.0\J I MONTADORA DE VEICULOS ESPECIAIS LTDA\JI Montadora - 02 Produção\01 Controle de Produção\01 - Projeto Cadastro\02 - B.O.M\03. CATEGORIA ISOLAMENTO\03 - CJ ISOLAMENTO TERMICO P E-S-J TA C MANTA AUTOADESIVA ALUMINIZADA.xlsx
2026-06-22 16:30:32,312 INFO Importado B.O.M. C:\Users\PRODUCAO-2.0\J I MONTADORA DE VEICULOS ESPECIAIS LTDA\JI Montadora - 02 Produção\01 Controle de Produção\01 - Projeto Cadastro\02 - B.O.M\03. CATEGORIA ISOLAMENTO\04 - CJ ISOLAMENTO TERMICO P MASTER L2H2 C MANTA AUTOADESIVA ALUMINIZADA.xlsx
2026-06-22 16:30:32,480 INFO Importado B.O.M. C:\Users\PRODUCAO-2.0\J I MONTADORA DE VEICULOS ESPECIAIS LTDA\JI Montadora - 02 Produção\01 Controle de Produção\01 - Projeto Cadastro\02 - B.O.M\03. CATEGORIA ISOLAMENTO\05 - CJ ISOLAMENTO TERMICO P SPRINTER 417 10 M C MANTA AUTOADESIVA ALUMINIZADA.xlsx
2026-06-22 16:30:32,649 INFO Importado B.O.M. C:\Users\PRODUCAO-2.0\J I MONTADORA DE VEICULOS ESPECIAIS LTDA\JI Montadora - 02 Produção\01 Controle de Produção\01 - Projeto Cadastro\02 - B.O.M\03. CATEGORIA ISOLAMENTO\06 - CJ ISOLAMENTO TERMICO P SPRINTER 417 14 M C MANTA AUTOADESIVA ALUMINIZADA.xlsx
2026-06-22 16:30:32,823 INFO Importado B.O.M. C:\Users\PRODUCAO-2.0\J I MONTADORA DE VEICULOS ESPECIAIS LTDA\JI Montadora - 02 Produção\01 Controle de Produção\01 - Projeto Cadastro\02 - B.O.M\03. CATEGORIA ISOLAMENTO\07 - CJ ISOLAMENTO TERMICO P SPRINTER 517 15 M C MANTA AUTOADESIVA ALUMINIZADA.xlsx
2026-06-22 16:30:32,976 INFO Importado B.O.M. C:\Users\PRODUCAO-2.0\J I MONTADORA DE VEICULOS ESPECIAIS LTDA\JI Montadora - 02 Produção\01 Controle de Produção\01 - Projeto Cadastro\02 - B.O.M\03. CATEGORIA ISOLAMENTO\08 - CJ ISOLAMENTO TERMICO P B-J-D C MANTA AUTOADESIVA ALUMINIZADA.xlsx
2026-06-22 16:30:33,160 INFO Importado B.O.M. C:\Users\PRODUCAO-2.0\J I MONTADORA DE VEICULOS ESPECIAIS LTDA\JI Montadora - 02 Produção\01 Controle de Produção\01 - Projeto Cadastro\02 - B.O.M\03. CATEGORIA ISOLAMENTO\09 - CJ ISOLAMENTO TERMICO P TRANSIT L3H3 C MANTA AUTOADESIVA.xlsx
2026-06-22 16:30:33,345 INFO Importado B.O.M. C:\Users\PRODUCAO-2.0\J I MONTADORA DE VEICULOS ESPECIAIS LTDA\JI Montadora - 02 Produção\01 Controle de Produção\01 - Projeto Cadastro\02 - B.O.M\03. CATEGORIA ISOLAMENTO\10 - CJ ISOLAMENTO TERMICO P TRANSIT L4H3 C MANTA AUTOADESIVA.xlsx
2026-06-22 16:30:33,429 INFO Importado B.O.M. C:\Users\PRODUCAO-2.0\J I MONTADORA DE VEICULOS ESPECIAIS LTDA\JI Montadora - 02 Produção\01 Controle de Produção\01 - Projeto Cadastro\02 - B.O.M\04. CATEGORIA PISO\01 - CJ PISO CN 12 MM MASTER L3H2 LG BRIGHT GRAFITE 92402 - UNIVERSAL - R00.xlsx
2026-06-22 16:30:33,586 INFO Importado B.O.M. C:\Users\PRODUCAO-2.0\J I MONTADORA DE VEICULOS ESPECIAIS LTDA\JI Montadora - 02 Produção\01 Controle de Produção\01 - Projeto Cadastro\02 - B.O.M\04. CATEGORIA PISO\01.1 - PP PISO CN 12 MM MASTER L3H2 - UNIVERSAL - R00.xlsx
2026-06-22 16:30:33,749 INFO Importado B.O.M. C:\Users\PRODUCAO-2.0\J I MONTADORA DE VEICULOS ESPECIAIS LTDA\JI Montadora - 02 Produção\01 Controle de Produção\01 - Projeto Cadastro\02 - B.O.M\04. CATEGORIA PISO\02 - CJ CANTONEIRA PVC PRETA PORTAS LATERAL E TRASEIRA RENAULT MASTER L2H2-L3H2.xlsx
2026-06-22 16:30:33,828 INFO Importado B.O.M. C:\Users\PRODUCAO-2.0\J I MONTADORA DE VEICULOS ESPECIAIS LTDA\JI Montadora - 02 Produção\01 Controle de Produção\01 - Projeto Cadastro\02 - B.O.M\04. CATEGORIA PISO\02.1 - PP CANTONEIRA PVC PRETA PORTA LATERAL CORREDICA RENAULT MASTER L2H2-L3H2.xlsx
2026-06-22 16:30:33,999 INFO Importado B.O.M. C:\Users\PRODUCAO-2.0\J I MONTADORA DE VEICULOS ESPECIAIS LTDA\JI Montadora - 02 Produção\01 Controle de Produção\01 - Projeto Cadastro\02 - B.O.M\04. CATEGORIA PISO\02.2 - PP CANTONEIRA PVC PRETA PORTA TRASEIRA RENAULT MASTER L2H2-L3H2.xlsx
2026-06-22 16:30:34,079 INFO Importado B.O.M. C:\Users\PRODUCAO-2.0\J I MONTADORA DE VEICULOS ESPECIAIS LTDA\JI Montadora - 02 Produção\01 Controle de Produção\01 - Projeto Cadastro\02 - B.O.M\04. CATEGORIA PISO\03 - CJ PISO CN 12 MM MASTER L2H2 LG BRIGHT GRAFITE 92402 - UNIVERSAL - R00.xlsx
2026-06-22 16:30:34,228 INFO Importado B.O.M. C:\Users\PRODUCAO-2.0\J I MONTADORA DE VEICULOS ESPECIAIS LTDA\JI Montadora - 02 Produção\01 Controle de Produção\01 - Projeto Cadastro\02 - B.O.M\04. CATEGORIA PISO\03.1 - PP PISO CN 12 MM MASTER L2H2 - UNIVERSAL - R00 - 311-20.01-02.01-0001.xlsx
2026-06-22 16:30:34,303 INFO Importado B.O.M. C:\Users\PRODUCAO-2.0\J I MONTADORA DE VEICULOS ESPECIAIS LTDA\JI Montadora - 02 Produção\01 Controle de Produção\01 - Projeto Cadastro\02 - B.O.M\04. CATEGORIA PISO\04 - CJ ACABAMENTO TUBULAÇÃO AC RENAULT MASTER L3H2 VITRE LG BRIGHT GRAFITE 92402.xlsx
2026-06-22 16:30:34,378 INFO Importado B.O.M. C:\Users\PRODUCAO-2.0\J I MONTADORA DE VEICULOS ESPECIAIS LTDA\JI Montadora - 02 Produção\01 Controle de Produção\01 - Projeto Cadastro\02 - B.O.M\04. CATEGORIA PISO\04.1 - PP CAIXA COMPENSADO NAVAL P ACABAMENTO TUBULAÇÃO AC RENAULT MASTER.xlsx
2026-06-22 16:30:34,528 INFO Importado B.O.M. C:\Users\PRODUCAO-2.0\J I MONTADORA DE VEICULOS ESPECIAIS LTDA\JI Montadora - 02 Produção\01 Controle de Produção\01 - Projeto Cadastro\02 - B.O.M\04. CATEGORIA PISO\05 - CJ ACABAMENTO TUBULAÇÃO AC RENAULT MASTER L3H2 VITRE PASSADEIRA AMADEIRADA TARKETT.xlsx
2026-06-22 16:30:34,686 INFO Importado B.O.M. C:\Users\PRODUCAO-2.0\J I MONTADORA DE VEICULOS ESPECIAIS LTDA\JI Montadora - 02 Produção\01 Controle de Produção\01 - Projeto Cadastro\02 - B.O.M\04. CATEGORIA PISO\05.1 - PP CAIXA COMPENSADO NAVAL P ACAB TUBU AC REN MAS L3H2 VITRE.xlsx
2026-06-22 16:30:34,786 INFO Importado B.O.M. C:\Users\PRODUCAO-2.0\J I MONTADORA DE VEICULOS ESPECIAIS LTDA\JI Montadora - 02 Produção\01 Controle de Produção\01 - Projeto Cadastro\02 - B.O.M\04. CATEGORIA PISO\06 - CJ CANTONEIRA PVC PRETA PORTA TRASEIRA SPRINTER.xlsx
2026-06-22 16:30:34,960 INFO Importado B.O.M. C:\Users\PRODUCAO-2.0\J I MONTADORA DE VEICULOS ESPECIAIS LTDA\JI Montadora - 02 Produção\01 Controle de Produção\01 - Projeto Cadastro\02 - B.O.M\04. CATEGORIA PISO\06.1 - PP CANTONEIRA PVC PRETA PORTA TRASEIRA SPRINTER.xlsx
2026-06-22 16:30:35,042 INFO Importado B.O.M. C:\Users\PRODUCAO-2.0\J I MONTADORA DE VEICULOS ESPECIAIS LTDA\JI Montadora - 02 Produção\01 Controle de Produção\01 - Projeto Cadastro\02 - B.O.M\04. CATEGORIA PISO\07 - CJ CANTONEIRA PVC PRETA PORTAS (LATERAL E TRASEIRA) B-J-D.xlsx
2026-06-22 16:30:35,198 INFO Importado B.O.M. C:\Users\PRODUCAO-2.0\J I MONTADORA DE VEICULOS ESPECIAIS LTDA\JI Montadora - 02 Produção\01 Controle de Produção\01 - Projeto Cadastro\02 - B.O.M\04. CATEGORIA PISO\07.2 - PP CANTONEIRA PVC PRETA PORTA LATERAL CORREDICA B-J-D.xlsx
2026-06-22 16:30:35,275 INFO Importado B.O.M. C:\Users\PRODUCAO-2.0\J I MONTADORA DE VEICULOS ESPECIAIS LTDA\JI Montadora - 02 Produção\01 Controle de Produção\01 - Projeto Cadastro\02 - B.O.M\04. CATEGORIA PISO\07.3 - PP CANTONEIRA PVC PRETA PORTA TRASEIRA RENAULT B-J-D.xlsx
2026-06-22 16:30:35,349 INFO Importado B.O.M. C:\Users\PRODUCAO-2.0\J I MONTADORA DE VEICULOS ESPECIAIS LTDA\JI Montadora - 02 Produção\01 Controle de Produção\01 - Projeto Cadastro\02 - B.O.M\04. CATEGORIA PISO\08 - CJ ASSOALHO DEGRAU ENTRADA COMPENSADO NAVAL 12 MM LG BRIGHT GRAFITE 92402.xlsx
2026-06-22 16:30:35,424 INFO Importado B.O.M. C:\Users\PRODUCAO-2.0\J I MONTADORA DE VEICULOS ESPECIAIS LTDA\JI Montadora - 02 Produção\01 Controle de Produção\01 - Projeto Cadastro\02 - B.O.M\04. CATEGORIA PISO\08.1 - PP ASSOALHO DEGRAU ENTRADA TRANSIT COMPENSADO NAVAL 12 MM.xlsx
2026-06-22 16:30:35,574 INFO Importado B.O.M. C:\Users\PRODUCAO-2.0\J I MONTADORA DE VEICULOS ESPECIAIS LTDA\JI Montadora - 02 Produção\01 Controle de Produção\01 - Projeto Cadastro\02 - B.O.M\04. CATEGORIA PISO\09 - CJ ASSOALHO DEGRAU ENTRADA TRANSIT COMPENSADO NAVAL 12 MM PASSADEIRA AMADEIRADA.xlsx
2026-06-22 16:30:35,657 INFO Importado B.O.M. C:\Users\PRODUCAO-2.0\J I MONTADORA DE VEICULOS ESPECIAIS LTDA\JI Montadora - 02 Produção\01 Controle de Produção\01 - Projeto Cadastro\02 - B.O.M\04. CATEGORIA PISO\10 - CJ PISO CN 12 MM MASTER L2H2 PASSADEIRA AMADEIRADA TARKETT DB-UNIVERSAL- R00.xlsx
2026-06-22 16:30:35,818 INFO Importado B.O.M. C:\Users\PRODUCAO-2.0\J I MONTADORA DE VEICULOS ESPECIAIS LTDA\JI Montadora - 02 Produção\01 Controle de Produção\01 - Projeto Cadastro\02 - B.O.M\04. CATEGORIA PISO\11 - CJ PISO CN 12 MM MASTER L3H2 PASSADEIRA AMADEIRADA TARKETT DARK BROWN - UNIVERSAL.xlsx
2026-06-22 16:30:35,903 INFO Importado B.O.M. C:\Users\PRODUCAO-2.0\J I MONTADORA DE VEICULOS ESPECIAIS LTDA\JI Montadora - 02 Produção\01 Controle de Produção\01 - Projeto Cadastro\02 - B.O.M\04. CATEGORIA PISO\12 - CJ PISO CN 12 MM SPRINTER 417 10,5 FG LG BRIGHTGRAFITE92402-UNIVERSAL-R00.xlsx
2026-06-22 16:30:35,979 INFO Importado B.O.M. C:\Users\PRODUCAO-2.0\J I MONTADORA DE VEICULOS ESPECIAIS LTDA\JI Montadora - 02 Produção\01 Controle de Produção\01 - Projeto Cadastro\02 - B.O.M\04. CATEGORIA PISO\12.1 - PP PISO CN 12 MM SPRINTER 417 10,5 FG - UNIVERSAL - R00.xlsx
2026-06-22 16:30:36,058 INFO Importado B.O.M. C:\Users\PRODUCAO-2.0\J I MONTADORA DE VEICULOS ESPECIAIS LTDA\JI Montadora - 02 Produção\01 Controle de Produção\01 - Projeto Cadastro\02 - B.O.M\04. CATEGORIA PISO\13 - CJ PISO CN 12 MM SPRINTER 417 10,5 VITRE LG BRIGHT GRAFITE 92402-UNIVERSAL-R00.xlsx
2026-06-22 16:30:36,236 INFO Importado B.O.M. C:\Users\PRODUCAO-2.0\J I MONTADORA DE VEICULOS ESPECIAIS LTDA\JI Montadora - 02 Produção\01 Controle de Produção\01 - Projeto Cadastro\02 - B.O.M\04. CATEGORIA PISO\13.1 - PP PISO CN 12 MM SPRINTER 417 10,5 VITRE - UNIVERSAL - R00.xlsx
2026-06-22 16:30:36,325 INFO Importado B.O.M. C:\Users\PRODUCAO-2.0\J I MONTADORA DE VEICULOS ESPECIAIS LTDA\JI Montadora - 02 Produção\01 Controle de Produção\01 - Projeto Cadastro\02 - B.O.M\04. CATEGORIA PISO\14 - CJ PISO CN 12 MM SPRINTER 417 10,5 PASSADEIRA AMADEIRADATARKETTDARKBROWN.xlsx
2026-06-22 16:30:36,436 INFO Importado B.O.M. C:\Users\PRODUCAO-2.0\J I MONTADORA DE VEICULOS ESPECIAIS LTDA\JI Montadora - 02 Produção\01 Controle de Produção\01 - Projeto Cadastro\02 - B.O.M\04. CATEGORIA PISO\15 - CJ PISO CN 12 MM SPRINTER 417 10,5 VITRE PASSADEIRA AMADEIRADA TARKETT DARK BROWN.xlsx
2026-06-22 16:30:36,538 INFO Importado B.O.M. C:\Users\PRODUCAO-2.0\J I MONTADORA DE VEICULOS ESPECIAIS LTDA\JI Montadora - 02 Produção\01 Controle de Produção\01 - Projeto Cadastro\02 - B.O.M\04. CATEGORIA PISO\16 - CJ PISO CN 12 MM SPRINTER 417 14 FG LG BRIGHT GRAFITE 92402 - UNIVERSAL - R00.xlsx
2026-06-22 16:30:36,728 INFO Importado B.O.M. C:\Users\PRODUCAO-2.0\J I MONTADORA DE VEICULOS ESPECIAIS LTDA\JI Montadora - 02 Produção\01 Controle de Produção\01 - Projeto Cadastro\02 - B.O.M\04. CATEGORIA PISO\16.1 - PP PISO CN 12 MM SPRINTER 417 14 FG - UNIVERSAL - R00.xlsx
2026-06-22 16:30:36,904 INFO Importado B.O.M. C:\Users\PRODUCAO-2.0\J I MONTADORA DE VEICULOS ESPECIAIS LTDA\JI Montadora - 02 Produção\01 Controle de Produção\01 - Projeto Cadastro\02 - B.O.M\04. CATEGORIA PISO\17 - CJ PISO CN 12 MM SPRINTER 417 14 VITRE LG BRIGHT GRAFITE 92402 - UNIV - R00.xlsx
2026-06-22 16:30:37,107 INFO Importado B.O.M. C:\Users\PRODUCAO-2.0\J I MONTADORA DE VEICULOS ESPECIAIS LTDA\JI Montadora - 02 Produção\01 Controle de Produção\01 - Projeto Cadastro\02 - B.O.M\04. CATEGORIA PISO\17.1 - PP PISO CN 12 MM SPRINTER 417 14 VITRE - UNIVERSAL - R00.xlsx
2026-06-22 16:30:37,307 INFO Importado B.O.M. C:\Users\PRODUCAO-2.0\J I MONTADORA DE VEICULOS ESPECIAIS LTDA\JI Montadora - 02 Produção\01 Controle de Produção\01 - Projeto Cadastro\02 - B.O.M\04. CATEGORIA PISO\18 - CJ PISO CN 12 MM SPRINTER 417 14 FG PASSADEIRA AMADEIRADA TARKETT DARK.xlsx
2026-06-22 16:30:37,411 INFO Importado B.O.M. C:\Users\PRODUCAO-2.0\J I MONTADORA DE VEICULOS ESPECIAIS LTDA\JI Montadora - 02 Produção\01 Controle de Produção\01 - Projeto Cadastro\02 - B.O.M\04. CATEGORIA PISO\19 - CJ PISO CN 12 MM SPRINTER 417 14 VITRE PASSADEIRA AMADEIRADA TARKETT DARK.xlsx
2026-06-22 16:30:37,519 INFO Importado B.O.M. C:\Users\PRODUCAO-2.0\J I MONTADORA DE VEICULOS ESPECIAIS LTDA\JI Montadora - 02 Produção\01 Controle de Produção\01 - Projeto Cadastro\02 - B.O.M\04. CATEGORIA PISO\20 - CJ PISO CN 12 MM SPRINTER 517 14 FG LG BRIGHT GRAFITE 92402 - UNIVERSAL - R00.xlsx
2026-06-22 16:30:37,714 INFO Importado B.O.M. C:\Users\PRODUCAO-2.0\J I MONTADORA DE VEICULOS ESPECIAIS LTDA\JI Montadora - 02 Produção\01 Controle de Produção\01 - Projeto Cadastro\02 - B.O.M\04. CATEGORIA PISO\20.1 - PP PISO CN 12 MM SPRINTER 517 14 FG - UNIVERSAL - R00.xlsx
2026-06-22 16:30:37,824 INFO Importado B.O.M. C:\Users\PRODUCAO-2.0\J I MONTADORA DE VEICULOS ESPECIAIS LTDA\JI Montadora - 02 Produção\01 Controle de Produção\01 - Projeto Cadastro\02 - B.O.M\04. CATEGORIA PISO\21 - CJ PISO CN 12 MM SPRINTER 517 14 VITRE LG BRIGHT GRAFITE 92402 - UNIV - R00.xlsx
2026-06-22 16:30:38,029 INFO Importado B.O.M. C:\Users\PRODUCAO-2.0\J I MONTADORA DE VEICULOS ESPECIAIS LTDA\JI Montadora - 02 Produção\01 Controle de Produção\01 - Projeto Cadastro\02 - B.O.M\04. CATEGORIA PISO\21.1 - PP PISO CN 12 MM SPRINTER 517 14 VITRE - UNIVERSAL - R00.xlsx
2026-06-22 16:30:38,136 INFO Importado B.O.M. C:\Users\PRODUCAO-2.0\J I MONTADORA DE VEICULOS ESPECIAIS LTDA\JI Montadora - 02 Produção\01 Controle de Produção\01 - Projeto Cadastro\02 - B.O.M\04. CATEGORIA PISO\22 - CJ PISO CN 12 MM SPRINTER 517 14 FG PASSADEIRA AMADEIRADA TAR DARK-UNIVER00.xlsx
2026-06-22 16:30:38,229 INFO Importado B.O.M. C:\Users\PRODUCAO-2.0\J I MONTADORA DE VEICULOS ESPECIAIS LTDA\JI Montadora - 02 Produção\01 Controle de Produção\01 - Projeto Cadastro\02 - B.O.M\04. CATEGORIA PISO\23 - CJ PISO CN 12 MM SPRINTER 517 14 VITRE PASSADEIRA AMADEIRADA TARDARK-UNIVER00.xlsx
2026-06-22 16:30:38,322 INFO Importado B.O.M. C:\Users\PRODUCAO-2.0\J I MONTADORA DE VEICULOS ESPECIAIS LTDA\JI Montadora - 02 Produção\01 Controle de Produção\01 - Projeto Cadastro\02 - B.O.M\04. CATEGORIA PISO\24 - CJ PISO CN 12 MM SPRINTER 517 15 FG LG BRIGHT GRAFITE 92402 - UNIVERSAL - R00.xlsx
2026-06-22 16:30:38,445 INFO Importado B.O.M. C:\Users\PRODUCAO-2.0\J I MONTADORA DE VEICULOS ESPECIAIS LTDA\JI Montadora - 02 Produção\01 Controle de Produção\01 - Projeto Cadastro\02 - B.O.M\04. CATEGORIA PISO\24.1 - PP PISO CN 12 MM SPRINTER 517 15 FG - UNIVERSAL - R00.xlsx
2026-06-22 16:30:38,554 INFO Importado B.O.M. C:\Users\PRODUCAO-2.0\J I MONTADORA DE VEICULOS ESPECIAIS LTDA\JI Montadora - 02 Produção\01 Controle de Produção\01 - Projeto Cadastro\02 - B.O.M\04. CATEGORIA PISO\25 - CJ PISO CN 12 MM SPRINTER 517 15 VITRE LG BRIGHT GRAFITE 92402 - UNIVE-R00.xlsx
2026-06-22 16:30:38,701 INFO Importado B.O.M. C:\Users\PRODUCAO-2.0\J I MONTADORA DE VEICULOS ESPECIAIS LTDA\JI Montadora - 02 Produção\01 Controle de Produção\01 - Projeto Cadastro\02 - B.O.M\04. CATEGORIA PISO\25.1 - PP PISO CN 12 MM SPRINTER 517 15 VITRE - UNIVERSAL - R00.xlsx
2026-06-22 16:30:38,775 INFO Importado B.O.M. C:\Users\PRODUCAO-2.0\J I MONTADORA DE VEICULOS ESPECIAIS LTDA\JI Montadora - 02 Produção\01 Controle de Produção\01 - Projeto Cadastro\02 - B.O.M\04. CATEGORIA PISO\26 - CJ PISO CN 12 MM SPRINTER 517 15 FG AMA TARKETT DARK BROWN - UNIVERSAL - R00.xlsx
2026-06-22 16:30:38,854 INFO Importado B.O.M. C:\Users\PRODUCAO-2.0\J I MONTADORA DE VEICULOS ESPECIAIS LTDA\JI Montadora - 02 Produção\01 Controle de Produção\01 - Projeto Cadastro\02 - B.O.M\04. CATEGORIA PISO\27 - CJ PISO CN 12 MM SPRINTER 517 15 VITRE AMA TARKETT DA BR - UNIVERSAL - R00.xlsx
2026-06-22 16:30:38,940 INFO Importado B.O.M. C:\Users\PRODUCAO-2.0\J I MONTADORA DE VEICULOS ESPECIAIS LTDA\JI Montadora - 02 Produção\01 Controle de Produção\01 - Projeto Cadastro\02 - B.O.M\04. CATEGORIA PISO\28 - CJ PISO CN 12 MM E-S-J TB LG BRIGHT GRAFITE 92402 - UNIVERSAL - R00.xlsx
2026-06-22 16:30:39,147 INFO Importado B.O.M. C:\Users\PRODUCAO-2.0\J I MONTADORA DE VEICULOS ESPECIAIS LTDA\JI Montadora - 02 Produção\01 Controle de Produção\01 - Projeto Cadastro\02 - B.O.M\04. CATEGORIA PISO\28.1 - PP PISO CN 12 MM E-S-J TB - UNIVERSAL - R00.xlsx
2026-06-22 16:30:39,238 INFO Importado B.O.M. C:\Users\PRODUCAO-2.0\J I MONTADORA DE VEICULOS ESPECIAIS LTDA\JI Montadora - 02 Produção\01 Controle de Produção\01 - Projeto Cadastro\02 - B.O.M\04. CATEGORIA PISO\29 - CJ PISO CN 12 MM E-S-J TA LG BRIGHT GRAFITE 92402 - UNIVERSAL - R00.xlsx
2026-06-22 16:30:39,392 INFO Importado B.O.M. C:\Users\PRODUCAO-2.0\J I MONTADORA DE VEICULOS ESPECIAIS LTDA\JI Montadora - 02 Produção\01 Controle de Produção\01 - Projeto Cadastro\02 - B.O.M\04. CATEGORIA PISO\29.1 - PP PISO CN 12 MM E-S-J TA - UNIVERSAL - R00.xlsx
2026-06-22 16:30:39,471 INFO Importado B.O.M. C:\Users\PRODUCAO-2.0\J I MONTADORA DE VEICULOS ESPECIAIS LTDA\JI Montadora - 02 Produção\01 Controle de Produção\01 - Projeto Cadastro\02 - B.O.M\04. CATEGORIA PISO\30 - CJ PISO CN 12 MM E-S-J TB AMADEIRADA TARKETT DARK BROWN - UNIVERSAL - R00.xlsx
2026-06-22 16:30:39,613 INFO Importado B.O.M. C:\Users\PRODUCAO-2.0\J I MONTADORA DE VEICULOS ESPECIAIS LTDA\JI Montadora - 02 Produção\01 Controle de Produção\01 - Projeto Cadastro\02 - B.O.M\04. CATEGORIA PISO\31 - CJ PISO CN 12 MM E-S-J TA PASSADEIRA AMADEIRADA TARKETT DARK BROWN - UNIVERSAL.xlsx
2026-06-22 16:30:39,709 INFO Importado B.O.M. C:\Users\PRODUCAO-2.0\J I MONTADORA DE VEICULOS ESPECIAIS LTDA\JI Montadora - 02 Produção\01 Controle de Produção\01 - Projeto Cadastro\02 - B.O.M\04. CATEGORIA PISO\32 - CJ PISO CN 12 MM B-J-D FG LG BRIGHT GRAFITE 92402 - UNIVERSAL - R00.xlsx
2026-06-22 16:30:39,906 INFO Importado B.O.M. C:\Users\PRODUCAO-2.0\J I MONTADORA DE VEICULOS ESPECIAIS LTDA\JI Montadora - 02 Produção\01 Controle de Produção\01 - Projeto Cadastro\02 - B.O.M\04. CATEGORIA PISO\32.1 - PP PISO CN 12 MM B-J-D FG - UNIVERSAL - R00.xlsx
2026-06-22 16:30:39,997 INFO Importado B.O.M. C:\Users\PRODUCAO-2.0\J I MONTADORA DE VEICULOS ESPECIAIS LTDA\JI Montadora - 02 Produção\01 Controle de Produção\01 - Projeto Cadastro\02 - B.O.M\04. CATEGORIA PISO\33 - CJ PISO CN 12 MM B-J-D VITRE LG BRIGHT GRAFITE 92402 - UNIVERSAL - R00.xlsx
2026-06-22 16:30:40,148 INFO Importado B.O.M. C:\Users\PRODUCAO-2.0\J I MONTADORA DE VEICULOS ESPECIAIS LTDA\JI Montadora - 02 Produção\01 Controle de Produção\01 - Projeto Cadastro\02 - B.O.M\04. CATEGORIA PISO\33.1 - PP PISO CN 12 MM B-J-D VITRE - UNIVERSAL - R00.xlsx
2026-06-22 16:30:40,222 INFO Importado B.O.M. C:\Users\PRODUCAO-2.0\J I MONTADORA DE VEICULOS ESPECIAIS LTDA\JI Montadora - 02 Produção\01 Controle de Produção\01 - Projeto Cadastro\02 - B.O.M\04. CATEGORIA PISO\34 - CJ PISO CN 12 MM B-J-D FG AMADE TARKETT DARK BROWN - UNIVER00.xlsx
2026-06-22 16:30:40,364 INFO Importado B.O.M. C:\Users\PRODUCAO-2.0\J I MONTADORA DE VEICULOS ESPECIAIS LTDA\JI Montadora - 02 Produção\01 Controle de Produção\01 - Projeto Cadastro\02 - B.O.M\04. CATEGORIA PISO\35 - CJ PISO CN 12 MM B-J-D VITRE PASSADEIRA AMADEIRADA TARKETT DARK BROWN - UNIVERSAL.xlsx
2026-06-22 16:30:40,448 INFO Importado B.O.M. C:\Users\PRODUCAO-2.0\J I MONTADORA DE VEICULOS ESPECIAIS LTDA\JI Montadora - 02 Produção\01 Controle de Produção\01 - Projeto Cadastro\02 - B.O.M\04. CATEGORIA PISO\36 - CJ PISO CN 12 MM TRANSIT L3H2 VITRE LG BRIGHT GRAFITE 92402 - UNIVERSAL.xlsx
2026-06-22 16:30:40,649 INFO Importado B.O.M. C:\Users\PRODUCAO-2.0\J I MONTADORA DE VEICULOS ESPECIAIS LTDA\JI Montadora - 02 Produção\01 Controle de Produção\01 - Projeto Cadastro\02 - B.O.M\04. CATEGORIA PISO\36.1 - PP PISO CN 12 MM TRANSIT L3H2 VITRE - UNIVERSAL - R00.xlsx
2026-06-22 16:30:40,766 INFO Importado B.O.M. C:\Users\PRODUCAO-2.0\J I MONTADORA DE VEICULOS ESPECIAIS LTDA\JI Montadora - 02 Produção\01 Controle de Produção\01 - Projeto Cadastro\02 - B.O.M\04. CATEGORIA PISO\37 - CJ PISO CN 12 MM TRANSIT L3H2 VITRE AMAD TARKETT DARK BROWN - UNIVR00.xlsx
2026-06-22 16:30:40,855 INFO Importado B.O.M. C:\Users\PRODUCAO-2.0\J I MONTADORA DE VEICULOS ESPECIAIS LTDA\JI Montadora - 02 Produção\01 Controle de Produção\01 - Projeto Cadastro\02 - B.O.M\04. CATEGORIA PISO\38 - CJ PISO CN 12 MM TRANSIT L4H3 VITRE LG BRIGHT GRAFITE 92402 - UNIVERSAL - R00.xlsx
2026-06-22 16:30:41,057 INFO Importado B.O.M. C:\Users\PRODUCAO-2.0\J I MONTADORA DE VEICULOS ESPECIAIS LTDA\JI Montadora - 02 Produção\01 Controle de Produção\01 - Projeto Cadastro\02 - B.O.M\04. CATEGORIA PISO\38.1 - PP PISO CN 12 MM TRANSIT L4H3 VITRE - UNIVERSAL - R00.xlsx
2026-06-22 16:30:41,138 INFO Importado B.O.M. C:\Users\PRODUCAO-2.0\J I MONTADORA DE VEICULOS ESPECIAIS LTDA\JI Montadora - 02 Produção\01 Controle de Produção\01 - Projeto Cadastro\02 - B.O.M\04. CATEGORIA PISO\39 - CJ PISO CN 12 MM TRANSIT L4H3 VITRE AMAD TARKETT DARK BROWN - UNIVR00.xlsx
2026-06-22 16:30:41,235 INFO Importado B.O.M. C:\Users\PRODUCAO-2.0\J I MONTADORA DE VEICULOS ESPECIAIS LTDA\JI Montadora - 02 Produção\01 Controle de Produção\01 - Projeto Cadastro\02 - B.O.M\04. CATEGORIA PISO\40 - CJ PISO CN 12 MM TRANSIT L3H3 LG BRIGHT GRAFITE 92402 - UNIVERSAL - R00.xlsx
2026-06-22 16:30:41,326 INFO Importado B.O.M. C:\Users\PRODUCAO-2.0\J I MONTADORA DE VEICULOS ESPECIAIS LTDA\JI Montadora - 02 Produção\01 Controle de Produção\01 - Projeto Cadastro\02 - B.O.M\04. CATEGORIA PISO\40.1 - PP PISO CN 12 MM TRANSIT L3H3 - UNIVERSAL - R00.xlsx
2026-06-22 16:30:41,506 INFO Importado B.O.M. C:\Users\PRODUCAO-2.0\J I MONTADORA DE VEICULOS ESPECIAIS LTDA\JI Montadora - 02 Produção\01 Controle de Produção\01 - Projeto Cadastro\02 - B.O.M\04. CATEGORIA PISO\41 - CJ PISO CN 12 MM TRANSIT L3H3 PASSADEIRA AMADEIRADA TARKETT DARK BROWN - UNIVERSAL.xlsx
2026-06-22 16:30:41,608 INFO Importado B.O.M. C:\Users\PRODUCAO-2.0\J I MONTADORA DE VEICULOS ESPECIAIS LTDA\JI Montadora - 02 Produção\01 Controle de Produção\01 - Projeto Cadastro\02 - B.O.M\04. CATEGORIA PISO\42 - PP NIVELADOR DE PISO.xlsx
2026-06-22 16:30:41,687 INFO Importado B.O.M. C:\Users\PRODUCAO-2.0\J I MONTADORA DE VEICULOS ESPECIAIS LTDA\JI Montadora - 02 Produção\01 Controle de Produção\01 - Projeto Cadastro\02 - B.O.M\04. CATEGORIA PISO\43 - PP ASSOALHO COMPENSADO NAVAL 700X60.xlsx
2026-06-22 16:30:41,762 INFO Importado B.O.M. C:\Users\PRODUCAO-2.0\J I MONTADORA DE VEICULOS ESPECIAIS LTDA\JI Montadora - 02 Produção\01 Controle de Produção\01 - Projeto Cadastro\02 - B.O.M\04. CATEGORIA PISO\44 - PP ASSOALHO COMPENSADO NAVAL 700X100.xlsx
2026-06-22 16:30:41,839 INFO Importado B.O.M. C:\Users\PRODUCAO-2.0\J I MONTADORA DE VEICULOS ESPECIAIS LTDA\JI Montadora - 02 Produção\01 Controle de Produção\01 - Projeto Cadastro\02 - B.O.M\04. CATEGORIA PISO\45 - CJ APOIO LATERAL PISO.xlsx
2026-06-22 16:30:41,986 INFO Importado B.O.M. C:\Users\PRODUCAO-2.0\J I MONTADORA DE VEICULOS ESPECIAIS LTDA\JI Montadora - 02 Produção\01 Controle de Produção\01 - Projeto Cadastro\02 - B.O.M\04. CATEGORIA PISO\46 - PP SOLEIRA PORTA MALA EXPERT LB 11L ESJ.xlsx
2026-06-22 16:30:42,187 INFO Importado B.O.M. C:\Users\PRODUCAO-2.0\J I MONTADORA DE VEICULOS ESPECIAIS LTDA\JI Montadora - 02 Produção\01 Controle de Produção\01 - Projeto Cadastro\02 - B.O.M\04. CATEGORIA PISO\47 - CJ SOLEIRA PORTA MALA EXPERT LB 11L ESJ LG.xlsx
2026-06-22 16:30:42,382 INFO Importado B.O.M. C:\Users\PRODUCAO-2.0\J I MONTADORA DE VEICULOS ESPECIAIS LTDA\JI Montadora - 02 Produção\01 Controle de Produção\01 - Projeto Cadastro\02 - B.O.M\04. CATEGORIA PISO\48 - PP CANTONEIRA PVC PRETA PORTA TRASEIRA ESJ.xlsx
2026-06-22 16:30:42,549 INFO Importado B.O.M. C:\Users\PRODUCAO-2.0\J I MONTADORA DE VEICULOS ESPECIAIS LTDA\JI Montadora - 02 Produção\01 Controle de Produção\01 - Projeto Cadastro\02 - B.O.M\04. CATEGORIA PISO\49 - PP SOLEIRA PORTA MALA EXPERT LB 9L ESJ.xlsx
2026-06-22 16:30:42,698 INFO Importado B.O.M. C:\Users\PRODUCAO-2.0\J I MONTADORA DE VEICULOS ESPECIAIS LTDA\JI Montadora - 02 Produção\01 Controle de Produção\01 - Projeto Cadastro\02 - B.O.M\04. CATEGORIA PISO\50 - CJ SOLEIRA PORTA MALA EXPERT LB 9L ESJ LG.xlsx
2026-06-22 16:30:42,855 INFO Importado B.O.M. C:\Users\PRODUCAO-2.0\J I MONTADORA DE VEICULOS ESPECIAIS LTDA\JI Montadora - 02 Produção\01 Controle de Produção\01 - Projeto Cadastro\02 - B.O.M\04. CATEGORIA PISO\51 - CJ SOLEIRA PORTA MALA EXPERT LB 9L ESJ - AMA.xlsx
2026-06-22 16:30:43,061 INFO Importado B.O.M. C:\Users\PRODUCAO-2.0\J I MONTADORA DE VEICULOS ESPECIAIS LTDA\JI Montadora - 02 Produção\01 Controle de Produção\01 - Projeto Cadastro\02 - B.O.M\04. CATEGORIA PISO\52 - CJ SOLEIRA PORTA MALA EXPERT LB 11L ESJ - AMA.xlsx
2026-06-22 16:30:43,219 INFO Importado B.O.M. C:\Users\PRODUCAO-2.0\J I MONTADORA DE VEICULOS ESPECIAIS LTDA\JI Montadora - 02 Produção\01 Controle de Produção\01 - Projeto Cadastro\02 - B.O.M\04. CATEGORIA PISO\53 - PP SOLEIRA PORTA MALA ESJ LE 8,9 L.xlsx
2026-06-22 16:30:43,365 INFO Importado B.O.M. C:\Users\PRODUCAO-2.0\J I MONTADORA DE VEICULOS ESPECIAIS LTDA\JI Montadora - 02 Produção\01 Controle de Produção\01 - Projeto Cadastro\02 - B.O.M\04. CATEGORIA PISO\54 - PP CANTONEIRA PVC PRETA SOLEIRA PORTA MALA LE ESJ C. LED.xlsx
2026-06-22 16:30:43,508 INFO Importado B.O.M. C:\Users\PRODUCAO-2.0\J I MONTADORA DE VEICULOS ESPECIAIS LTDA\JI Montadora - 02 Produção\01 Controle de Produção\01 - Projeto Cadastro\02 - B.O.M\04. CATEGORIA PISO\55 - CJ SOLEIRA PORTA MALA ESJ LE 8,9 L - AMADEIRADO.xlsx
2026-06-22 16:30:43,667 INFO Importado B.O.M. C:\Users\PRODUCAO-2.0\J I MONTADORA DE VEICULOS ESPECIAIS LTDA\JI Montadora - 02 Produção\01 Controle de Produção\01 - Projeto Cadastro\02 - B.O.M\04. CATEGORIA PISO\56 - CJ SOLEIRA PORTA MALA ESJ LE 8,9 L - LG BRIGHT.xlsx
2026-06-22 16:30:43,860 INFO Importado B.O.M. C:\Users\PRODUCAO-2.0\J I MONTADORA DE VEICULOS ESPECIAIS LTDA\JI Montadora - 02 Produção\01 Controle de Produção\01 - Projeto Cadastro\02 - B.O.M\05. ACESSORIOS\01 - ACESSORIO CJ EXTINTOR COM SUPORTE ABC 4KG.xlsx
2026-06-22 16:30:43,958 INFO Importado B.O.M. C:\Users\PRODUCAO-2.0\J I MONTADORA DE VEICULOS ESPECIAIS LTDA\JI Montadora - 02 Produção\01 Controle de Produção\01 - Projeto Cadastro\02 - B.O.M\05. ACESSORIOS\02 - CJ TRILHO ALUMINIO FIXACAO 417 14 - 4,3,3,2,2-1 DPM FOCA.xlsx
2026-06-22 16:30:44,061 INFO Importado B.O.M. C:\Users\PRODUCAO-2.0\J I MONTADORA DE VEICULOS ESPECIAIS LTDA\JI Montadora - 02 Produção\01 Controle de Produção\01 - Projeto Cadastro\02 - B.O.M\05. ACESSORIOS\03 - PP TRILHO ALUMINIO FIXACAO BANCO  3300 MM.xlsx
2026-06-22 16:30:44,133 INFO Importado B.O.M. C:\Users\PRODUCAO-2.0\J I MONTADORA DE VEICULOS ESPECIAIS LTDA\JI Montadora - 02 Produção\01 Controle de Produção\01 - Projeto Cadastro\02 - B.O.M\05. ACESSORIOS\04 - PP TRILHO ALUMINIO FIXACAO BANCO  3870 MM.xlsx
2026-06-22 16:30:44,208 INFO Importado B.O.M. C:\Users\PRODUCAO-2.0\J I MONTADORA DE VEICULOS ESPECIAIS LTDA\JI Montadora - 02 Produção\01 Controle de Produção\01 - Projeto Cadastro\02 - B.O.M\05. ACESSORIOS\05 - PP TRILHO ALUMINIO FIXACAO BANCO  600 MM.xlsx
2026-06-22 16:30:44,282 INFO Importado B.O.M. C:\Users\PRODUCAO-2.0\J I MONTADORA DE VEICULOS ESPECIAIS LTDA\JI Montadora - 02 Produção\01 Controle de Produção\01 - Projeto Cadastro\02 - B.O.M\05. ACESSORIOS\06 - CJ TRILHO ALUMINIO FIXACAO 417 10 - 4,3,3,3.xlsx
2026-06-22 16:30:44,357 INFO Importado B.O.M. C:\Users\PRODUCAO-2.0\J I MONTADORA DE VEICULOS ESPECIAIS LTDA\JI Montadora - 02 Produção\01 Controle de Produção\01 - Projeto Cadastro\02 - B.O.M\05. ACESSORIOS\07 - PP TRILHO ALUMINIO FIXACAO BANCO  2900 MM.xlsx
2026-06-22 16:30:44,430 INFO Importado B.O.M. C:\Users\PRODUCAO-2.0\J I MONTADORA DE VEICULOS ESPECIAIS LTDA\JI Montadora - 02 Produção\01 Controle de Produção\01 - Projeto Cadastro\02 - B.O.M\05. ACESSORIOS\08 - PP TRILHO ALUMINIO FIXACAO BANCO  2400 MM.xlsx
2026-06-22 16:30:44,504 INFO Importado B.O.M. C:\Users\PRODUCAO-2.0\J I MONTADORA DE VEICULOS ESPECIAIS LTDA\JI Montadora - 02 Produção\01 Controle de Produção\01 - Projeto Cadastro\02 - B.O.M\05. ACESSORIOS\09 - PP TRILHO ALUMINIO FIXACAO BANCO  500 MM.xlsx
2026-06-22 16:30:44,645 INFO Importado B.O.M. C:\Users\PRODUCAO-2.0\J I MONTADORA DE VEICULOS ESPECIAIS LTDA\JI Montadora - 02 Produção\01 Controle de Produção\01 - Projeto Cadastro\02 - B.O.M\05. ACESSORIOS\10 - CJ ARANDELA PLASTICA JI MONTADORA.xlsx
2026-06-22 16:30:44,848 INFO Importado B.O.M. C:\Users\PRODUCAO-2.0\J I MONTADORA DE VEICULOS ESPECIAIS LTDA\JI Montadora - 02 Produção\01 Controle de Produção\01 - Projeto Cadastro\02 - B.O.M\05. ACESSORIOS\11 - PP CAIXA MADEIRA SUPORTE GELADEIRA CAB 18L ESJ.xlsx
2026-06-22 16:30:45,056 INFO Importado B.O.M. C:\Users\PRODUCAO-2.0\J I MONTADORA DE VEICULOS ESPECIAIS LTDA\JI Montadora - 02 Produção\01 Controle de Produção\01 - Projeto Cadastro\02 - B.O.M\05. ACESSORIOS\12 - PP CAPACHO ESJ PORTA LATERAL MOTORISTA LE.xlsx
2026-06-22 16:30:45,243 INFO Importado B.O.M. C:\Users\PRODUCAO-2.0\J I MONTADORA DE VEICULOS ESPECIAIS LTDA\JI Montadora - 02 Produção\01 Controle de Produção\01 - Projeto Cadastro\02 - B.O.M\05. ACESSORIOS\13 - PP CAPACHO ESJ PORTA LATERAL CARONA LD.xlsx
2026-06-22 16:30:45,387 INFO Importado B.O.M. C:\Users\PRODUCAO-2.0\J I MONTADORA DE VEICULOS ESPECIAIS LTDA\JI Montadora - 02 Produção\01 Controle de Produção\01 - Projeto Cadastro\02 - B.O.M\05. ACESSORIOS\14 - PP CAPACHO ESJ PORTA LATERAL LE ESJ.xlsx
2026-06-22 16:30:45,559 INFO Importado B.O.M. C:\Users\PRODUCAO-2.0\J I MONTADORA DE VEICULOS ESPECIAIS LTDA\JI Montadora - 02 Produção\01 Controle de Produção\01 - Projeto Cadastro\02 - B.O.M\05. ACESSORIOS\15 - CJ COMPLETO CAPACHO PORTAS ESJ.xlsx
2026-06-22 16:30:45,734 INFO Importado B.O.M. C:\Users\PRODUCAO-2.0\J I MONTADORA DE VEICULOS ESPECIAIS LTDA\JI Montadora - 02 Produção\01 Controle de Produção\01 - Projeto Cadastro\02 - B.O.M\05. ACESSORIOS\16 - ACESSORIO CJ TAPETE SALAO BOUCLE ESJ.xlsx
2026-06-22 16:30:45,895 INFO Importado B.O.M. C:\Users\PRODUCAO-2.0\J I MONTADORA DE VEICULOS ESPECIAIS LTDA\JI Montadora - 02 Produção\01 Controle de Produção\01 - Projeto Cadastro\02 - B.O.M\05. ACESSORIOS\17 - CJ CORTINA VELUDO PRETA PORTAS ESJ.xlsx
2026-06-22 16:30:46,052 INFO Importado B.O.M. C:\Users\PRODUCAO-2.0\J I MONTADORA DE VEICULOS ESPECIAIS LTDA\JI Montadora - 02 Produção\01 Controle de Produção\01 - Projeto Cadastro\02 - B.O.M\05. ACESSORIOS\18 - CJ TUBO ALUMINIO DOBRADO CORTINA ESJ EMBUTIDA C-CLASS.xlsx
2026-06-22 16:30:46,199 INFO Importado B.O.M. C:\Users\PRODUCAO-2.0\J I MONTADORA DE VEICULOS ESPECIAIS LTDA\JI Montadora - 02 Produção\01 Controle de Produção\01 - Projeto Cadastro\02 - B.O.M\05. ACESSORIOS\19 - CJ CORTINA VELUDO PRETA SALAO ESJ C-CLASS SEM PORTAS.xlsx
2026-06-22 16:30:46,346 INFO Importado B.O.M. C:\Users\PRODUCAO-2.0\J I MONTADORA DE VEICULOS ESPECIAIS LTDA\JI Montadora - 02 Produção\01 Controle de Produção\01 - Projeto Cadastro\02 - B.O.M\05. ACESSORIOS\20 - PP TUBO INFERIOR ALUMINIO CORTINA 1º VAO LE ESJ C-CLASS.xlsx
2026-06-22 16:30:46,537 INFO Importado B.O.M. C:\Users\PRODUCAO-2.0\J I MONTADORA DE VEICULOS ESPECIAIS LTDA\JI Montadora - 02 Produção\01 Controle de Produção\01 - Projeto Cadastro\02 - B.O.M\05. ACESSORIOS\21 - PP TUBO INFERIOR ALUMINIO CORTINA 2º VAO LE ESJ C-CLASS.xlsx
2026-06-22 16:30:46,751 INFO Importado B.O.M. C:\Users\PRODUCAO-2.0\J I MONTADORA DE VEICULOS ESPECIAIS LTDA\JI Montadora - 02 Produção\01 Controle de Produção\01 - Projeto Cadastro\02 - B.O.M\05. ACESSORIOS\22 - PP TUBO INFERIOR ALUMINIO CORTINA 2º VAO LD ESJ C-CLASS.xlsx
2026-06-22 16:30:46,925 INFO Importado B.O.M. C:\Users\PRODUCAO-2.0\J I MONTADORA DE VEICULOS ESPECIAIS LTDA\JI Montadora - 02 Produção\01 Controle de Produção\01 - Projeto Cadastro\02 - B.O.M\05. ACESSORIOS\23 - PP TUBO SUPERIOR ALUMINIO CORTINA 1º VAO LE ESJ C-CLASS.xlsx
2026-06-22 16:30:47,071 INFO Importado B.O.M. C:\Users\PRODUCAO-2.0\J I MONTADORA DE VEICULOS ESPECIAIS LTDA\JI Montadora - 02 Produção\01 Controle de Produção\01 - Projeto Cadastro\02 - B.O.M\05. ACESSORIOS\24 - PP TUBO SUPERIOR ALUMINIO CORTINA 2º VAO LE ESJ C-CLASS.xlsx
2026-06-22 16:30:47,220 INFO Importado B.O.M. C:\Users\PRODUCAO-2.0\J I MONTADORA DE VEICULOS ESPECIAIS LTDA\JI Montadora - 02 Produção\01 Controle de Produção\01 - Projeto Cadastro\02 - B.O.M\05. ACESSORIOS\25 - PP TUBO SUPERIOR ALUMINIO CORTINA 2º VAO LD ESJ C-CLASS.xlsx
2026-06-22 16:30:47,423 INFO Importado B.O.M. C:\Users\PRODUCAO-2.0\J I MONTADORA DE VEICULOS ESPECIAIS LTDA\JI Montadora - 02 Produção\01 Controle de Produção\01 - Projeto Cadastro\02 - B.O.M\05. ACESSORIOS\26 - PP TUBO INFERIOR ALUMINIO CORTINA PORTA LATERAL ESJ.xlsx
2026-06-22 16:30:47,671 INFO Importado B.O.M. C:\Users\PRODUCAO-2.0\J I MONTADORA DE VEICULOS ESPECIAIS LTDA\JI Montadora - 02 Produção\01 Controle de Produção\01 - Projeto Cadastro\02 - B.O.M\05. ACESSORIOS\27 - PP TUBO SUPERIOR ALUMINIO CORTINA PORTA LATERAL ESJ.xlsx
2026-06-22 16:30:47,915 INFO Importado B.O.M. C:\Users\PRODUCAO-2.0\J I MONTADORA DE VEICULOS ESPECIAIS LTDA\JI Montadora - 02 Produção\01 Controle de Produção\01 - Projeto Cadastro\02 - B.O.M\05. ACESSORIOS\28 - PP TUBO INFERIOR ALUMINIO CORTINA PORTA TRASEIRA LE ESJ.xlsx
2026-06-22 16:30:48,065 INFO Importado B.O.M. C:\Users\PRODUCAO-2.0\J I MONTADORA DE VEICULOS ESPECIAIS LTDA\JI Montadora - 02 Produção\01 Controle de Produção\01 - Projeto Cadastro\02 - B.O.M\05. ACESSORIOS\29 - PP TUBO INFERIOR ALUMINIO CORTINA PORTA TRASEIRA LD ESJ.xlsx
2026-06-22 16:30:48,230 INFO Importado B.O.M. C:\Users\PRODUCAO-2.0\J I MONTADORA DE VEICULOS ESPECIAIS LTDA\JI Montadora - 02 Produção\01 Controle de Produção\01 - Projeto Cadastro\02 - B.O.M\05. ACESSORIOS\30 - PP TUBO SUPERIOR ALUMINIO CORTINA PORTA TRASEIRA LE ESJ.xlsx
2026-06-22 16:30:48,400 INFO Importado B.O.M. C:\Users\PRODUCAO-2.0\J I MONTADORA DE VEICULOS ESPECIAIS LTDA\JI Montadora - 02 Produção\01 Controle de Produção\01 - Projeto Cadastro\02 - B.O.M\05. ACESSORIOS\31 - PP TUBO SUPERIOR ALUMINIO CORTINA PORTA TRASEIRA LD ESJ.xlsx
2026-06-22 16:30:48,559 INFO Importado B.O.M. C:\Users\PRODUCAO-2.0\J I MONTADORA DE VEICULOS ESPECIAIS LTDA\JI Montadora - 02 Produção\01 Controle de Produção\01 - Projeto Cadastro\02 - B.O.M\05. ACESSORIOS\32 - PP SUPORTE FIXO CABIDE - GANCHO CABIDEIRO MARCOPOLO CINZA RAL 7021 PU - TI.01.J04.xlsx
2026-06-22 16:30:48,733 INFO Importado B.O.M. C:\Users\PRODUCAO-2.0\J I MONTADORA DE VEICULOS ESPECIAIS LTDA\JI Montadora - 02 Produção\01 Controle de Produção\01 - Projeto Cadastro\02 - B.O.M\05. ACESSORIOS\33 - PP PC REVIS MOVEL LAT PRFV ESJ C-CLA 1º VAO LE INT REVE CARP.xlsx
2026-06-22 16:30:48,883 INFO Importado B.O.M. C:\Users\PRODUCAO-2.0\J I MONTADORA DE VEICULOS ESPECIAIS LTDA\JI Montadora - 02 Produção\01 Controle de Produção\01 - Projeto Cadastro\02 - B.O.M\05. ACESSORIOS\34 - PP PC FUNDO MOVEL LAT PRFV ESJ C-CLA 1º VAO LE REVE CARP.xlsx
2026-06-22 16:30:49,032 INFO Importado B.O.M. C:\Users\PRODUCAO-2.0\J I MONTADORA DE VEICULOS ESPECIAIS LTDA\JI Montadora - 02 Produção\01 Controle de Produção\01 - Projeto Cadastro\02 - B.O.M\05. ACESSORIOS\35 - PP FUNDO MOVEL LAT PRFV ESJ C-CLA 2º VAO LD INT REVE CARP.xlsx
2026-06-22 16:30:49,190 INFO Importado B.O.M. C:\Users\PRODUCAO-2.0\J I MONTADORA DE VEICULOS ESPECIAIS LTDA\JI Montadora - 02 Produção\01 Controle de Produção\01 - Projeto Cadastro\02 - B.O.M\05. ACESSORIOS\36 - PP MOVEL LAT PRFV ESJ C-CLA 2º VAO LD INT REVE CARP.xlsx
2026-06-22 16:30:49,354 INFO Importado B.O.M. C:\Users\PRODUCAO-2.0\J I MONTADORA DE VEICULOS ESPECIAIS LTDA\JI Montadora - 02 Produção\01 Controle de Produção\01 - Projeto Cadastro\02 - B.O.M\05. ACESSORIOS\37 - PP MOVEL LAT PRFV ESJ C-CLA 1º VAO LE REVE CARP.xlsx
2026-06-22 16:30:49,523 INFO Importado B.O.M. C:\Users\PRODUCAO-2.0\J I MONTADORA DE VEICULOS ESPECIAIS LTDA\JI Montadora - 02 Produção\01 Controle de Produção\01 - Projeto Cadastro\02 - B.O.M\05. ACESSORIOS\38 - PP PC MOVEL LAT PRFV ESJ C-CLA 1º VAO LE REVE MARROM.xlsx
2026-06-22 16:30:49,671 INFO Importado B.O.M. C:\Users\PRODUCAO-2.0\J I MONTADORA DE VEICULOS ESPECIAIS LTDA\JI Montadora - 02 Produção\01 Controle de Produção\01 - Projeto Cadastro\02 - B.O.M\05. ACESSORIOS\39 - PP PC REVIS MOVEL LAT PRFV ESJ C-CLA 1º VAO LE REVE MARROM.xlsx
2026-06-22 16:30:49,822 INFO Importado B.O.M. C:\Users\PRODUCAO-2.0\J I MONTADORA DE VEICULOS ESPECIAIS LTDA\JI Montadora - 02 Produção\01 Controle de Produção\01 - Projeto Cadastro\02 - B.O.M\05. ACESSORIOS\40 - PP PC MOVEL LAT PRFV ESJ C-CLA 2º VAO LE REVE MARROM.xlsx
2026-06-22 16:30:49,974 INFO Importado B.O.M. C:\Users\PRODUCAO-2.0\J I MONTADORA DE VEICULOS ESPECIAIS LTDA\JI Montadora - 02 Produção\01 Controle de Produção\01 - Projeto Cadastro\02 - B.O.M\05. ACESSORIOS\41 - PP MOVEL LAT PRFV ESJ C-CLA 2º VAO LD REVE MARROM.xlsx
2026-06-22 16:30:50,132 INFO Importado B.O.M. C:\Users\PRODUCAO-2.0\J I MONTADORA DE VEICULOS ESPECIAIS LTDA\JI Montadora - 02 Produção\01 Controle de Produção\01 - Projeto Cadastro\02 - B.O.M\05. ACESSORIOS\42 - PP PC MOVEL LAT PRFV ESJ C-CLA 1º VAO LE REVE PRETO.xlsx
2026-06-22 16:30:50,296 INFO Importado B.O.M. C:\Users\PRODUCAO-2.0\J I MONTADORA DE VEICULOS ESPECIAIS LTDA\JI Montadora - 02 Produção\01 Controle de Produção\01 - Projeto Cadastro\02 - B.O.M\05. ACESSORIOS\43 - PP PC REVIS MOVEL LAT PRFV ESJ C-CLA 1º VAO LE REVE PRETO.xlsx
2026-06-22 16:30:50,460 INFO Importado B.O.M. C:\Users\PRODUCAO-2.0\J I MONTADORA DE VEICULOS ESPECIAIS LTDA\JI Montadora - 02 Produção\01 Controle de Produção\01 - Projeto Cadastro\02 - B.O.M\05. ACESSORIOS\44 - PP PC MOVEL LAT PRFV ESJ C-CLA 2º VAO LE REVE PRETO.xlsx
2026-06-22 16:30:50,615 INFO Importado B.O.M. C:\Users\PRODUCAO-2.0\J I MONTADORA DE VEICULOS ESPECIAIS LTDA\JI Montadora - 02 Produção\01 Controle de Produção\01 - Projeto Cadastro\02 - B.O.M\05. ACESSORIOS\45 - PP MOVEL LAT PRFV ESJ C-CLA 2º VAO LD REVE PRETO.xlsx
2026-06-22 16:30:50,762 INFO Importado B.O.M. C:\Users\PRODUCAO-2.0\J I MONTADORA DE VEICULOS ESPECIAIS LTDA\JI Montadora - 02 Produção\01 Controle de Produção\01 - Projeto Cadastro\02 - B.O.M\05. ACESSORIOS\46 - PP PC MOVEL LAT PRFV ESJ C-CLA 1º VAO LE REVE BEGE.xlsx
2026-06-22 16:30:50,922 INFO Importado B.O.M. C:\Users\PRODUCAO-2.0\J I MONTADORA DE VEICULOS ESPECIAIS LTDA\JI Montadora - 02 Produção\01 Controle de Produção\01 - Projeto Cadastro\02 - B.O.M\05. ACESSORIOS\47 - PP PC REVIS MOVEL LAT PRFV ESJ C-CLA 1º VAO LE REVE BEGE.xlsx
2026-06-22 16:30:51,084 INFO Importado B.O.M. C:\Users\PRODUCAO-2.0\J I MONTADORA DE VEICULOS ESPECIAIS LTDA\JI Montadora - 02 Produção\01 Controle de Produção\01 - Projeto Cadastro\02 - B.O.M\05. ACESSORIOS\48 - PP PC MOVEL LAT PRFV ESJ C-CLA 2º VAO LE REVE BEGE.xlsx
2026-06-22 16:30:51,247 INFO Importado B.O.M. C:\Users\PRODUCAO-2.0\J I MONTADORA DE VEICULOS ESPECIAIS LTDA\JI Montadora - 02 Produção\01 Controle de Produção\01 - Projeto Cadastro\02 - B.O.M\05. ACESSORIOS\49 - PP MOVEL LAT PRFV ESJ C-CLA 2º VAO LD REVE BEGE.xlsx
2026-06-22 16:30:51,395 INFO Importado B.O.M. C:\Users\PRODUCAO-2.0\J I MONTADORA DE VEICULOS ESPECIAIS LTDA\JI Montadora - 02 Produção\01 Controle de Produção\01 - Projeto Cadastro\02 - B.O.M\05. ACESSORIOS\50 - PP PC TAMPO SUP ACRILICO PRETO MOVEL LATERAL ESJ C-CLASS 1º VAO LE.xlsx
2026-06-22 16:30:51,547 INFO Importado B.O.M. C:\Users\PRODUCAO-2.0\J I MONTADORA DE VEICULOS ESPECIAIS LTDA\JI Montadora - 02 Produção\01 Controle de Produção\01 - Projeto Cadastro\02 - B.O.M\05. ACESSORIOS\51 - PP PC TAMPO INF ACRILICO PRETO MOVEL LATERAL ESJ C-CLASS 1º VAO LE.xlsx
2026-06-22 16:30:51,710 INFO Importado B.O.M. C:\Users\PRODUCAO-2.0\J I MONTADORA DE VEICULOS ESPECIAIS LTDA\JI Montadora - 02 Produção\01 Controle de Produção\01 - Projeto Cadastro\02 - B.O.M\05. ACESSORIOS\52 - PP PC TAMPO SUP ACRILICO PRETO MOVEL LATERAL ESJ C-CLASS 2º VAO LD.xlsx
2026-06-22 16:30:51,873 INFO Importado B.O.M. C:\Users\PRODUCAO-2.0\J I MONTADORA DE VEICULOS ESPECIAIS LTDA\JI Montadora - 02 Produção\01 Controle de Produção\01 - Projeto Cadastro\02 - B.O.M\05. ACESSORIOS\53 - PP PC TAMPO INF ACRILICO PRETO MOVEL LATERAL ESJ C-CLASS 2º VAO LD.xlsx
2026-06-22 16:30:52,038 INFO Importado B.O.M. C:\Users\PRODUCAO-2.0\J I MONTADORA DE VEICULOS ESPECIAIS LTDA\JI Montadora - 02 Produção\01 Controle de Produção\01 - Projeto Cadastro\02 - B.O.M\05. ACESSORIOS\54 - PP PC TAMPO SUP ACRILICO PRETO MOVEL LATERAL ESJ C-CLASS 2º VAO LE.xlsx
2026-06-22 16:30:52,224 INFO Importado B.O.M. C:\Users\PRODUCAO-2.0\J I MONTADORA DE VEICULOS ESPECIAIS LTDA\JI Montadora - 02 Produção\01 Controle de Produção\01 - Projeto Cadastro\02 - B.O.M\05. ACESSORIOS\55 - PP PC TAMPO INF ACRILICO PRETO MOVEL LATERAL ESJ C-CLASS 2º VAO LE.xlsx
2026-06-22 16:30:52,435 INFO Importado B.O.M. C:\Users\PRODUCAO-2.0\J I MONTADORA DE VEICULOS ESPECIAIS LTDA\JI Montadora - 02 Produção\01 Controle de Produção\01 - Projeto Cadastro\02 - B.O.M\05. ACESSORIOS\56 - PP PC TAMPO CENTRAL ACRILICO CRISTAL MOVEL LATERAL ESJ C-CLA 1º VAO LE.xlsx
2026-06-22 16:30:52,649 INFO Importado B.O.M. C:\Users\PRODUCAO-2.0\J I MONTADORA DE VEICULOS ESPECIAIS LTDA\JI Montadora - 02 Produção\01 Controle de Produção\01 - Projeto Cadastro\02 - B.O.M\05. ACESSORIOS\57 - PP PC TAMPO CENTRAL ACRILICO CRISTAL MOVEL LATERAL ESJ C-CLA 2º VAO LD.xlsx
2026-06-22 16:30:52,870 INFO Importado B.O.M. C:\Users\PRODUCAO-2.0\J I MONTADORA DE VEICULOS ESPECIAIS LTDA\JI Montadora - 02 Produção\01 Controle de Produção\01 - Projeto Cadastro\02 - B.O.M\05. ACESSORIOS\58 - PP PC TAMPO CENTRAL ACRILICO CRISTAL MOVEL LATERAL ESJ C-CLA 2º VAO LE.xlsx
2026-06-22 16:30:53,065 INFO Importado B.O.M. C:\Users\PRODUCAO-2.0\J I MONTADORA DE VEICULOS ESPECIAIS LTDA\JI Montadora - 02 Produção\01 Controle de Produção\01 - Projeto Cadastro\02 - B.O.M\05. ACESSORIOS\59 - CJ TAMPO ACRIL MOVEL LAT ESJ C-CLA 1º VAO LE.xlsx
2026-06-22 16:30:53,254 INFO Importado B.O.M. C:\Users\PRODUCAO-2.0\J I MONTADORA DE VEICULOS ESPECIAIS LTDA\JI Montadora - 02 Produção\01 Controle de Produção\01 - Projeto Cadastro\02 - B.O.M\05. ACESSORIOS\60 - CJ TAMPO ACRIL MOVEL LAT ESJ C-CLA 2º VAO LE.xlsx
2026-06-22 16:30:53,436 INFO Importado B.O.M. C:\Users\PRODUCAO-2.0\J I MONTADORA DE VEICULOS ESPECIAIS LTDA\JI Montadora - 02 Produção\01 Controle de Produção\01 - Projeto Cadastro\02 - B.O.M\05. ACESSORIOS\61 - CJ TAMPO ACRIL MOVEL LAT ESJ C-CLA 2º VAO LD.xlsx
2026-06-22 16:30:53,645 INFO Importado B.O.M. C:\Users\PRODUCAO-2.0\J I MONTADORA DE VEICULOS ESPECIAIS LTDA\JI Montadora - 02 Produção\01 Controle de Produção\01 - Projeto Cadastro\02 - B.O.M\05. ACESSORIOS\62 - CJ MOVEL LATERAL MARROM ESJ C-CLASS 1º VAO LE.xlsx
2026-06-22 16:30:53,811 INFO Importado B.O.M. C:\Users\PRODUCAO-2.0\J I MONTADORA DE VEICULOS ESPECIAIS LTDA\JI Montadora - 02 Produção\01 Controle de Produção\01 - Projeto Cadastro\02 - B.O.M\05. ACESSORIOS\62 - CJ MOVEL LATERAL PRETO ESJ C-CLASS 1º VAO LE.xlsx
2026-06-22 16:30:53,974 INFO Importado B.O.M. C:\Users\PRODUCAO-2.0\J I MONTADORA DE VEICULOS ESPECIAIS LTDA\JI Montadora - 02 Produção\01 Controle de Produção\01 - Projeto Cadastro\02 - B.O.M\05. ACESSORIOS\63 - CJ MOVEL LATERAL BEGE ESJ C-CLASS 1º VAO LE.xlsx
2026-06-22 16:30:54,126 INFO Importado B.O.M. C:\Users\PRODUCAO-2.0\J I MONTADORA DE VEICULOS ESPECIAIS LTDA\JI Montadora - 02 Produção\01 Controle de Produção\01 - Projeto Cadastro\02 - B.O.M\05. ACESSORIOS\64 - CJ MOVEL LATERAL MARROM ESJ C-CLASS 2º VAO LE.xlsx
2026-06-22 16:30:54,275 INFO Importado B.O.M. C:\Users\PRODUCAO-2.0\J I MONTADORA DE VEICULOS ESPECIAIS LTDA\JI Montadora - 02 Produção\01 Controle de Produção\01 - Projeto Cadastro\02 - B.O.M\05. ACESSORIOS\64 - CJ MOVEL LATERAL PRETO ESJ C-CLASS 2º VAO LE.xlsx
2026-06-22 16:30:54,478 INFO Importado B.O.M. C:\Users\PRODUCAO-2.0\J I MONTADORA DE VEICULOS ESPECIAIS LTDA\JI Montadora - 02 Produção\01 Controle de Produção\01 - Projeto Cadastro\02 - B.O.M\05. ACESSORIOS\65 - CJ MOVEL LATERAL BEGE ESJ C-CLASS 2º VAO LE.xlsx
2026-06-22 16:30:54,688 INFO Importado B.O.M. C:\Users\PRODUCAO-2.0\J I MONTADORA DE VEICULOS ESPECIAIS LTDA\JI Montadora - 02 Produção\01 Controle de Produção\01 - Projeto Cadastro\02 - B.O.M\05. ACESSORIOS\66 - CJ MOVEL LATERAL MARROM ESJ C-CLASS 2º VAO LD.xlsx
2026-06-22 16:30:54,848 INFO Importado B.O.M. C:\Users\PRODUCAO-2.0\J I MONTADORA DE VEICULOS ESPECIAIS LTDA\JI Montadora - 02 Produção\01 Controle de Produção\01 - Projeto Cadastro\02 - B.O.M\05. ACESSORIOS\67 - CJ MOVEL LATERAL PRETO ESJ C-CLASS 2º VAO LD.xlsx
2026-06-22 16:30:55,003 INFO Importado B.O.M. C:\Users\PRODUCAO-2.0\J I MONTADORA DE VEICULOS ESPECIAIS LTDA\JI Montadora - 02 Produção\01 Controle de Produção\01 - Projeto Cadastro\02 - B.O.M\05. ACESSORIOS\68 - CJ MOVEL LATERAL BEGE ESJ C-CLASS 2º VAO LD.xlsx
2026-06-22 16:30:55,154 INFO Importado B.O.M. C:\Users\PRODUCAO-2.0\J I MONTADORA DE VEICULOS ESPECIAIS LTDA\JI Montadora - 02 Produção\01 Controle de Produção\01 - Projeto Cadastro\02 - B.O.M\05. ACESSORIOS\69 - CJ COMPLETO LIGACAO GELADEIRA ELBER CAB 18L ESJ.xlsx
2026-06-22 16:30:55,241 INFO Importado B.O.M. C:\Users\PRODUCAO-2.0\J I MONTADORA DE VEICULOS ESPECIAIS LTDA\JI Montadora - 02 Produção\01 Controle de Produção\01 - Projeto Cadastro\02 - B.O.M\05. ACESSORIOS\70 - CJ TRILHO ALUMINIO FIXACAO 417 14 - 1E,1E,1E,1D PTA.xlsx
2026-06-22 16:30:55,335 INFO Importado B.O.M. C:\Users\PRODUCAO-2.0\J I MONTADORA DE VEICULOS ESPECIAIS LTDA\JI Montadora - 02 Produção\01 Controle de Produção\01 - Projeto Cadastro\02 - B.O.M\05. ACESSORIOS\71 - CJ TRILHO ALUMINIO FIXACAO 417 10 - 4,3,3,2-1 DPM.xlsx
2026-06-22 16:30:55,445 INFO Importado B.O.M. C:\Users\PRODUCAO-2.0\J I MONTADORA DE VEICULOS ESPECIAIS LTDA\JI Montadora - 02 Produção\01 Controle de Produção\01 - Projeto Cadastro\02 - B.O.M\05. ACESSORIOS\72 - CJ TRILHO ALUMINIO FIXACAO 517 15 - 4,2-1,2,3,3,3.xlsx
2026-06-22 16:30:55,543 INFO Importado B.O.M. C:\Users\PRODUCAO-2.0\J I MONTADORA DE VEICULOS ESPECIAIS LTDA\JI Montadora - 02 Produção\01 Controle de Produção\01 - Projeto Cadastro\02 - B.O.M\06. TRANSFORMAÇÃO\01 - JI CONFORT MASTER L3H2 SELADO ESSENCIAL.xlsx
2026-06-22 16:30:55,622 INFO Importado B.O.M. C:\Users\PRODUCAO-2.0\J I MONTADORA DE VEICULOS ESPECIAIS LTDA\JI Montadora - 02 Produção\01 Controle de Produção\01 - Projeto Cadastro\02 - B.O.M\06. TRANSFORMAÇÃO\02 - JI CONFORT MASTER L3H2 VISTA ESSENCIAL.xlsx
2026-06-22 16:30:55,702 INFO Importado B.O.M. C:\Users\PRODUCAO-2.0\J I MONTADORA DE VEICULOS ESPECIAIS LTDA\JI Montadora - 02 Produção\01 Controle de Produção\01 - Projeto Cadastro\02 - B.O.M\06. TRANSFORMAÇÃO\03 - JI CONFORT MASTER L3H2 VISTA PLUS.xlsx
2026-06-22 16:30:55,780 INFO Importado B.O.M. C:\Users\PRODUCAO-2.0\J I MONTADORA DE VEICULOS ESPECIAIS LTDA\JI Montadora - 02 Produção\01 Controle de Produção\01 - Projeto Cadastro\02 - B.O.M\06. TRANSFORMAÇÃO\04 - JI CONFORT MASTER L3H2 VITRE ESSENCIAL.xlsx
2026-06-22 16:30:55,869 INFO Importado B.O.M. C:\Users\PRODUCAO-2.0\J I MONTADORA DE VEICULOS ESPECIAIS LTDA\JI Montadora - 02 Produção\01 Controle de Produção\01 - Projeto Cadastro\02 - B.O.M\06. TRANSFORMAÇÃO\05 - JI CONFORT MASTER L3H2 VITRE PLUS.xlsx
2026-06-22 16:30:55,945 INFO Importado B.O.M. C:\Users\PRODUCAO-2.0\J I MONTADORA DE VEICULOS ESPECIAIS LTDA\JI Montadora - 02 Produção\01 Controle de Produção\01 - Projeto Cadastro\02 - B.O.M\06. TRANSFORMAÇÃO\06 - JI CONFORT MASTER L3H2 SELADO PLUS.xlsx
2026-06-22 16:30:56,026 INFO Importado B.O.M. C:\Users\PRODUCAO-2.0\J I MONTADORA DE VEICULOS ESPECIAIS LTDA\JI Montadora - 02 Produção\01 Controle de Produção\01 - Projeto Cadastro\02 - B.O.M\06. TRANSFORMAÇÃO\07 - JI CONFORT MASTER L2H2 SELADO ESSENCIAL.xlsx
2026-06-22 16:30:56,109 INFO Importado B.O.M. C:\Users\PRODUCAO-2.0\J I MONTADORA DE VEICULOS ESPECIAIS LTDA\JI Montadora - 02 Produção\01 Controle de Produção\01 - Projeto Cadastro\02 - B.O.M\06. TRANSFORMAÇÃO\08 - JI CONFORT MASTER L2H2 SELADO PLUS.xlsx
2026-06-22 16:30:56,187 INFO Importado B.O.M. C:\Users\PRODUCAO-2.0\J I MONTADORA DE VEICULOS ESPECIAIS LTDA\JI Montadora - 02 Produção\01 Controle de Produção\01 - Projeto Cadastro\02 - B.O.M\06. TRANSFORMAÇÃO\09 - JI CONFORT MASTER L2H2 VISTA ESSENCIAL.xlsx
2026-06-22 16:30:56,280 INFO Importado B.O.M. C:\Users\PRODUCAO-2.0\J I MONTADORA DE VEICULOS ESPECIAIS LTDA\JI Montadora - 02 Produção\01 Controle de Produção\01 - Projeto Cadastro\02 - B.O.M\06. TRANSFORMAÇÃO\10 - JI CONFORT MASTER L2H2 VISTA PLUS.xlsx
2026-06-22 16:30:56,378 INFO Importado B.O.M. C:\Users\PRODUCAO-2.0\J I MONTADORA DE VEICULOS ESPECIAIS LTDA\JI Montadora - 02 Produção\01 Controle de Produção\01 - Projeto Cadastro\02 - B.O.M\06. TRANSFORMAÇÃO\11 - JI CONFORT E-S-J TB SELADO.xlsx
2026-06-22 16:30:56,474 INFO Importado B.O.M. C:\Users\PRODUCAO-2.0\J I MONTADORA DE VEICULOS ESPECIAIS LTDA\JI Montadora - 02 Produção\01 Controle de Produção\01 - Projeto Cadastro\02 - B.O.M\06. TRANSFORMAÇÃO\12 - JI CONFORT E-S-J TB VISTA.xlsx
2026-06-22 16:30:56,578 INFO Importado B.O.M. C:\Users\PRODUCAO-2.0\J I MONTADORA DE VEICULOS ESPECIAIS LTDA\JI Montadora - 02 Produção\01 Controle de Produção\01 - Projeto Cadastro\02 - B.O.M\06. TRANSFORMAÇÃO\13 - JI CONFORT E-S-J TB VITRE.xlsx
2026-06-22 16:30:56,672 INFO Importado B.O.M. C:\Users\PRODUCAO-2.0\J I MONTADORA DE VEICULOS ESPECIAIS LTDA\JI Montadora - 02 Produção\01 Controle de Produção\01 - Projeto Cadastro\02 - B.O.M\06. TRANSFORMAÇÃO\14 - JI URBAN E-S-J TB SELADO.xlsx
2026-06-22 16:30:56,765 INFO Importado B.O.M. C:\Users\PRODUCAO-2.0\J I MONTADORA DE VEICULOS ESPECIAIS LTDA\JI Montadora - 02 Produção\01 Controle de Produção\01 - Projeto Cadastro\02 - B.O.M\06. TRANSFORMAÇÃO\15 - JI URBAN E-S-J TB VISTA.xlsx
2026-06-22 16:30:56,852 INFO Importado B.O.M. C:\Users\PRODUCAO-2.0\J I MONTADORA DE VEICULOS ESPECIAIS LTDA\JI Montadora - 02 Produção\01 Controle de Produção\01 - Projeto Cadastro\02 - B.O.M\06. TRANSFORMAÇÃO\16 - JI URBAN E-S-J TB VITRE.xlsx
2026-06-22 16:30:56,948 INFO Importado B.O.M. C:\Users\PRODUCAO-2.0\J I MONTADORA DE VEICULOS ESPECIAIS LTDA\JI Montadora - 02 Produção\01 Controle de Produção\01 - Projeto Cadastro\02 - B.O.M\06. TRANSFORMAÇÃO\17 - JI CONFORT E-J TA SELADO.xlsx
2026-06-22 16:30:57,032 INFO Importado B.O.M. C:\Users\PRODUCAO-2.0\J I MONTADORA DE VEICULOS ESPECIAIS LTDA\JI Montadora - 02 Produção\01 Controle de Produção\01 - Projeto Cadastro\02 - B.O.M\06. TRANSFORMAÇÃO\18 - JI CONFORT E-J TA VISTA.xlsx
2026-06-22 16:30:57,135 INFO Importado B.O.M. C:\Users\PRODUCAO-2.0\J I MONTADORA DE VEICULOS ESPECIAIS LTDA\JI Montadora - 02 Produção\01 Controle de Produção\01 - Projeto Cadastro\02 - B.O.M\06. TRANSFORMAÇÃO\19 - JI CONFORT E-J TA VITRE.xlsx
2026-06-22 16:30:57,225 INFO Importado B.O.M. C:\Users\PRODUCAO-2.0\J I MONTADORA DE VEICULOS ESPECIAIS LTDA\JI Montadora - 02 Produção\01 Controle de Produção\01 - Projeto Cadastro\02 - B.O.M\06. TRANSFORMAÇÃO\20 - JI URBAN E-J TA SELADO.xlsx
2026-06-22 16:30:57,314 INFO Importado B.O.M. C:\Users\PRODUCAO-2.0\J I MONTADORA DE VEICULOS ESPECIAIS LTDA\JI Montadora - 02 Produção\01 Controle de Produção\01 - Projeto Cadastro\02 - B.O.M\06. TRANSFORMAÇÃO\21 - JI URBAN E-J TA VISTA.xlsx
2026-06-22 16:30:57,420 INFO Importado B.O.M. C:\Users\PRODUCAO-2.0\J I MONTADORA DE VEICULOS ESPECIAIS LTDA\JI Montadora - 02 Produção\01 Controle de Produção\01 - Projeto Cadastro\02 - B.O.M\06. TRANSFORMAÇÃO\22 - JI URBAN E-J TA VITRE.xlsx
2026-06-22 16:30:57,517 INFO Importado B.O.M. C:\Users\PRODUCAO-2.0\J I MONTADORA DE VEICULOS ESPECIAIS LTDA\JI Montadora - 02 Produção\01 Controle de Produção\01 - Projeto Cadastro\02 - B.O.M\06. TRANSFORMAÇÃO\23 - JI CONFORT 417 10 M SELADO PLUS.xlsx
2026-06-22 16:30:57,601 INFO Importado B.O.M. C:\Users\PRODUCAO-2.0\J I MONTADORA DE VEICULOS ESPECIAIS LTDA\JI Montadora - 02 Produção\01 Controle de Produção\01 - Projeto Cadastro\02 - B.O.M\06. TRANSFORMAÇÃO\24 - JI CONFORT 417 10 M VISTA PLUS.xlsx
2026-06-22 16:30:57,710 INFO Importado B.O.M. C:\Users\PRODUCAO-2.0\J I MONTADORA DE VEICULOS ESPECIAIS LTDA\JI Montadora - 02 Produção\01 Controle de Produção\01 - Projeto Cadastro\02 - B.O.M\06. TRANSFORMAÇÃO\25 - JI CONFORT 417 10 M VITRE REVESTIDA.xlsx
2026-06-22 16:30:57,800 INFO Importado B.O.M. C:\Users\PRODUCAO-2.0\J I MONTADORA DE VEICULOS ESPECIAIS LTDA\JI Montadora - 02 Produção\01 Controle de Produção\01 - Projeto Cadastro\02 - B.O.M\06. TRANSFORMAÇÃO\26 - JI CONFORT 417 14 M SELADO PLUS.xlsx
2026-06-22 16:30:57,880 INFO Importado B.O.M. C:\Users\PRODUCAO-2.0\J I MONTADORA DE VEICULOS ESPECIAIS LTDA\JI Montadora - 02 Produção\01 Controle de Produção\01 - Projeto Cadastro\02 - B.O.M\06. TRANSFORMAÇÃO\27 - JI CONFORT 417 14 M VISTA PLUS.xlsx
2026-06-22 16:30:57,974 INFO Importado B.O.M. C:\Users\PRODUCAO-2.0\J I MONTADORA DE VEICULOS ESPECIAIS LTDA\JI Montadora - 02 Produção\01 Controle de Produção\01 - Projeto Cadastro\02 - B.O.M\06. TRANSFORMAÇÃO\28 - JI CONFORT 417 14 M VITRE REVESTIDA.xlsx
2026-06-22 16:30:58,069 INFO Importado B.O.M. C:\Users\PRODUCAO-2.0\J I MONTADORA DE VEICULOS ESPECIAIS LTDA\JI Montadora - 02 Produção\01 Controle de Produção\01 - Projeto Cadastro\02 - B.O.M\06. TRANSFORMAÇÃO\29 - JI CONFORT 517 15 M SELADO PLUS.xlsx
2026-06-22 16:30:58,171 INFO Importado B.O.M. C:\Users\PRODUCAO-2.0\J I MONTADORA DE VEICULOS ESPECIAIS LTDA\JI Montadora - 02 Produção\01 Controle de Produção\01 - Projeto Cadastro\02 - B.O.M\06. TRANSFORMAÇÃO\30 - JI CONFORT 517 15 M VISTA PLUS.xlsx
2026-06-22 16:30:58,241 INFO Importado B.O.M. C:\Users\PRODUCAO-2.0\J I MONTADORA DE VEICULOS ESPECIAIS LTDA\JI Montadora - 02 Produção\01 Controle de Produção\01 - Projeto Cadastro\02 - B.O.M\06. TRANSFORMAÇÃO\31 - JI CONFORT 517 15 M VITRE REVESTIDA.xlsx
2026-06-22 16:30:58,317 INFO Importado B.O.M. C:\Users\PRODUCAO-2.0\J I MONTADORA DE VEICULOS ESPECIAIS LTDA\JI Montadora - 02 Produção\01 Controle de Produção\01 - Projeto Cadastro\02 - B.O.M\06. TRANSFORMAÇÃO\32 - JI CONFORT 517 14 M SELADO PLUS.xlsx
2026-06-22 16:30:58,394 INFO Importado B.O.M. C:\Users\PRODUCAO-2.0\J I MONTADORA DE VEICULOS ESPECIAIS LTDA\JI Montadora - 02 Produção\01 Controle de Produção\01 - Projeto Cadastro\02 - B.O.M\06. TRANSFORMAÇÃO\33 - JI CONFORT 517 14 M VISTA PLUS.xlsx
2026-06-22 16:30:58,471 INFO Importado B.O.M. C:\Users\PRODUCAO-2.0\J I MONTADORA DE VEICULOS ESPECIAIS LTDA\JI Montadora - 02 Produção\01 Controle de Produção\01 - Projeto Cadastro\02 - B.O.M\06. TRANSFORMAÇÃO\34 - JI CONFORT 517 14 M VITRE REVESTIDA.xlsx
2026-06-22 16:30:58,554 INFO Importado B.O.M. C:\Users\PRODUCAO-2.0\J I MONTADORA DE VEICULOS ESPECIAIS LTDA\JI Montadora - 02 Produção\01 Controle de Produção\01 - Projeto Cadastro\02 - B.O.M\06. TRANSFORMAÇÃO\35 - JI CONFORT B-J-D SELADO.xlsx
2026-06-22 16:30:58,651 INFO Importado B.O.M. C:\Users\PRODUCAO-2.0\J I MONTADORA DE VEICULOS ESPECIAIS LTDA\JI Montadora - 02 Produção\01 Controle de Produção\01 - Projeto Cadastro\02 - B.O.M\06. TRANSFORMAÇÃO\36 - JI CONFORT B-J-D VISTA.xlsx
2026-06-22 16:30:58,741 INFO Importado B.O.M. C:\Users\PRODUCAO-2.0\J I MONTADORA DE VEICULOS ESPECIAIS LTDA\JI Montadora - 02 Produção\01 Controle de Produção\01 - Projeto Cadastro\02 - B.O.M\06. TRANSFORMAÇÃO\37 - JI CONFORT B-J-D VITRE.xlsx
2026-06-22 16:30:58,831 INFO Importado B.O.M. C:\Users\PRODUCAO-2.0\J I MONTADORA DE VEICULOS ESPECIAIS LTDA\JI Montadora - 02 Produção\01 Controle de Produção\01 - Projeto Cadastro\02 - B.O.M\06. TRANSFORMAÇÃO\38 - JI CONFORT TRANSIT L3H3 SELADO.xlsx
2026-06-22 16:30:58,926 INFO Importado B.O.M. C:\Users\PRODUCAO-2.0\J I MONTADORA DE VEICULOS ESPECIAIS LTDA\JI Montadora - 02 Produção\01 Controle de Produção\01 - Projeto Cadastro\02 - B.O.M\06. TRANSFORMAÇÃO\39 - JI CONFORT TRANSIT L3H3 VISTA.xlsx
2026-06-22 16:30:59,012 INFO Importado B.O.M. C:\Users\PRODUCAO-2.0\J I MONTADORA DE VEICULOS ESPECIAIS LTDA\JI Montadora - 02 Produção\01 Controle de Produção\01 - Projeto Cadastro\02 - B.O.M\06. TRANSFORMAÇÃO\40 - JI CONFORT TRANSIT L4H3 VITRE.xlsx
2026-06-22 16:30:59,101 INFO Importado B.O.M. C:\Users\PRODUCAO-2.0\J I MONTADORA DE VEICULOS ESPECIAIS LTDA\JI Montadora - 02 Produção\01 Controle de Produção\01 - Projeto Cadastro\02 - B.O.M\06. TRANSFORMAÇÃO\41 - JI URBAN E-S-J TB SELADO TETO C. VELUDO PRETO.xlsx
2026-06-22 16:30:59,176 INFO Importado B.O.M. C:\Users\PRODUCAO-2.0\J I MONTADORA DE VEICULOS ESPECIAIS LTDA\JI Montadora - 02 Produção\01 Controle de Produção\01 - Projeto Cadastro\02 - B.O.M\06. TRANSFORMAÇÃO\42 - JI URBAN E-S-J TB VISTA TETO C. VELUDO PRETO.xlsx
2026-06-22 16:30:59,251 INFO Importado B.O.M. C:\Users\PRODUCAO-2.0\J I MONTADORA DE VEICULOS ESPECIAIS LTDA\JI Montadora - 02 Produção\01 Controle de Produção\01 - Projeto Cadastro\02 - B.O.M\06. TRANSFORMAÇÃO\43 - JI URBAN E-S-J VITRE TB TETO C. VELUDO PRETO.xlsx
2026-06-22 16:30:59,339 INFO Importado B.O.M. C:\Users\PRODUCAO-2.0\J I MONTADORA DE VEICULOS ESPECIAIS LTDA\JI Montadora - 02 Produção\01 Controle de Produção\01 - Projeto Cadastro\02 - B.O.M\06. TRANSFORMAÇÃO\44 - JI CONFORT TRANSIT L3H2 VITRE.xlsx
2026-06-22 16:30:59,428 INFO Importado B.O.M. C:\Users\PRODUCAO-2.0\J I MONTADORA DE VEICULOS ESPECIAIS LTDA\JI Montadora - 02 Produção\01 Controle de Produção\01 - Projeto Cadastro\02 - B.O.M\07. REFORÇOS\01 - CJ REFORÇO EM ACO ARQUEAMENTO E-J TETO ALTO.xlsx
2026-06-22 16:30:59,631 INFO Importado B.O.M. C:\Users\PRODUCAO-2.0\J I MONTADORA DE VEICULOS ESPECIAIS LTDA\JI Montadora - 02 Produção\01 Controle de Produção\01 - Projeto Cadastro\02 - B.O.M\07. REFORÇOS\02 - CJ CHAPA PRONTA TRILHO ALUMÍNIO BCO INCOR. FIXO - SPRINTER 517 - 4,2-1,2,3,3,3.xlsx
2026-06-22 16:30:59,793 INFO Importado B.O.M. C:\Users\PRODUCAO-2.0\J I MONTADORA DE VEICULOS ESPECIAIS LTDA\JI Montadora - 02 Produção\01 Controle de Produção\01 - Projeto Cadastro\02 - B.O.M\07. REFORÇOS\03 - CJ CHAPA PRONTA TRILHO ALUMÍNIO BCO INCOR. RECLINAVEL - SPRINTER 517 - 4,2-1,2,3,3,3.xlsx
2026-06-22 16:30:59,948 INFO Importado B.O.M. C:\Users\PRODUCAO-2.0\J I MONTADORA DE VEICULOS ESPECIAIS LTDA\JI Montadora - 02 Produção\01 Controle de Produção\01 - Projeto Cadastro\02 - B.O.M\07. REFORÇOS\04 - CJ CHAPA PRONTA TRILHO ALUMÍNIO BCO INCOR. FIXO - UNIVERSAL - 4,3,3,3.xlsx
2026-06-22 16:31:00,026 INFO Importado B.O.M. C:\Users\PRODUCAO-2.0\J I MONTADORA DE VEICULOS ESPECIAIS LTDA\JI Montadora - 02 Produção\01 Controle de Produção\01 - Projeto Cadastro\02 - B.O.M\07. REFORÇOS\05 - CJ CHAPA PRONTA TRILHO ALUMÍNIO BCO INCOR. RECLINAVEL - UNIVERSAL - 4,3,3,3.xlsx
2026-06-22 16:31:00,144 INFO Importado B.O.M. C:\Users\PRODUCAO-2.0\J I MONTADORA DE VEICULOS ESPECIAIS LTDA\JI Montadora - 02 Produção\01 Controle de Produção\01 - Projeto Cadastro\02 - B.O.M\07. REFORÇOS\06 - PP REFORÇO SUPORTE METALON 40X20 - Copia.xlsx
2026-06-22 16:31:00,236 INFO Importado B.O.M. C:\Users\PRODUCAO-2.0\J I MONTADORA DE VEICULOS ESPECIAIS LTDA\JI Montadora - 02 Produção\01 Controle de Produção\01 - Projeto Cadastro\02 - B.O.M\07. REFORÇOS\06 - PP REFORÇO SUPORTE METALON 40X20.xlsx
2026-06-22 16:31:00,339 INFO Importado B.O.M. C:\Users\PRODUCAO-2.0\J I MONTADORA DE VEICULOS ESPECIAIS LTDA\JI Montadora - 02 Produção\01 Controle de Produção\01 - Projeto Cadastro\02 - B.O.M\08. BANCOS\01 - CJ BANCOS FIXOS - MC - LB - 4,3,3,3 - 2P - TECIDO - BJD.xlsx
2026-06-22 16:31:00,431 INFO Importado B.O.M. C:\Users\PRODUCAO-2.0\J I MONTADORA DE VEICULOS ESPECIAIS LTDA\JI Montadora - 02 Produção\01 Controle de Produção\01 - Projeto Cadastro\02 - B.O.M\08. BANCOS\02 - CJ BANCOS REC - MC - LB - 3,2,3 - 3P - COURVIN - EXPERT.xlsx
2026-06-22 16:31:00,528 INFO Importado B.O.M. C:\Users\PRODUCAO-2.0\J I MONTADORA DE VEICULOS ESPECIAIS LTDA\JI Montadora - 02 Produção\01 Controle de Produção\01 - Projeto Cadastro\02 - B.O.M\08. BANCOS\03 - CJ BANCOS REC - MC - LB - 3,2,3 - 3P - TECIDO - EXPERT.xlsx
2026-06-22 16:31:00,615 INFO Importado B.O.M. C:\Users\PRODUCAO-2.0\J I MONTADORA DE VEICULOS ESPECIAIS LTDA\JI Montadora - 02 Produção\01 Controle de Produção\01 - Projeto Cadastro\02 - B.O.M\08. BANCOS\04 - CJ BANCOS REC - MC - LB - 3,3 - 3P - TECIDO - EXPERT.xlsx
2026-06-22 16:31:00,689 INFO Importado B.O.M. C:\Users\PRODUCAO-2.0\J I MONTADORA DE VEICULOS ESPECIAIS LTDA\JI Montadora - 02 Produção\01 Controle de Produção\01 - Projeto Cadastro\02 - B.O.M\08. BANCOS\05 - CJ BANCOS FIXOS - MC - LB - 3,3 - 3P - TECIDO - EXPERT.xlsx
2026-06-22 16:31:00,763 INFO Importado B.O.M. C:\Users\PRODUCAO-2.0\J I MONTADORA DE VEICULOS ESPECIAIS LTDA\JI Montadora - 02 Produção\01 Controle de Produção\01 - Projeto Cadastro\02 - B.O.M\08. BANCOS\06 - CJ BANCOS REC - MC - LB - 3,3 - 3P - COURVIN- EXPERT.xlsx
2026-06-22 16:31:00,841 INFO Importado B.O.M. C:\Users\PRODUCAO-2.0\J I MONTADORA DE VEICULOS ESPECIAIS LTDA\JI Montadora - 02 Produção\01 Controle de Produção\01 - Projeto Cadastro\02 - B.O.M\08. BANCOS\07 - CJ BANCOS FIXOS - MC - LB - 3,2,3 - 3P - COURVIN- EXPERT.xlsx
2026-06-22 16:31:00,916 INFO Importado B.O.M. C:\Users\PRODUCAO-2.0\J I MONTADORA DE VEICULOS ESPECIAIS LTDA\JI Montadora - 02 Produção\01 Controle de Produção\01 - Projeto Cadastro\02 - B.O.M\08. BANCOS\08 - CJ BANCOS FIXOS - MC - LB - 3,2,3 - 2P - COURVIN - EXPERT.xlsx
2026-06-22 16:31:01,004 INFO Importado B.O.M. C:\Users\PRODUCAO-2.0\J I MONTADORA DE VEICULOS ESPECIAIS LTDA\JI Montadora - 02 Produção\01 Controle de Produção\01 - Projeto Cadastro\02 - B.O.M\08. BANCOS\09 - CJ BANCOS FIXOS - MC - LB - 3,2,3 - 3P - TECIDO - EXPERT.xlsx
2026-06-22 16:31:01,100 INFO Importado B.O.M. C:\Users\PRODUCAO-2.0\J I MONTADORA DE VEICULOS ESPECIAIS LTDA\JI Montadora - 02 Produção\01 Controle de Produção\01 - Projeto Cadastro\02 - B.O.M\08. BANCOS\10 - CJ BANCOS FIXOS - MC - LB - 3,2,3 - 2P - TECIDO - EXPERT.xlsx
2026-06-22 16:31:01,212 INFO Importado B.O.M. C:\Users\PRODUCAO-2.0\J I MONTADORA DE VEICULOS ESPECIAIS LTDA\JI Montadora - 02 Produção\01 Controle de Produção\01 - Projeto Cadastro\02 - B.O.M\08. BANCOS\11 - CJ BANCOS REC - MC - LB - 4,3,3,2,2-1 - 2P - TECIDO - TRILHO - FOCA.xlsx
2026-06-22 16:31:01,306 INFO Importado B.O.M. C:\Users\PRODUCAO-2.0\J I MONTADORA DE VEICULOS ESPECIAIS LTDA\JI Montadora - 02 Produção\01 Controle de Produção\01 - Projeto Cadastro\02 - B.O.M\08. BANCOS\12 - CJ BANCOS REC - MC - LB - 4,3,3,3 - 2P - TECIDO - BJD.xlsx
2026-06-22 16:31:01,405 INFO Importado B.O.M. C:\Users\PRODUCAO-2.0\J I MONTADORA DE VEICULOS ESPECIAIS LTDA\JI Montadora - 02 Produção\01 Controle de Produção\01 - Projeto Cadastro\02 - B.O.M\08. BANCOS\13 - CJ BANCOS FIXOS - MC - LB - 4,3,3,3 - 2P - TECIDO - TRILHO.xlsx
2026-06-22 16:31:01,494 INFO Importado B.O.M. C:\Users\PRODUCAO-2.0\J I MONTADORA DE VEICULOS ESPECIAIS LTDA\JI Montadora - 02 Produção\01 Controle de Produção\01 - Projeto Cadastro\02 - B.O.M\08. BANCOS\14 - CJ BANCOS REC- MC - LB - 1E,1E,1E,1D - 3P - COURVIN- NORMAL.xlsx
2026-06-22 16:31:01,578 INFO Importado B.O.M. C:\Users\PRODUCAO-2.0\J I MONTADORA DE VEICULOS ESPECIAIS LTDA\JI Montadora - 02 Produção\01 Controle de Produção\01 - Projeto Cadastro\02 - B.O.M\08. BANCOS\15 - CJ BANCOS FIXOS - MC - LB - 4,3,3,2-1 - 2P - TECIDO - NORMAL - FOCA.xlsx
2026-06-22 16:31:01,653 INFO Importado B.O.M. C:\Users\PRODUCAO-2.0\J I MONTADORA DE VEICULOS ESPECIAIS LTDA\JI Montadora - 02 Produção\01 Controle de Produção\01 - Projeto Cadastro\02 - B.O.M\08. BANCOS\16 - CJ BANCOS REC - MC - LB - 4,2,2,3,3,3 - REC - 3P - COURVIN - NORMAL.xlsx
2026-06-22 16:31:01,727 INFO Importado B.O.M. C:\Users\PRODUCAO-2.0\J I MONTADORA DE VEICULOS ESPECIAIS LTDA\JI Montadora - 02 Produção\01 Controle de Produção\01 - Projeto Cadastro\02 - B.O.M\08. BANCOS\17 - CJ BANCOS REC - MC - LB - 4,2,3,3,3 - REC - 2P - COURVIN - PME 2A.xlsx
2026-06-22 16:31:01,804 INFO Importado B.O.M. C:\Users\PRODUCAO-2.0\J I MONTADORA DE VEICULOS ESPECIAIS LTDA\JI Montadora - 02 Produção\01 Controle de Produção\01 - Projeto Cadastro\02 - B.O.M\08. BANCOS\18 - CJ BANCOS REC - LB - 1 E,1 E,1 D,1 D,3,3 - REC - 3P - TECIDO - BJD.xlsx
2026-06-22 16:31:01,899 INFO Importado B.O.M. C:\Users\PRODUCAO-2.0\J I MONTADORA DE VEICULOS ESPECIAIS LTDA\JI Montadora - 02 Produção\01 Controle de Produção\01 - Projeto Cadastro\02 - B.O.M\08. BANCOS\19 - CJ BANCOS REC - LB - 4,2-1,2,3,3,3 - REC - 2P - TECIDO - NORMAL.xlsx
2026-06-22 16:31:01,993 INFO Importado B.O.M. C:\Users\PRODUCAO-2.0\J I MONTADORA DE VEICULOS ESPECIAIS LTDA\JI Montadora - 02 Produção\01 Controle de Produção\01 - Projeto Cadastro\02 - B.O.M\08. BANCOS\20 - CJ BANCOS FIXOS - LB - 1E,1E,1E,1D - 2P - TECIDO - TRILHO.xlsx
2026-06-22 16:31:02,100 INFO Importado B.O.M. C:\Users\PRODUCAO-2.0\J I MONTADORA DE VEICULOS ESPECIAIS LTDA\JI Montadora - 02 Produção\01 Controle de Produção\01 - Projeto Cadastro\02 - B.O.M\08. BANCOS\21 - CJ BANCOS FIXO - MC - LB - 4,3,3,2-1 - 2P - TECIDO - TRILHO - ELEVITTA.xlsx
2026-06-22 16:31:02,202 INFO Importado B.O.M. C:\Users\PRODUCAO-2.0\J I MONTADORA DE VEICULOS ESPECIAIS LTDA\JI Montadora - 02 Produção\01 Controle de Produção\01 - Projeto Cadastro\02 - B.O.M\08. BANCOS\22 - CJ BANCOS REC - LB - 4,2-1,2,3,3,3 - REC - 2P - TECIDO - TRILHO.xlsx
2026-06-22 16:31:02,407 INFO Importado B.O.M. C:\Users\PRODUCAO-2.0\J I MONTADORA DE VEICULOS ESPECIAIS LTDA\JI Montadora - 02 Produção\01 Controle de Produção\01 - Projeto Cadastro\02 - B.O.M\09. ELETRICA\01 - CJ CHICOTE ELETRICO CABINE E-S-J P. LIGAÇÃO ACESSORIOS.xlsx
2026-06-22 16:31:02,614 INFO Importado B.O.M. C:\Users\PRODUCAO-2.0\J I MONTADORA DE VEICULOS ESPECIAIS LTDA\JI Montadora - 02 Produção\01 Controle de Produção\01 - Projeto Cadastro\02 - B.O.M\09. ELETRICA\02 - CJ BOTOEIRA PLASTICA JI E-S-J CABINE 8 TECLAS.xlsx
2026-06-22 16:31:02,835 INFO Importado B.O.M. C:\Users\PRODUCAO-2.0\J I MONTADORA DE VEICULOS ESPECIAIS LTDA\JI Montadora - 02 Produção\01 Controle de Produção\01 - Projeto Cadastro\02 - B.O.M\09. ELETRICA\03 - CJ 3 TOMADAS USB ORBE DUPLA E-S-J.xlsx
2026-06-22 16:31:03,060 INFO Importado B.O.M. C:\Users\PRODUCAO-2.0\J I MONTADORA DE VEICULOS ESPECIAIS LTDA\JI Montadora - 02 Produção\01 Controle de Produção\01 - Projeto Cadastro\02 - B.O.M\09. ELETRICA\04 - CJ LUZ CORTESIA E-S-J - DEGRAU, SOLEIRA PM, SOB BCO 1º FIL.xlsx
2026-06-22 16:31:03,269 INFO Importado B.O.M. C:\Users\PRODUCAO-2.0\J I MONTADORA DE VEICULOS ESPECIAIS LTDA\JI Montadora - 02 Produção\01 Controle de Produção\01 - Projeto Cadastro\02 - B.O.M\09. ELETRICA\05 - CJ LUZ CORTESIA CABINE ESJ SOB PAINEL.xlsx
2026-06-22 16:31:03,499 INFO Importado B.O.M. C:\Users\PRODUCAO-2.0\J I MONTADORA DE VEICULOS ESPECIAIS LTDA\JI Montadora - 02 Produção\01 Controle de Produção\01 - Projeto Cadastro\02 - B.O.M\09. ELETRICA\06 - CJ LUZ LED RGB MOVEIS LATERAIS JI C-CLASS ESJ.xlsx
2026-06-22 16:31:03,700 INFO Importado B.O.M. C:\Users\PRODUCAO-2.0\J I MONTADORA DE VEICULOS ESPECIAIS LTDA\JI Montadora - 02 Produção\01 Controle de Produção\01 - Projeto Cadastro\02 - B.O.M\09. ELETRICA\07 - CJ LUZ AZUL 4 ARANDELAS LATERAIS JI.xlsx
2026-06-22 16:31:03,926 INFO Importado B.O.M. C:\Users\PRODUCAO-2.0\J I MONTADORA DE VEICULOS ESPECIAIS LTDA\JI Montadora - 02 Produção\01 Controle de Produção\01 - Projeto Cadastro\02 - B.O.M\09. ELETRICA\08 - CJ LUZ BALIZADORA INFERIOR E-S-J.xlsx
2026-06-22 16:31:04,138 INFO Importado B.O.M. C:\Users\PRODUCAO-2.0\J I MONTADORA DE VEICULOS ESPECIAIS LTDA\JI Montadora - 02 Produção\01 Controle de Produção\01 - Projeto Cadastro\02 - B.O.M\10. BANCOS FORNECEDOR JL\01 - BCO JL LE RECLINAVEL 3 L NORMAL C. AP BRACO LD 255 MM 3P MISTO.xlsx
2026-06-22 16:31:04,359 INFO Importado B.O.M. C:\Users\PRODUCAO-2.0\J I MONTADORA DE VEICULOS ESPECIAIS LTDA\JI Montadora - 02 Produção\01 Controle de Produção\01 - Projeto Cadastro\02 - B.O.M\10. BANCOS FORNECEDOR JL\02 - BCO JL LE RECLINAVEL 1 L PME S. AP BRACO 65 MM 3P MISTO.xlsx
2026-06-22 16:31:04,553 INFO Importado B.O.M. C:\Users\PRODUCAO-2.0\J I MONTADORA DE VEICULOS ESPECIAIS LTDA\JI Montadora - 02 Produção\01 Controle de Produção\01 - Projeto Cadastro\02 - B.O.M\10. BANCOS FORNECEDOR JL\03 - BCO JL LE RECLINAVEL 2 L PME S. AP BRACO 120 MM 3P MISTO.xlsx
2026-06-22 16:31:04,762 INFO Importado B.O.M. C:\Users\PRODUCAO-2.0\J I MONTADORA DE VEICULOS ESPECIAIS LTDA\JI Montadora - 02 Produção\01 Controle de Produção\01 - Projeto Cadastro\02 - B.O.M\10. BANCOS FORNECEDOR JL\04 - BCO JL LE RECLINAVEL 1 L PME S. AP BRACO 120 MM 3P MISTO.xlsx
2026-06-22 16:31:04,968 INFO Importado B.O.M. C:\Users\PRODUCAO-2.0\J I MONTADORA DE VEICULOS ESPECIAIS LTDA\JI Montadora - 02 Produção\01 Controle de Produção\01 - Projeto Cadastro\02 - B.O.M\10. BANCOS FORNECEDOR JL\05 - BCO JL LE RECLINAVEL 2 L NORMAL S. AP BRACO 330 MM 3P MISTO.xlsx
2026-06-22 16:31:05,153 INFO Importado B.O.M. C:\Users\PRODUCAO-2.0\J I MONTADORA DE VEICULOS ESPECIAIS LTDA\JI Montadora - 02 Produção\01 Controle de Produção\01 - Projeto Cadastro\02 - B.O.M\10. BANCOS FORNECEDOR JL\06 - BCO JL LE RECLINAVEL 1 L NORMAL S. AP BRACO 330 MM 3P MISTO.xlsx
2026-06-22 16:31:05,308 INFO Importado B.O.M. C:\Users\PRODUCAO-2.0\J I MONTADORA DE VEICULOS ESPECIAIS LTDA\JI Montadora - 02 Produção\01 Controle de Produção\01 - Projeto Cadastro\02 - B.O.M\10. BANCOS FORNECEDOR JL\07 - BCO JL LE RECLINAVEL 4 L PME S. AP BRACO 3P MISTO.xlsx
2026-06-22 16:31:05,499 INFO Importado B.O.M. C:\Users\PRODUCAO-2.0\J I MONTADORA DE VEICULOS ESPECIAIS LTDA\JI Montadora - 02 Produção\01 Controle de Produção\01 - Projeto Cadastro\02 - B.O.M\10. BANCOS FORNECEDOR JL\08 - BCO JL LE RECLINAVEL 3 L NORMAL C. AP BRACO LD 330 MM 3P MISTO.xlsx
2026-06-22 16:31:05,685 INFO Importado B.O.M. C:\Users\PRODUCAO-2.0\J I MONTADORA DE VEICULOS ESPECIAIS LTDA\JI Montadora - 02 Produção\01 Controle de Produção\01 - Projeto Cadastro\02 - B.O.M\10. BANCOS FORNECEDOR JL\09 - BCO CARONA JL LE RECLINAVEL 2 L SPRINTER S. AP BRACO 270 MM 3P MISTO.xlsx
2026-06-22 16:31:05,842 INFO Importado B.O.M. C:\Users\PRODUCAO-2.0\J I MONTADORA DE VEICULOS ESPECIAIS LTDA\JI Montadora - 02 Produção\01 Controle de Produção\01 - Projeto Cadastro\02 - B.O.M\10. BANCOS FORNECEDOR JL\10 - BCO CARONA JL LE RECLINAVEL 2 L MASTER S. AP BRACO 262 MM 3P MISTO.xlsx
2026-06-22 16:56:58,054 WARNING B.O.M. ignorada porque nao esta mais acessivel: C:\Users\PRODUCAO-2.0\J I MONTADORA DE VEICULOS ESPECIAIS LTDA\JI Montadora - 02 Produção\01 Controle de Produção\01 - Projeto Cadastro\02 - B.O.M\02. CATEGORIA ABS\41 - PP ABS PC C. MOLDURA CORTINA PVC ESJ C-CLASS TB LATERAL MOTORISTA LE 1º2º VAO CINZA RAL 7021 PU - TI.01.J04.xlsx
2026-06-22 16:57:16,902 INFO Importado B.O.M. C:\Users\PRODUCAO-2.0\J I MONTADORA DE VEICULOS ESPECIAIS LTDA\JI Montadora - 02 Produção\01 Controle de Produção\01 - Projeto Cadastro\02 - B.O.M\00. OBSOLETO\Consolidado B.O.M\consolidacao_bom\BOM_Onde_Usa.xlsx
2026-06-22 16:57:16,977 INFO Importado B.O.M. C:\Users\PRODUCAO-2.0\J I MONTADORA DE VEICULOS ESPECIAIS LTDA\JI Montadora - 02 Produção\01 Controle de Produção\01 - Projeto Cadastro\02 - B.O.M\01. CATEGORIA VIDRO\01 - VIDROS - SELADO - CJ VIDROS SELADO MASTER L2H2 - VIDROFORTE.xlsx
2026-06-22 16:57:17,101 INFO Importado B.O.M. C:\Users\PRODUCAO-2.0\J I MONTADORA DE VEICULOS ESPECIAIS LTDA\JI Montadora - 02 Produção\01 Controle de Produção\01 - Projeto Cadastro\02 - B.O.M\01. CATEGORIA VIDRO\02 - VIDROS - SELADO - CJ VIDROS SELADO MASTER L3H2 - SELADO - VIDROFORTE.xlsx
2026-06-22 16:57:17,326 INFO Importado B.O.M. C:\Users\PRODUCAO-2.0\J I MONTADORA DE VEICULOS ESPECIAIS LTDA\JI Montadora - 02 Produção\01 Controle de Produção\01 - Projeto Cadastro\02 - B.O.M\01. CATEGORIA VIDRO\03 - VIDROS - SELADO - CJ VIDROS SELADO MASTER L1H1 - SELADO - VIDROFORTE.xlsx
2026-06-22 16:57:17,491 INFO Importado B.O.M. C:\Users\PRODUCAO-2.0\J I MONTADORA DE VEICULOS ESPECIAIS LTDA\JI Montadora - 02 Produção\01 Controle de Produção\01 - Projeto Cadastro\02 - B.O.M\01. CATEGORIA VIDRO\04 - VIDROS - SELADO - CJ VIDROS SELADO TRANSIT L3H3 - SELADO - VIDROFORTE.xlsx
2026-06-22 16:57:17,641 INFO Importado B.O.M. C:\Users\PRODUCAO-2.0\J I MONTADORA DE VEICULOS ESPECIAIS LTDA\JI Montadora - 02 Produção\01 Controle de Produção\01 - Projeto Cadastro\02 - B.O.M\01. CATEGORIA VIDRO\05 - VIDROS - SELADO - CJ VIDROS SELADO TRANSIT L2H3 - SELADO - VIDROFORTE.xlsx
2026-06-22 16:57:17,847 INFO Importado B.O.M. C:\Users\PRODUCAO-2.0\J I MONTADORA DE VEICULOS ESPECIAIS LTDA\JI Montadora - 02 Produção\01 Controle de Produção\01 - Projeto Cadastro\02 - B.O.M\01. CATEGORIA VIDRO\06 - VIDROS - SELADO - CJ VIDROS SELADO SPRINTER 10 M - SELADO - VIDROFORTE.xlsx
2026-06-22 16:57:18,006 INFO Importado B.O.M. C:\Users\PRODUCAO-2.0\J I MONTADORA DE VEICULOS ESPECIAIS LTDA\JI Montadora - 02 Produção\01 Controle de Produção\01 - Projeto Cadastro\02 - B.O.M\01. CATEGORIA VIDRO\07 - VIDROS - SELADO - CJ VIDROS SELADO SPRINTER 14 M - SELADO - VIDROFORTE.xlsx
2026-06-22 16:57:18,146 INFO Importado B.O.M. C:\Users\PRODUCAO-2.0\J I MONTADORA DE VEICULOS ESPECIAIS LTDA\JI Montadora - 02 Produção\01 Controle de Produção\01 - Projeto Cadastro\02 - B.O.M\01. CATEGORIA VIDRO\08 - VIDROS - SELADO - CJ VIDROS SELADO EXPERT JUMPY SCUDO - SELADO - VIDROFORTE.xlsx
2026-06-22 16:57:18,269 INFO Importado B.O.M. C:\Users\PRODUCAO-2.0\J I MONTADORA DE VEICULOS ESPECIAIS LTDA\JI Montadora - 02 Produção\01 Controle de Produção\01 - Projeto Cadastro\02 - B.O.M\01. CATEGORIA VIDRO\09 - VIDROS - SELADO - CJ VIDROS SELADO BOXER JUMPER DUCATO - SELADO - VIDROFORTE.xlsx
2026-06-22 16:57:18,391 INFO Importado B.O.M. C:\Users\PRODUCAO-2.0\J I MONTADORA DE VEICULOS ESPECIAIS LTDA\JI Montadora - 02 Produção\01 Controle de Produção\01 - Projeto Cadastro\02 - B.O.M\01. CATEGORIA VIDRO\10 - VIDROS - VISTA - CJ VIDROS VISTA MASTER L2H2 - VIDROFORTE.xlsx
2026-06-22 16:57:18,532 INFO Importado B.O.M. C:\Users\PRODUCAO-2.0\J I MONTADORA DE VEICULOS ESPECIAIS LTDA\JI Montadora - 02 Produção\01 Controle de Produção\01 - Projeto Cadastro\02 - B.O.M\01. CATEGORIA VIDRO\11 - VIDROS - VISTA - CJ VIDROS VISTA MASTER L3H2  - VIDROFORTE.xlsx
2026-06-22 16:57:18,678 INFO Importado B.O.M. C:\Users\PRODUCAO-2.0\J I MONTADORA DE VEICULOS ESPECIAIS LTDA\JI Montadora - 02 Produção\01 Controle de Produção\01 - Projeto Cadastro\02 - B.O.M\01. CATEGORIA VIDRO\12 - VIDROS - VISTA - CJ VIDROS VISTA MASTER L1H1  - VIDROFORTE.xlsx
2026-06-22 16:57:18,820 INFO Importado B.O.M. C:\Users\PRODUCAO-2.0\J I MONTADORA DE VEICULOS ESPECIAIS LTDA\JI Montadora - 02 Produção\01 Controle de Produção\01 - Projeto Cadastro\02 - B.O.M\01. CATEGORIA VIDRO\13 - VIDROS - VISTA - CJ VIDROS VISTA TRANSIT L3H3  - VIDROFORTE.xlsx
2026-06-22 16:57:18,967 INFO Importado B.O.M. C:\Users\PRODUCAO-2.0\J I MONTADORA DE VEICULOS ESPECIAIS LTDA\JI Montadora - 02 Produção\01 Controle de Produção\01 - Projeto Cadastro\02 - B.O.M\01. CATEGORIA VIDRO\14 - VIDROS - VISTA - CJ VIDROS VISTA TRANSIT L2H3  - VIDROFORTE.xlsx
2026-06-22 16:57:19,135 INFO Importado B.O.M. C:\Users\PRODUCAO-2.0\J I MONTADORA DE VEICULOS ESPECIAIS LTDA\JI Montadora - 02 Produção\01 Controle de Produção\01 - Projeto Cadastro\02 - B.O.M\01. CATEGORIA VIDRO\15 - VIDROS - VISTA - CJ VIDROS VISTA SPRINTER 10 M  - VIDROFORTE.xlsx
2026-06-22 16:57:19,295 INFO Importado B.O.M. C:\Users\PRODUCAO-2.0\J I MONTADORA DE VEICULOS ESPECIAIS LTDA\JI Montadora - 02 Produção\01 Controle de Produção\01 - Projeto Cadastro\02 - B.O.M\01. CATEGORIA VIDRO\16 - VIDROS - VISTA - CJ VIDROS VISTA SPRINTER 14 M  - VIDROFORTE.xlsx
2026-06-22 16:57:19,451 INFO Importado B.O.M. C:\Users\PRODUCAO-2.0\J I MONTADORA DE VEICULOS ESPECIAIS LTDA\JI Montadora - 02 Produção\01 Controle de Produção\01 - Projeto Cadastro\02 - B.O.M\01. CATEGORIA VIDRO\17 - VIDROS - VISTA - CJ VIDROS VISTA EXPERT JUMPY SCUDO - VIDROFORTE.xlsx
2026-06-22 16:57:19,610 INFO Importado B.O.M. C:\Users\PRODUCAO-2.0\J I MONTADORA DE VEICULOS ESPECIAIS LTDA\JI Montadora - 02 Produção\01 Controle de Produção\01 - Projeto Cadastro\02 - B.O.M\01. CATEGORIA VIDRO\18 - VIDROS - VISTA - CJ VIDROS VISTA BOXER JUMPER DUCATO - VIDROFORTE.xlsx
2026-06-22 16:57:20,425 INFO Importado B.O.M. C:\Users\PRODUCAO-2.0\J I MONTADORA DE VEICULOS ESPECIAIS LTDA\JI Montadora - 02 Produção\01 Controle de Produção\01 - Projeto Cadastro\02 - B.O.M\01. CATEGORIA VIDRO\19 - VIDROS - SELADO - CJ VIDROS SELADO MASTER L2H2 - VETROEX.xlsx
2026-06-22 16:57:20,585 INFO Importado B.O.M. C:\Users\PRODUCAO-2.0\J I MONTADORA DE VEICULOS ESPECIAIS LTDA\JI Montadora - 02 Produção\01 Controle de Produção\01 - Projeto Cadastro\02 - B.O.M\01. CATEGORIA VIDRO\20 - VIDROS - SELADO - CJ VIDROS SELADO MASTER L3H2 - SELADO - VETROEX.xlsx
2026-06-22 16:57:20,747 INFO Importado B.O.M. C:\Users\PRODUCAO-2.0\J I MONTADORA DE VEICULOS ESPECIAIS LTDA\JI Montadora - 02 Produção\01 Controle de Produção\01 - Projeto Cadastro\02 - B.O.M\01. CATEGORIA VIDRO\21 - VIDROS - SELADO - CJ VIDROS SELADO MASTER L1H1 - SELADO - VETROEX.xlsx
2026-06-22 16:57:20,948 INFO Importado B.O.M. C:\Users\PRODUCAO-2.0\J I MONTADORA DE VEICULOS ESPECIAIS LTDA\JI Montadora - 02 Produção\01 Controle de Produção\01 - Projeto Cadastro\02 - B.O.M\01. CATEGORIA VIDRO\22 - VIDROS - SELADO - CJ VIDROS SELADO TRANSIT L3H3 - SELADO - VETROEX.xlsx
2026-06-22 16:57:21,166 INFO Importado B.O.M. C:\Users\PRODUCAO-2.0\J I MONTADORA DE VEICULOS ESPECIAIS LTDA\JI Montadora - 02 Produção\01 Controle de Produção\01 - Projeto Cadastro\02 - B.O.M\01. CATEGORIA VIDRO\23 - VIDROS - SELADO - CJ VIDROS SELADO TRANSIT L2H3 - SELADO - VETROEX.xlsx
2026-06-22 16:57:21,266 INFO Importado B.O.M. C:\Users\PRODUCAO-2.0\J I MONTADORA DE VEICULOS ESPECIAIS LTDA\JI Montadora - 02 Produção\01 Controle de Produção\01 - Projeto Cadastro\02 - B.O.M\01. CATEGORIA VIDRO\24 - VIDROS - SELADO - CJ VIDROS SELADO SPRINTER 10 M - SELADO - VETROEX.xlsx
2026-06-22 16:57:21,364 INFO Importado B.O.M. C:\Users\PRODUCAO-2.0\J I MONTADORA DE VEICULOS ESPECIAIS LTDA\JI Montadora - 02 Produção\01 Controle de Produção\01 - Projeto Cadastro\02 - B.O.M\01. CATEGORIA VIDRO\25 - VIDROS - SELADO - CJ VIDROS SELADO SPRINTER 14 M - SELADO - VETROEX.xlsx
2026-06-22 16:57:21,457 INFO Importado B.O.M. C:\Users\PRODUCAO-2.0\J I MONTADORA DE VEICULOS ESPECIAIS LTDA\JI Montadora - 02 Produção\01 Controle de Produção\01 - Projeto Cadastro\02 - B.O.M\01. CATEGORIA VIDRO\26 - VIDROS - SELADO - CJ VIDROS SELADO EXPERT JUMPY SCUDO - SELADO - VETROEX.xlsx
2026-06-22 16:57:21,537 INFO Importado B.O.M. C:\Users\PRODUCAO-2.0\J I MONTADORA DE VEICULOS ESPECIAIS LTDA\JI Montadora - 02 Produção\01 Controle de Produção\01 - Projeto Cadastro\02 - B.O.M\01. CATEGORIA VIDRO\27- VIDROS - SELADO - CJ VIDROS SELADO BOXER JUMPER DUCATO - SELADO - VETROEX.xlsx
2026-06-22 16:57:21,625 INFO Importado B.O.M. C:\Users\PRODUCAO-2.0\J I MONTADORA DE VEICULOS ESPECIAIS LTDA\JI Montadora - 02 Produção\01 Controle de Produção\01 - Projeto Cadastro\02 - B.O.M\01. CATEGORIA VIDRO\28 - VIDROS - VISTA - CJ VIDROS VISTA 1º LDLE 2º LE EXPERT JUMPY SCUDO - STYLLUS.xlsx
2026-06-22 16:57:21,707 INFO Importado B.O.M. C:\Users\PRODUCAO-2.0\J I MONTADORA DE VEICULOS ESPECIAIS LTDA\JI Montadora - 02 Produção\01 Controle de Produção\01 - Projeto Cadastro\02 - B.O.M\01. TEMPLATE PADRÃO COMPOSIÇÃO.xlsx
2026-06-22 16:57:21,854 INFO Importado B.O.M. C:\Users\PRODUCAO-2.0\J I MONTADORA DE VEICULOS ESPECIAIS LTDA\JI Montadora - 02 Produção\01 Controle de Produção\01 - Projeto Cadastro\02 - B.O.M\02. CATEGORIA ABS\01 - ABS - CJ REVESTIMENTO ESSENCIAL RENAULT MASTER L2H2.xlsx
2026-06-22 16:57:22,005 INFO Importado B.O.M. C:\Users\PRODUCAO-2.0\J I MONTADORA DE VEICULOS ESPECIAIS LTDA\JI Montadora - 02 Produção\01 Controle de Produção\01 - Projeto Cadastro\02 - B.O.M\02. CATEGORIA ABS\02 - ABS - CJ REVESTIMENTO ESSENCIAL RENAULT MASTER L3H2.xlsx
2026-06-22 16:57:22,129 INFO Importado B.O.M. C:\Users\PRODUCAO-2.0\J I MONTADORA DE VEICULOS ESPECIAIS LTDA\JI Montadora - 02 Produção\01 Controle de Produção\01 - Projeto Cadastro\02 - B.O.M\02. CATEGORIA ABS\03 - ABS - CJ REVESTIMENTO B-J-D.xlsx
2026-06-22 16:57:22,199 INFO Importado B.O.M. C:\Users\PRODUCAO-2.0\J I MONTADORA DE VEICULOS ESPECIAIS LTDA\JI Montadora - 02 Produção\01 Controle de Produção\01 - Projeto Cadastro\02 - B.O.M\02. CATEGORIA ABS\04 - ABS - CJ REVESTIMENTO E-S-J.xlsx
2026-06-22 16:57:22,341 INFO Importado B.O.M. C:\Users\PRODUCAO-2.0\J I MONTADORA DE VEICULOS ESPECIAIS LTDA\JI Montadora - 02 Produção\01 Controle de Produção\01 - Projeto Cadastro\02 - B.O.M\02. CATEGORIA ABS\05 - ABS - CJ REVESTIMENTO IVECO 50-180.xlsx
2026-06-22 16:57:22,481 INFO Importado B.O.M. C:\Users\PRODUCAO-2.0\J I MONTADORA DE VEICULOS ESPECIAIS LTDA\JI Montadora - 02 Produção\01 Controle de Produção\01 - Projeto Cadastro\02 - B.O.M\02. CATEGORIA ABS\06 - ABS - CJ REVESTIMENTO PLUS SPRINTER 417 10,5 M³.xlsx
2026-06-22 16:57:22,645 INFO Importado B.O.M. C:\Users\PRODUCAO-2.0\J I MONTADORA DE VEICULOS ESPECIAIS LTDA\JI Montadora - 02 Produção\01 Controle de Produção\01 - Projeto Cadastro\02 - B.O.M\02. CATEGORIA ABS\07 - ABS - CJ REVESTIMENTO PLUS SPRINTER 417 14 M³.xlsx
2026-06-22 16:57:22,809 INFO Importado B.O.M. C:\Users\PRODUCAO-2.0\J I MONTADORA DE VEICULOS ESPECIAIS LTDA\JI Montadora - 02 Produção\01 Controle de Produção\01 - Projeto Cadastro\02 - B.O.M\02. CATEGORIA ABS\08 - ABS - CJ REVESTIMENTO PLUS SPRINTER 517 15 M³.xlsx
2026-06-22 16:57:22,973 INFO Importado B.O.M. C:\Users\PRODUCAO-2.0\J I MONTADORA DE VEICULOS ESPECIAIS LTDA\JI Montadora - 02 Produção\01 Controle de Produção\01 - Projeto Cadastro\02 - B.O.M\02. CATEGORIA ABS\09 - ABS - CJ REVESTIMENTO TRANSIT L4H3.xlsx
2026-06-22 16:57:23,114 INFO Importado B.O.M. C:\Users\PRODUCAO-2.0\J I MONTADORA DE VEICULOS ESPECIAIS LTDA\JI Montadora - 02 Produção\01 Controle de Produção\01 - Projeto Cadastro\02 - B.O.M\02. CATEGORIA ABS\10 - ABS - CJ REVESTIMENTO TRANSIT L3H3.xlsx
2026-06-22 16:57:23,256 INFO Importado B.O.M. C:\Users\PRODUCAO-2.0\J I MONTADORA DE VEICULOS ESPECIAIS LTDA\JI Montadora - 02 Produção\01 Controle de Produção\01 - Projeto Cadastro\02 - B.O.M\02. CATEGORIA ABS\11 - ABS - CJ DUTO AR CONDICIONADO ABS PC PLUS SPRINTER 10,5M³.xlsx
2026-06-22 16:57:23,407 INFO Importado B.O.M. C:\Users\PRODUCAO-2.0\J I MONTADORA DE VEICULOS ESPECIAIS LTDA\JI Montadora - 02 Produção\01 Controle de Produção\01 - Projeto Cadastro\02 - B.O.M\02. CATEGORIA ABS\12 - ABS - CJ DUTO AR CONDICIONADO ABS PC PLUS SPRINTER 1415M³.xlsx
2026-06-22 16:57:23,570 INFO Importado B.O.M. C:\Users\PRODUCAO-2.0\J I MONTADORA DE VEICULOS ESPECIAIS LTDA\JI Montadora - 02 Produção\01 Controle de Produção\01 - Projeto Cadastro\02 - B.O.M\02. CATEGORIA ABS\13 - ABS - CJ REVESTIMENTO PLUS SPRINTER 517 14 M³.xlsx
2026-06-22 16:57:23,717 INFO Importado B.O.M. C:\Users\PRODUCAO-2.0\J I MONTADORA DE VEICULOS ESPECIAIS LTDA\JI Montadora - 02 Produção\01 Controle de Produção\01 - Projeto Cadastro\02 - B.O.M\02. CATEGORIA ABS\14 - CJ CONSOLE AC TRANSIT L3H3 ACABAMENTO MADEIRA REVESTIDA.xlsx
2026-06-22 16:57:23,873 INFO Importado B.O.M. C:\Users\PRODUCAO-2.0\J I MONTADORA DE VEICULOS ESPECIAIS LTDA\JI Montadora - 02 Produção\01 Controle de Produção\01 - Projeto Cadastro\02 - B.O.M\02. CATEGORIA ABS\15 - ABS - CJ REVESTIMENTO PLUS RENAULT MASTER L2H2.xlsx
2026-06-22 16:57:24,031 INFO Importado B.O.M. C:\Users\PRODUCAO-2.0\J I MONTADORA DE VEICULOS ESPECIAIS LTDA\JI Montadora - 02 Produção\01 Controle de Produção\01 - Projeto Cadastro\02 - B.O.M\02. CATEGORIA ABS\16 - ABS - CJ REVESTIMENTO PLUS RENAULT MASTER L3H2.xlsx
2026-06-22 16:57:24,177 INFO Importado B.O.M. C:\Users\PRODUCAO-2.0\J I MONTADORA DE VEICULOS ESPECIAIS LTDA\JI Montadora - 02 Produção\01 Controle de Produção\01 - Projeto Cadastro\02 - B.O.M\02. CATEGORIA ABS\17 - ABS - CJ REVESTIMENTO IVECO 50-180.xlsx
2026-06-22 16:57:24,251 INFO Importado B.O.M. C:\Users\PRODUCAO-2.0\J I MONTADORA DE VEICULOS ESPECIAIS LTDA\JI Montadora - 02 Produção\01 Controle de Produção\01 - Projeto Cadastro\02 - B.O.M\02. CATEGORIA ABS\18 - ABS - CJ. ACABAMENTO ABS ARO JANELAS ESJ.xlsx
2026-06-22 16:57:24,410 INFO Importado B.O.M. C:\Users\PRODUCAO-2.0\J I MONTADORA DE VEICULOS ESPECIAIS LTDA\JI Montadora - 02 Produção\01 Controle de Produção\01 - Projeto Cadastro\02 - B.O.M\02. CATEGORIA ABS\19 - CJ ABS FORROS E-S-J PL-PTS.xlsx
2026-06-22 16:57:24,585 INFO Importado B.O.M. C:\Users\PRODUCAO-2.0\J I MONTADORA DE VEICULOS ESPECIAIS LTDA\JI Montadora - 02 Produção\01 Controle de Produção\01 - Projeto Cadastro\02 - B.O.M\02. CATEGORIA ABS\20 - PP ABS TETO FLOCADO PRETO PC E-S-J TB.xlsx
2026-06-22 16:57:24,742 INFO Importado B.O.M. C:\Users\PRODUCAO-2.0\J I MONTADORA DE VEICULOS ESPECIAIS LTDA\JI Montadora - 02 Produção\01 Controle de Produção\01 - Projeto Cadastro\02 - B.O.M\02. CATEGORIA ABS\21 - PP ALCA PQP CABINE ORIGINAL LD E-S-J.xlsx
2026-06-22 16:57:24,976 INFO Importado B.O.M. C:\Users\PRODUCAO-2.0\J I MONTADORA DE VEICULOS ESPECIAIS LTDA\JI Montadora - 02 Produção\01 Controle de Produção\01 - Projeto Cadastro\02 - B.O.M\02. CATEGORIA ABS\22 - PP COLUNA B ORIGINAL CINTO SEGURANCA LE E-S-J PRETO FOSCO VINÍLICA.xlsx
2026-06-22 16:57:25,130 INFO Importado B.O.M. C:\Users\PRODUCAO-2.0\J I MONTADORA DE VEICULOS ESPECIAIS LTDA\JI Montadora - 02 Produção\01 Controle de Produção\01 - Projeto Cadastro\02 - B.O.M\02. CATEGORIA ABS\23 - PP COLUNA B ORIGINAL CINTO SEGURANCA LD E-S-J PRETO FOSCO VINÍLICA.xlsx
2026-06-22 16:57:25,271 INFO Importado B.O.M. C:\Users\PRODUCAO-2.0\J I MONTADORA DE VEICULOS ESPECIAIS LTDA\JI Montadora - 02 Produção\01 Controle de Produção\01 - Projeto Cadastro\02 - B.O.M\02. CATEGORIA ABS\24 - PP COLUNA A ORIGINAL LE E-S-J PRETO FOSCO VINÍLICA.xlsx
2026-06-22 16:57:25,411 INFO Importado B.O.M. C:\Users\PRODUCAO-2.0\J I MONTADORA DE VEICULOS ESPECIAIS LTDA\JI Montadora - 02 Produção\01 Controle de Produção\01 - Projeto Cadastro\02 - B.O.M\02. CATEGORIA ABS\25 - PP COLUNA A ORIGINAL LD E-S-J PRETO FOSCO VINÍLICA.xlsx
2026-06-22 16:57:25,568 INFO Importado B.O.M. C:\Users\PRODUCAO-2.0\J I MONTADORA DE VEICULOS ESPECIAIS LTDA\JI Montadora - 02 Produção\01 Controle de Produção\01 - Projeto Cadastro\02 - B.O.M\02. CATEGORIA ABS\26 - PP TETO ORIGINAL CABINE E-S-J PRETO FOSCO VINÍLICA.xlsx
2026-06-22 16:57:25,739 INFO Importado B.O.M. C:\Users\PRODUCAO-2.0\J I MONTADORA DE VEICULOS ESPECIAIS LTDA\JI Montadora - 02 Produção\01 Controle de Produção\01 - Projeto Cadastro\02 - B.O.M\02. CATEGORIA ABS\27 - PP QUEBRA SOL ORIGINAL CABINE E-S-J LD PRETO FOSCO VINÍLICA.xlsx
2026-06-22 16:57:25,893 INFO Importado B.O.M. C:\Users\PRODUCAO-2.0\J I MONTADORA DE VEICULOS ESPECIAIS LTDA\JI Montadora - 02 Produção\01 Controle de Produção\01 - Projeto Cadastro\02 - B.O.M\02. CATEGORIA ABS\27 - PP QUEBRA SOL ORIGINAL CABINE E-S-J LE PRETO FOSCO VINÍLICA.xlsx
2026-06-22 16:57:26,064 INFO Importado B.O.M. C:\Users\PRODUCAO-2.0\J I MONTADORA DE VEICULOS ESPECIAIS LTDA\JI Montadora - 02 Produção\01 Controle de Produção\01 - Projeto Cadastro\02 - B.O.M\02. CATEGORIA ABS\28 - PP SUPORTE QUEBRA SOL ORIGINAL CABINE E-S-J PRETO FOSCO VINÍLICA.xlsx
2026-06-22 16:57:26,249 INFO Importado B.O.M. C:\Users\PRODUCAO-2.0\J I MONTADORA DE VEICULOS ESPECIAIS LTDA\JI Montadora - 02 Produção\01 Controle de Produção\01 - Projeto Cadastro\02 - B.O.M\02. CATEGORIA ABS\29 - PP ACABAMENTO PLASTICO ORIGINAL MICROFONE SOM E-S-J.xlsx
2026-06-22 16:57:26,456 INFO Importado B.O.M. C:\Users\PRODUCAO-2.0\J I MONTADORA DE VEICULOS ESPECIAIS LTDA\JI Montadora - 02 Produção\01 Controle de Produção\01 - Projeto Cadastro\02 - B.O.M\02. CATEGORIA ABS\30 - PP LUMINARIA CABINE ORIGINAL E-S-J PRETO FOSCO VINÍLICA.xlsx
2026-06-22 16:57:26,681 INFO Importado B.O.M. C:\Users\PRODUCAO-2.0\J I MONTADORA DE VEICULOS ESPECIAIS LTDA\JI Montadora - 02 Produção\01 Controle de Produção\01 - Projeto Cadastro\02 - B.O.M\02. CATEGORIA ABS\31 - CJ TETO E-S-J VELUDO PRETO SALAO-CABINE-COLUNAB- COLUNAA-ACESSORIOS ORICAB.xlsx
2026-06-22 16:57:26,796 INFO Importado B.O.M. C:\Users\PRODUCAO-2.0\J I MONTADORA DE VEICULOS ESPECIAIS LTDA\JI Montadora - 02 Produção\01 Controle de Produção\01 - Projeto Cadastro\02 - B.O.M\02. CATEGORIA ABS\32 - CJ REVESTIMENTO E-S-J TB C. TETO VELUDO PRETO.xlsx
2026-06-22 16:57:26,906 INFO Importado B.O.M. C:\Users\PRODUCAO-2.0\J I MONTADORA DE VEICULOS ESPECIAIS LTDA\JI Montadora - 02 Produção\01 Controle de Produção\01 - Projeto Cadastro\02 - B.O.M\02. CATEGORIA ABS\33 - ABS - CJ REVESTIMENTO TRANSIT L3H2 VITRE.xlsx
2026-06-22 16:57:27,060 INFO Importado B.O.M. C:\Users\PRODUCAO-2.0\J I MONTADORA DE VEICULOS ESPECIAIS LTDA\JI Montadora - 02 Produção\01 Controle de Produção\01 - Projeto Cadastro\02 - B.O.M\02. CATEGORIA ABS\34 - PP ABS PC ALETA AR PRETA E-S-J TB PILAR.xlsx
2026-06-22 16:57:27,203 INFO Importado B.O.M. C:\Users\PRODUCAO-2.0\J I MONTADORA DE VEICULOS ESPECIAIS LTDA\JI Montadora - 02 Produção\01 Controle de Produção\01 - Projeto Cadastro\02 - B.O.M\02. CATEGORIA ABS\35 - PP ARO JANELA PVC 1º VAO LE ESJ C-CLASS.xlsx
2026-06-22 16:57:27,342 INFO Importado B.O.M. C:\Users\PRODUCAO-2.0\J I MONTADORA DE VEICULOS ESPECIAIS LTDA\JI Montadora - 02 Produção\01 Controle de Produção\01 - Projeto Cadastro\02 - B.O.M\02. CATEGORIA ABS\36 - PP ARO JANELA PVC 2º VAO LE ESJ C-CLASS.xlsx
2026-06-22 16:57:27,493 INFO Importado B.O.M. C:\Users\PRODUCAO-2.0\J I MONTADORA DE VEICULOS ESPECIAIS LTDA\JI Montadora - 02 Produção\01 Controle de Produção\01 - Projeto Cadastro\02 - B.O.M\02. CATEGORIA ABS\37 - PP ARO JANELA PVC 2º VAO LD ESJ C-CLASS.xlsx
2026-06-22 16:57:27,661 INFO Importado B.O.M. C:\Users\PRODUCAO-2.0\J I MONTADORA DE VEICULOS ESPECIAIS LTDA\JI Montadora - 02 Produção\01 Controle de Produção\01 - Projeto Cadastro\02 - B.O.M\02. CATEGORIA ABS\38 - CJ ABS ACABAMENTO ARO JANELAS ESJ C. CORTINA VELUDO PRETA.xlsx
2026-06-22 16:57:27,831 INFO Importado B.O.M. C:\Users\PRODUCAO-2.0\J I MONTADORA DE VEICULOS ESPECIAIS LTDA\JI Montadora - 02 Produção\01 Controle de Produção\01 - Projeto Cadastro\02 - B.O.M\02. CATEGORIA ABS\39 - PP ABS PC C. MOLDURA CORTINA PVC ESJ C-CLASS TB LATERAL MOTORISTA LE 1º2º VAO.xlsx
2026-06-22 16:57:28,016 INFO Importado B.O.M. C:\Users\PRODUCAO-2.0\J I MONTADORA DE VEICULOS ESPECIAIS LTDA\JI Montadora - 02 Produção\01 Controle de Produção\01 - Projeto Cadastro\02 - B.O.M\02. CATEGORIA ABS\40 - PP ABS PC C. MOLDURA CORTINA PVC ESJ C-CLASS TB LATERAL PASSAGEIRO LD 2º VAO.xlsx
2026-06-22 16:57:28,194 INFO Importado B.O.M. C:\Users\PRODUCAO-2.0\J I MONTADORA DE VEICULOS ESPECIAIS LTDA\JI Montadora - 02 Produção\01 Controle de Produção\01 - Projeto Cadastro\02 - B.O.M\02. CATEGORIA ABS\41 - PP ABS PC C. MOLDURA CORTINA PVC ESJ C-CLASS TB LATERAL MOTORISTA LE 1º2º VAO CINZA RAL 7021 PU - TI.01.J04.xlsx
2026-06-22 16:57:28,348 INFO Importado B.O.M. C:\Users\PRODUCAO-2.0\J I MONTADORA DE VEICULOS ESPECIAIS LTDA\JI Montadora - 02 Produção\01 Controle de Produção\01 - Projeto Cadastro\02 - B.O.M\02. CATEGORIA ABS\42 - PP ABS PC C. MOL COR ESJ C-CLAS LAT LD 2º CINZA RAL 7021 PU - TI.01.J04.xlsx
2026-06-22 16:57:28,510 INFO Importado B.O.M. C:\Users\PRODUCAO-2.0\J I MONTADORA DE VEICULOS ESPECIAIS LTDA\JI Montadora - 02 Produção\01 Controle de Produção\01 - Projeto Cadastro\02 - B.O.M\02. CATEGORIA ABS\43 - PP ABS ESJ ACAB INF PL LD CINZA RAL 7021 PU - TI.01.J04.xlsx
2026-06-22 16:57:28,676 INFO Importado B.O.M. C:\Users\PRODUCAO-2.0\J I MONTADORA DE VEICULOS ESPECIAIS LTDA\JI Montadora - 02 Produção\01 Controle de Produção\01 - Projeto Cadastro\02 - B.O.M\02. CATEGORIA ABS\44 - PP ABS ESJ ACAB INF PT LE CINZA RAL 7021 PU - TI.01.J04.xlsx
2026-06-22 16:57:28,829 INFO Importado B.O.M. C:\Users\PRODUCAO-2.0\J I MONTADORA DE VEICULOS ESPECIAIS LTDA\JI Montadora - 02 Produção\01 Controle de Produção\01 - Projeto Cadastro\02 - B.O.M\02. CATEGORIA ABS\45 - PP ABS ESJ ACAB INF PT LD CINZA RAL 7021 PU - TI.01.J04.xlsx
2026-06-22 16:57:28,980 INFO Importado B.O.M. C:\Users\PRODUCAO-2.0\J I MONTADORA DE VEICULOS ESPECIAIS LTDA\JI Montadora - 02 Produção\01 Controle de Produção\01 - Projeto Cadastro\02 - B.O.M\02. CATEGORIA ABS\46 - PP ABS ESJ ACAB ARO PL LD CINZA RAL 7021 PU - TI.01.J04.xlsx
2026-06-22 16:57:29,127 INFO Importado B.O.M. C:\Users\PRODUCAO-2.0\J I MONTADORA DE VEICULOS ESPECIAIS LTDA\JI Montadora - 02 Produção\01 Controle de Produção\01 - Projeto Cadastro\02 - B.O.M\02. CATEGORIA ABS\47 - PP ABS ESJ ACAB ARO PT LE CINZA RAL 7021 PU - TI.01.J04.xlsx
2026-06-22 16:57:29,292 INFO Importado B.O.M. C:\Users\PRODUCAO-2.0\J I MONTADORA DE VEICULOS ESPECIAIS LTDA\JI Montadora - 02 Produção\01 Controle de Produção\01 - Projeto Cadastro\02 - B.O.M\02. CATEGORIA ABS\48 - PP ABS ESJ ACAB ARO PT LD CINZA RAL 7021 PU - TI.01.J04.xlsx
2026-06-22 16:57:29,365 INFO Importado B.O.M. C:\Users\PRODUCAO-2.0\J I MONTADORA DE VEICULOS ESPECIAIS LTDA\JI Montadora - 02 Produção\01 Controle de Produção\01 - Projeto Cadastro\02 - B.O.M\02. CATEGORIA ABS\49 - PP ABS ESJ ACAB COLUNA CINTO SEGURANCA LD CINZA RAL 7021 PU - TI.01.J04.xlsx
2026-06-22 16:57:29,461 INFO Importado B.O.M. C:\Users\PRODUCAO-2.0\J I MONTADORA DE VEICULOS ESPECIAIS LTDA\JI Montadora - 02 Produção\01 Controle de Produção\01 - Projeto Cadastro\02 - B.O.M\02. CATEGORIA ABS\50 - CJ REVES ESJ CINZA RAL C. MOLD. P. CORTINAS EMBUT E TETO C. VELUDO PRETO.xlsx
2026-06-22 16:57:29,535 INFO Importado B.O.M. C:\Users\PRODUCAO-2.0\J I MONTADORA DE VEICULOS ESPECIAIS LTDA\JI Montadora - 02 Produção\01 Controle de Produção\01 - Projeto Cadastro\02 - B.O.M\02. CATEGORIA ABS\51 - CJ ABS ACAB ARO JANELAS ESJ CINZA RAL 7021 PU - TI.01.J04 C. CORT VEL PRE.xlsx
2026-06-22 16:57:29,613 INFO Importado B.O.M. C:\Users\PRODUCAO-2.0\J I MONTADORA DE VEICULOS ESPECIAIS LTDA\JI Montadora - 02 Produção\01 Controle de Produção\01 - Projeto Cadastro\02 - B.O.M\02. CATEGORIA ABS\52 - CJ ABS ACAB ARO JAN ESJ CINZA RAL 7021 PU - TI.01.J04.xlsx
2026-06-22 16:57:29,760 INFO Importado B.O.M. C:\Users\PRODUCAO-2.0\J I MONTADORA DE VEICULOS ESPECIAIS LTDA\JI Montadora - 02 Produção\01 Controle de Produção\01 - Projeto Cadastro\02 - B.O.M\03. CATEGORIA ISOLAMENTO\01 - CJ ISOLAMENTO TERMICO P. MASTER L3H2 C. MANTA AUTOADESIVA ALUMINIZADA.xlsx
2026-06-22 16:57:29,902 INFO Importado B.O.M. C:\Users\PRODUCAO-2.0\J I MONTADORA DE VEICULOS ESPECIAIS LTDA\JI Montadora - 02 Produção\01 Controle de Produção\01 - Projeto Cadastro\02 - B.O.M\03. CATEGORIA ISOLAMENTO\02 - CJ ISOLAMENTO TERMICO P E-S-J TB C MANTA AUTOADESIVA ALUMINIZADA.xlsx
2026-06-22 16:57:30,048 INFO Importado B.O.M. C:\Users\PRODUCAO-2.0\J I MONTADORA DE VEICULOS ESPECIAIS LTDA\JI Montadora - 02 Produção\01 Controle de Produção\01 - Projeto Cadastro\02 - B.O.M\03. CATEGORIA ISOLAMENTO\03 - CJ ISOLAMENTO TERMICO P E-S-J TA C MANTA AUTOADESIVA ALUMINIZADA.xlsx
2026-06-22 16:57:30,207 INFO Importado B.O.M. C:\Users\PRODUCAO-2.0\J I MONTADORA DE VEICULOS ESPECIAIS LTDA\JI Montadora - 02 Produção\01 Controle de Produção\01 - Projeto Cadastro\02 - B.O.M\03. CATEGORIA ISOLAMENTO\04 - CJ ISOLAMENTO TERMICO P MASTER L2H2 C MANTA AUTOADESIVA ALUMINIZADA.xlsx
2026-06-22 16:57:30,366 INFO Importado B.O.M. C:\Users\PRODUCAO-2.0\J I MONTADORA DE VEICULOS ESPECIAIS LTDA\JI Montadora - 02 Produção\01 Controle de Produção\01 - Projeto Cadastro\02 - B.O.M\03. CATEGORIA ISOLAMENTO\05 - CJ ISOLAMENTO TERMICO P SPRINTER 417 10 M C MANTA AUTOADESIVA ALUMINIZADA.xlsx
2026-06-22 16:57:30,512 INFO Importado B.O.M. C:\Users\PRODUCAO-2.0\J I MONTADORA DE VEICULOS ESPECIAIS LTDA\JI Montadora - 02 Produção\01 Controle de Produção\01 - Projeto Cadastro\02 - B.O.M\03. CATEGORIA ISOLAMENTO\06 - CJ ISOLAMENTO TERMICO P SPRINTER 417 14 M C MANTA AUTOADESIVA ALUMINIZADA.xlsx
2026-06-22 16:57:30,654 INFO Importado B.O.M. C:\Users\PRODUCAO-2.0\J I MONTADORA DE VEICULOS ESPECIAIS LTDA\JI Montadora - 02 Produção\01 Controle de Produção\01 - Projeto Cadastro\02 - B.O.M\03. CATEGORIA ISOLAMENTO\07 - CJ ISOLAMENTO TERMICO P SPRINTER 517 15 M C MANTA AUTOADESIVA ALUMINIZADA.xlsx
2026-06-22 16:57:30,778 INFO Importado B.O.M. C:\Users\PRODUCAO-2.0\J I MONTADORA DE VEICULOS ESPECIAIS LTDA\JI Montadora - 02 Produção\01 Controle de Produção\01 - Projeto Cadastro\02 - B.O.M\03. CATEGORIA ISOLAMENTO\08 - CJ ISOLAMENTO TERMICO P B-J-D C MANTA AUTOADESIVA ALUMINIZADA.xlsx
2026-06-22 16:57:30,924 INFO Importado B.O.M. C:\Users\PRODUCAO-2.0\J I MONTADORA DE VEICULOS ESPECIAIS LTDA\JI Montadora - 02 Produção\01 Controle de Produção\01 - Projeto Cadastro\02 - B.O.M\03. CATEGORIA ISOLAMENTO\09 - CJ ISOLAMENTO TERMICO P TRANSIT L3H3 C MANTA AUTOADESIVA.xlsx
2026-06-22 16:57:31,075 INFO Importado B.O.M. C:\Users\PRODUCAO-2.0\J I MONTADORA DE VEICULOS ESPECIAIS LTDA\JI Montadora - 02 Produção\01 Controle de Produção\01 - Projeto Cadastro\02 - B.O.M\03. CATEGORIA ISOLAMENTO\10 - CJ ISOLAMENTO TERMICO P TRANSIT L4H3 C MANTA AUTOADESIVA.xlsx
2026-06-22 16:57:31,153 INFO Importado B.O.M. C:\Users\PRODUCAO-2.0\J I MONTADORA DE VEICULOS ESPECIAIS LTDA\JI Montadora - 02 Produção\01 Controle de Produção\01 - Projeto Cadastro\02 - B.O.M\04. CATEGORIA PISO\01 - CJ PISO CN 12 MM MASTER L3H2 LG BRIGHT GRAFITE 92402 - UNIVERSAL - R00.xlsx
2026-06-22 16:57:31,307 INFO Importado B.O.M. C:\Users\PRODUCAO-2.0\J I MONTADORA DE VEICULOS ESPECIAIS LTDA\JI Montadora - 02 Produção\01 Controle de Produção\01 - Projeto Cadastro\02 - B.O.M\04. CATEGORIA PISO\01.1 - PP PISO CN 12 MM MASTER L3H2 - UNIVERSAL - R00.xlsx
2026-06-22 16:57:31,451 INFO Importado B.O.M. C:\Users\PRODUCAO-2.0\J I MONTADORA DE VEICULOS ESPECIAIS LTDA\JI Montadora - 02 Produção\01 Controle de Produção\01 - Projeto Cadastro\02 - B.O.M\04. CATEGORIA PISO\02 - CJ CANTONEIRA PVC PRETA PORTAS LATERAL E TRASEIRA RENAULT MASTER L2H2-L3H2.xlsx
2026-06-22 16:57:31,521 INFO Importado B.O.M. C:\Users\PRODUCAO-2.0\J I MONTADORA DE VEICULOS ESPECIAIS LTDA\JI Montadora - 02 Produção\01 Controle de Produção\01 - Projeto Cadastro\02 - B.O.M\04. CATEGORIA PISO\02.1 - PP CANTONEIRA PVC PRETA PORTA LATERAL CORREDICA RENAULT MASTER L2H2-L3H2.xlsx
2026-06-22 16:57:31,660 INFO Importado B.O.M. C:\Users\PRODUCAO-2.0\J I MONTADORA DE VEICULOS ESPECIAIS LTDA\JI Montadora - 02 Produção\01 Controle de Produção\01 - Projeto Cadastro\02 - B.O.M\04. CATEGORIA PISO\02.2 - PP CANTONEIRA PVC PRETA PORTA TRASEIRA RENAULT MASTER L2H2-L3H2.xlsx
2026-06-22 16:57:31,733 INFO Importado B.O.M. C:\Users\PRODUCAO-2.0\J I MONTADORA DE VEICULOS ESPECIAIS LTDA\JI Montadora - 02 Produção\01 Controle de Produção\01 - Projeto Cadastro\02 - B.O.M\04. CATEGORIA PISO\03 - CJ PISO CN 12 MM MASTER L2H2 LG BRIGHT GRAFITE 92402 - UNIVERSAL - R00.xlsx
2026-06-22 16:57:31,884 INFO Importado B.O.M. C:\Users\PRODUCAO-2.0\J I MONTADORA DE VEICULOS ESPECIAIS LTDA\JI Montadora - 02 Produção\01 Controle de Produção\01 - Projeto Cadastro\02 - B.O.M\04. CATEGORIA PISO\03.1 - PP PISO CN 12 MM MASTER L2H2 - UNIVERSAL - R00 - 311-20.01-02.01-0001.xlsx
2026-06-22 16:57:31,958 INFO Importado B.O.M. C:\Users\PRODUCAO-2.0\J I MONTADORA DE VEICULOS ESPECIAIS LTDA\JI Montadora - 02 Produção\01 Controle de Produção\01 - Projeto Cadastro\02 - B.O.M\04. CATEGORIA PISO\04 - CJ ACABAMENTO TUBULAÇÃO AC RENAULT MASTER L3H2 VITRE LG BRIGHT GRAFITE 92402.xlsx
2026-06-22 16:57:32,032 INFO Importado B.O.M. C:\Users\PRODUCAO-2.0\J I MONTADORA DE VEICULOS ESPECIAIS LTDA\JI Montadora - 02 Produção\01 Controle de Produção\01 - Projeto Cadastro\02 - B.O.M\04. CATEGORIA PISO\04.1 - PP CAIXA COMPENSADO NAVAL P ACABAMENTO TUBULAÇÃO AC RENAULT MASTER.xlsx
2026-06-22 16:57:32,186 INFO Importado B.O.M. C:\Users\PRODUCAO-2.0\J I MONTADORA DE VEICULOS ESPECIAIS LTDA\JI Montadora - 02 Produção\01 Controle de Produção\01 - Projeto Cadastro\02 - B.O.M\04. CATEGORIA PISO\05 - CJ ACABAMENTO TUBULAÇÃO AC RENAULT MASTER L3H2 VITRE PASSADEIRA AMADEIRADA TARKETT.xlsx
2026-06-22 16:57:32,326 INFO Importado B.O.M. C:\Users\PRODUCAO-2.0\J I MONTADORA DE VEICULOS ESPECIAIS LTDA\JI Montadora - 02 Produção\01 Controle de Produção\01 - Projeto Cadastro\02 - B.O.M\04. CATEGORIA PISO\05.1 - PP CAIXA COMPENSADO NAVAL P ACAB TUBU AC REN MAS L3H2 VITRE.xlsx
2026-06-22 16:57:32,399 INFO Importado B.O.M. C:\Users\PRODUCAO-2.0\J I MONTADORA DE VEICULOS ESPECIAIS LTDA\JI Montadora - 02 Produção\01 Controle de Produção\01 - Projeto Cadastro\02 - B.O.M\04. CATEGORIA PISO\06 - CJ CANTONEIRA PVC PRETA PORTA TRASEIRA SPRINTER.xlsx
2026-06-22 16:57:32,541 INFO Importado B.O.M. C:\Users\PRODUCAO-2.0\J I MONTADORA DE VEICULOS ESPECIAIS LTDA\JI Montadora - 02 Produção\01 Controle de Produção\01 - Projeto Cadastro\02 - B.O.M\04. CATEGORIA PISO\06.1 - PP CANTONEIRA PVC PRETA PORTA TRASEIRA SPRINTER.xlsx
2026-06-22 16:57:32,613 INFO Importado B.O.M. C:\Users\PRODUCAO-2.0\J I MONTADORA DE VEICULOS ESPECIAIS LTDA\JI Montadora - 02 Produção\01 Controle de Produção\01 - Projeto Cadastro\02 - B.O.M\04. CATEGORIA PISO\07 - CJ CANTONEIRA PVC PRETA PORTAS (LATERAL E TRASEIRA) B-J-D.xlsx
2026-06-22 16:57:32,761 INFO Importado B.O.M. C:\Users\PRODUCAO-2.0\J I MONTADORA DE VEICULOS ESPECIAIS LTDA\JI Montadora - 02 Produção\01 Controle de Produção\01 - Projeto Cadastro\02 - B.O.M\04. CATEGORIA PISO\07.2 - PP CANTONEIRA PVC PRETA PORTA LATERAL CORREDICA B-J-D.xlsx
2026-06-22 16:57:32,840 INFO Importado B.O.M. C:\Users\PRODUCAO-2.0\J I MONTADORA DE VEICULOS ESPECIAIS LTDA\JI Montadora - 02 Produção\01 Controle de Produção\01 - Projeto Cadastro\02 - B.O.M\04. CATEGORIA PISO\07.3 - PP CANTONEIRA PVC PRETA PORTA TRASEIRA RENAULT B-J-D.xlsx
2026-06-22 16:57:32,918 INFO Importado B.O.M. C:\Users\PRODUCAO-2.0\J I MONTADORA DE VEICULOS ESPECIAIS LTDA\JI Montadora - 02 Produção\01 Controle de Produção\01 - Projeto Cadastro\02 - B.O.M\04. CATEGORIA PISO\08 - CJ ASSOALHO DEGRAU ENTRADA COMPENSADO NAVAL 12 MM LG BRIGHT GRAFITE 92402.xlsx
2026-06-22 16:57:33,005 INFO Importado B.O.M. C:\Users\PRODUCAO-2.0\J I MONTADORA DE VEICULOS ESPECIAIS LTDA\JI Montadora - 02 Produção\01 Controle de Produção\01 - Projeto Cadastro\02 - B.O.M\04. CATEGORIA PISO\08.1 - PP ASSOALHO DEGRAU ENTRADA TRANSIT COMPENSADO NAVAL 12 MM.xlsx
2026-06-22 16:57:33,139 INFO Importado B.O.M. C:\Users\PRODUCAO-2.0\J I MONTADORA DE VEICULOS ESPECIAIS LTDA\JI Montadora - 02 Produção\01 Controle de Produção\01 - Projeto Cadastro\02 - B.O.M\04. CATEGORIA PISO\09 - CJ ASSOALHO DEGRAU ENTRADA TRANSIT COMPENSADO NAVAL 12 MM PASSADEIRA AMADEIRADA.xlsx
2026-06-22 16:57:33,215 INFO Importado B.O.M. C:\Users\PRODUCAO-2.0\J I MONTADORA DE VEICULOS ESPECIAIS LTDA\JI Montadora - 02 Produção\01 Controle de Produção\01 - Projeto Cadastro\02 - B.O.M\04. CATEGORIA PISO\10 - CJ PISO CN 12 MM MASTER L2H2 PASSADEIRA AMADEIRADA TARKETT DB-UNIVERSAL- R00.xlsx
2026-06-22 16:57:33,347 INFO Importado B.O.M. C:\Users\PRODUCAO-2.0\J I MONTADORA DE VEICULOS ESPECIAIS LTDA\JI Montadora - 02 Produção\01 Controle de Produção\01 - Projeto Cadastro\02 - B.O.M\04. CATEGORIA PISO\11 - CJ PISO CN 12 MM MASTER L3H2 PASSADEIRA AMADEIRADA TARKETT DARK BROWN - UNIVERSAL.xlsx
2026-06-22 16:57:33,419 INFO Importado B.O.M. C:\Users\PRODUCAO-2.0\J I MONTADORA DE VEICULOS ESPECIAIS LTDA\JI Montadora - 02 Produção\01 Controle de Produção\01 - Projeto Cadastro\02 - B.O.M\04. CATEGORIA PISO\12 - CJ PISO CN 12 MM SPRINTER 417 10,5 FG LG BRIGHTGRAFITE92402-UNIVERSAL-R00.xlsx
2026-06-22 16:57:33,494 INFO Importado B.O.M. C:\Users\PRODUCAO-2.0\J I MONTADORA DE VEICULOS ESPECIAIS LTDA\JI Montadora - 02 Produção\01 Controle de Produção\01 - Projeto Cadastro\02 - B.O.M\04. CATEGORIA PISO\12.1 - PP PISO CN 12 MM SPRINTER 417 10,5 FG - UNIVERSAL - R00.xlsx
2026-06-22 16:57:33,566 INFO Importado B.O.M. C:\Users\PRODUCAO-2.0\J I MONTADORA DE VEICULOS ESPECIAIS LTDA\JI Montadora - 02 Produção\01 Controle de Produção\01 - Projeto Cadastro\02 - B.O.M\04. CATEGORIA PISO\13 - CJ PISO CN 12 MM SPRINTER 417 10,5 VITRE LG BRIGHT GRAFITE 92402-UNIVERSAL-R00.xlsx
2026-06-22 16:57:33,704 INFO Importado B.O.M. C:\Users\PRODUCAO-2.0\J I MONTADORA DE VEICULOS ESPECIAIS LTDA\JI Montadora - 02 Produção\01 Controle de Produção\01 - Projeto Cadastro\02 - B.O.M\04. CATEGORIA PISO\13.1 - PP PISO CN 12 MM SPRINTER 417 10,5 VITRE - UNIVERSAL - R00.xlsx
2026-06-22 16:57:33,778 INFO Importado B.O.M. C:\Users\PRODUCAO-2.0\J I MONTADORA DE VEICULOS ESPECIAIS LTDA\JI Montadora - 02 Produção\01 Controle de Produção\01 - Projeto Cadastro\02 - B.O.M\04. CATEGORIA PISO\14 - CJ PISO CN 12 MM SPRINTER 417 10,5 PASSADEIRA AMADEIRADATARKETTDARKBROWN.xlsx
2026-06-22 16:57:33,856 INFO Importado B.O.M. C:\Users\PRODUCAO-2.0\J I MONTADORA DE VEICULOS ESPECIAIS LTDA\JI Montadora - 02 Produção\01 Controle de Produção\01 - Projeto Cadastro\02 - B.O.M\04. CATEGORIA PISO\15 - CJ PISO CN 12 MM SPRINTER 417 10,5 VITRE PASSADEIRA AMADEIRADA TARKETT DARK BROWN.xlsx
2026-06-22 16:57:33,935 INFO Importado B.O.M. C:\Users\PRODUCAO-2.0\J I MONTADORA DE VEICULOS ESPECIAIS LTDA\JI Montadora - 02 Produção\01 Controle de Produção\01 - Projeto Cadastro\02 - B.O.M\04. CATEGORIA PISO\16 - CJ PISO CN 12 MM SPRINTER 417 14 FG LG BRIGHT GRAFITE 92402 - UNIVERSAL - R00.xlsx
2026-06-22 16:57:34,090 INFO Importado B.O.M. C:\Users\PRODUCAO-2.0\J I MONTADORA DE VEICULOS ESPECIAIS LTDA\JI Montadora - 02 Produção\01 Controle de Produção\01 - Projeto Cadastro\02 - B.O.M\04. CATEGORIA PISO\16.1 - PP PISO CN 12 MM SPRINTER 417 14 FG - UNIVERSAL - R00.xlsx
2026-06-22 16:57:34,218 INFO Importado B.O.M. C:\Users\PRODUCAO-2.0\J I MONTADORA DE VEICULOS ESPECIAIS LTDA\JI Montadora - 02 Produção\01 Controle de Produção\01 - Projeto Cadastro\02 - B.O.M\04. CATEGORIA PISO\17 - CJ PISO CN 12 MM SPRINTER 417 14 VITRE LG BRIGHT GRAFITE 92402 - UNIV - R00.xlsx
2026-06-22 16:57:34,359 INFO Importado B.O.M. C:\Users\PRODUCAO-2.0\J I MONTADORA DE VEICULOS ESPECIAIS LTDA\JI Montadora - 02 Produção\01 Controle de Produção\01 - Projeto Cadastro\02 - B.O.M\04. CATEGORIA PISO\17.1 - PP PISO CN 12 MM SPRINTER 417 14 VITRE - UNIVERSAL - R00.xlsx
2026-06-22 16:57:34,499 INFO Importado B.O.M. C:\Users\PRODUCAO-2.0\J I MONTADORA DE VEICULOS ESPECIAIS LTDA\JI Montadora - 02 Produção\01 Controle de Produção\01 - Projeto Cadastro\02 - B.O.M\04. CATEGORIA PISO\18 - CJ PISO CN 12 MM SPRINTER 417 14 FG PASSADEIRA AMADEIRADA TARKETT DARK.xlsx
2026-06-22 16:57:34,572 INFO Importado B.O.M. C:\Users\PRODUCAO-2.0\J I MONTADORA DE VEICULOS ESPECIAIS LTDA\JI Montadora - 02 Produção\01 Controle de Produção\01 - Projeto Cadastro\02 - B.O.M\04. CATEGORIA PISO\19 - CJ PISO CN 12 MM SPRINTER 417 14 VITRE PASSADEIRA AMADEIRADA TARKETT DARK.xlsx
2026-06-22 16:57:34,644 INFO Importado B.O.M. C:\Users\PRODUCAO-2.0\J I MONTADORA DE VEICULOS ESPECIAIS LTDA\JI Montadora - 02 Produção\01 Controle de Produção\01 - Projeto Cadastro\02 - B.O.M\04. CATEGORIA PISO\20 - CJ PISO CN 12 MM SPRINTER 517 14 FG LG BRIGHT GRAFITE 92402 - UNIVERSAL - R00.xlsx
2026-06-22 16:57:34,811 INFO Importado B.O.M. C:\Users\PRODUCAO-2.0\J I MONTADORA DE VEICULOS ESPECIAIS LTDA\JI Montadora - 02 Produção\01 Controle de Produção\01 - Projeto Cadastro\02 - B.O.M\04. CATEGORIA PISO\20.1 - PP PISO CN 12 MM SPRINTER 517 14 FG - UNIVERSAL - R00.xlsx
2026-06-22 16:57:34,894 INFO Importado B.O.M. C:\Users\PRODUCAO-2.0\J I MONTADORA DE VEICULOS ESPECIAIS LTDA\JI Montadora - 02 Produção\01 Controle de Produção\01 - Projeto Cadastro\02 - B.O.M\04. CATEGORIA PISO\21 - CJ PISO CN 12 MM SPRINTER 517 14 VITRE LG BRIGHT GRAFITE 92402 - UNIV - R00.xlsx
2026-06-22 16:57:35,058 INFO Importado B.O.M. C:\Users\PRODUCAO-2.0\J I MONTADORA DE VEICULOS ESPECIAIS LTDA\JI Montadora - 02 Produção\01 Controle de Produção\01 - Projeto Cadastro\02 - B.O.M\04. CATEGORIA PISO\21.1 - PP PISO CN 12 MM SPRINTER 517 14 VITRE - UNIVERSAL - R00.xlsx
2026-06-22 16:57:35,133 INFO Importado B.O.M. C:\Users\PRODUCAO-2.0\J I MONTADORA DE VEICULOS ESPECIAIS LTDA\JI Montadora - 02 Produção\01 Controle de Produção\01 - Projeto Cadastro\02 - B.O.M\04. CATEGORIA PISO\22 - CJ PISO CN 12 MM SPRINTER 517 14 FG PASSADEIRA AMADEIRADA TAR DARK-UNIVER00.xlsx
2026-06-22 16:57:35,213 INFO Importado B.O.M. C:\Users\PRODUCAO-2.0\J I MONTADORA DE VEICULOS ESPECIAIS LTDA\JI Montadora - 02 Produção\01 Controle de Produção\01 - Projeto Cadastro\02 - B.O.M\04. CATEGORIA PISO\23 - CJ PISO CN 12 MM SPRINTER 517 14 VITRE PASSADEIRA AMADEIRADA TARDARK-UNIVER00.xlsx
2026-06-22 16:57:35,290 INFO Importado B.O.M. C:\Users\PRODUCAO-2.0\J I MONTADORA DE VEICULOS ESPECIAIS LTDA\JI Montadora - 02 Produção\01 Controle de Produção\01 - Projeto Cadastro\02 - B.O.M\04. CATEGORIA PISO\24 - CJ PISO CN 12 MM SPRINTER 517 15 FG LG BRIGHT GRAFITE 92402 - UNIVERSAL - R00.xlsx
2026-06-22 16:57:35,368 INFO Importado B.O.M. C:\Users\PRODUCAO-2.0\J I MONTADORA DE VEICULOS ESPECIAIS LTDA\JI Montadora - 02 Produção\01 Controle de Produção\01 - Projeto Cadastro\02 - B.O.M\04. CATEGORIA PISO\24.1 - PP PISO CN 12 MM SPRINTER 517 15 FG - UNIVERSAL - R00.xlsx
2026-06-22 16:57:35,441 INFO Importado B.O.M. C:\Users\PRODUCAO-2.0\J I MONTADORA DE VEICULOS ESPECIAIS LTDA\JI Montadora - 02 Produção\01 Controle de Produção\01 - Projeto Cadastro\02 - B.O.M\04. CATEGORIA PISO\25 - CJ PISO CN 12 MM SPRINTER 517 15 VITRE LG BRIGHT GRAFITE 92402 - UNIVE-R00.xlsx
2026-06-22 16:57:35,588 INFO Importado B.O.M. C:\Users\PRODUCAO-2.0\J I MONTADORA DE VEICULOS ESPECIAIS LTDA\JI Montadora - 02 Produção\01 Controle de Produção\01 - Projeto Cadastro\02 - B.O.M\04. CATEGORIA PISO\25.1 - PP PISO CN 12 MM SPRINTER 517 15 VITRE - UNIVERSAL - R00.xlsx
2026-06-22 16:57:35,664 INFO Importado B.O.M. C:\Users\PRODUCAO-2.0\J I MONTADORA DE VEICULOS ESPECIAIS LTDA\JI Montadora - 02 Produção\01 Controle de Produção\01 - Projeto Cadastro\02 - B.O.M\04. CATEGORIA PISO\26 - CJ PISO CN 12 MM SPRINTER 517 15 FG AMA TARKETT DARK BROWN - UNIVERSAL - R00.xlsx
2026-06-22 16:57:35,741 INFO Importado B.O.M. C:\Users\PRODUCAO-2.0\J I MONTADORA DE VEICULOS ESPECIAIS LTDA\JI Montadora - 02 Produção\01 Controle de Produção\01 - Projeto Cadastro\02 - B.O.M\04. CATEGORIA PISO\27 - CJ PISO CN 12 MM SPRINTER 517 15 VITRE AMA TARKETT DA BR - UNIVERSAL - R00.xlsx
2026-06-22 16:57:35,825 INFO Importado B.O.M. C:\Users\PRODUCAO-2.0\J I MONTADORA DE VEICULOS ESPECIAIS LTDA\JI Montadora - 02 Produção\01 Controle de Produção\01 - Projeto Cadastro\02 - B.O.M\04. CATEGORIA PISO\28 - CJ PISO CN 12 MM E-S-J TB LG BRIGHT GRAFITE 92402 - UNIVERSAL - R00.xlsx
2026-06-22 16:57:36,498 INFO Importado B.O.M. C:\Users\PRODUCAO-2.0\J I MONTADORA DE VEICULOS ESPECIAIS LTDA\JI Montadora - 02 Produção\01 Controle de Produção\01 - Projeto Cadastro\02 - B.O.M\04. CATEGORIA PISO\28.1 - PP PISO CN 12 MM E-S-J TB - UNIVERSAL - R00.xlsx
2026-06-22 16:57:36,598 INFO Importado B.O.M. C:\Users\PRODUCAO-2.0\J I MONTADORA DE VEICULOS ESPECIAIS LTDA\JI Montadora - 02 Produção\01 Controle de Produção\01 - Projeto Cadastro\02 - B.O.M\04. CATEGORIA PISO\29 - CJ PISO CN 12 MM E-S-J TA LG BRIGHT GRAFITE 92402 - UNIVERSAL - R00.xlsx
2026-06-22 16:57:36,821 INFO Importado B.O.M. C:\Users\PRODUCAO-2.0\J I MONTADORA DE VEICULOS ESPECIAIS LTDA\JI Montadora - 02 Produção\01 Controle de Produção\01 - Projeto Cadastro\02 - B.O.M\04. CATEGORIA PISO\29.1 - PP PISO CN 12 MM E-S-J TA - UNIVERSAL - R00.xlsx
2026-06-22 16:57:36,905 INFO Importado B.O.M. C:\Users\PRODUCAO-2.0\J I MONTADORA DE VEICULOS ESPECIAIS LTDA\JI Montadora - 02 Produção\01 Controle de Produção\01 - Projeto Cadastro\02 - B.O.M\04. CATEGORIA PISO\30 - CJ PISO CN 12 MM E-S-J TB AMADEIRADA TARKETT DARK BROWN - UNIVERSAL - R00.xlsx
2026-06-22 16:57:37,053 INFO Importado B.O.M. C:\Users\PRODUCAO-2.0\J I MONTADORA DE VEICULOS ESPECIAIS LTDA\JI Montadora - 02 Produção\01 Controle de Produção\01 - Projeto Cadastro\02 - B.O.M\04. CATEGORIA PISO\31 - CJ PISO CN 12 MM E-S-J TA PASSADEIRA AMADEIRADA TARKETT DARK BROWN - UNIVERSAL.xlsx
2026-06-22 16:57:37,140 INFO Importado B.O.M. C:\Users\PRODUCAO-2.0\J I MONTADORA DE VEICULOS ESPECIAIS LTDA\JI Montadora - 02 Produção\01 Controle de Produção\01 - Projeto Cadastro\02 - B.O.M\04. CATEGORIA PISO\32 - CJ PISO CN 12 MM B-J-D FG LG BRIGHT GRAFITE 92402 - UNIVERSAL - R00.xlsx
2026-06-22 16:57:37,284 INFO Importado B.O.M. C:\Users\PRODUCAO-2.0\J I MONTADORA DE VEICULOS ESPECIAIS LTDA\JI Montadora - 02 Produção\01 Controle de Produção\01 - Projeto Cadastro\02 - B.O.M\04. CATEGORIA PISO\32.1 - PP PISO CN 12 MM B-J-D FG - UNIVERSAL - R00.xlsx
2026-06-22 16:57:37,356 INFO Importado B.O.M. C:\Users\PRODUCAO-2.0\J I MONTADORA DE VEICULOS ESPECIAIS LTDA\JI Montadora - 02 Produção\01 Controle de Produção\01 - Projeto Cadastro\02 - B.O.M\04. CATEGORIA PISO\33 - CJ PISO CN 12 MM B-J-D VITRE LG BRIGHT GRAFITE 92402 - UNIVERSAL - R00.xlsx
2026-06-22 16:57:37,528 INFO Importado B.O.M. C:\Users\PRODUCAO-2.0\J I MONTADORA DE VEICULOS ESPECIAIS LTDA\JI Montadora - 02 Produção\01 Controle de Produção\01 - Projeto Cadastro\02 - B.O.M\04. CATEGORIA PISO\33.1 - PP PISO CN 12 MM B-J-D VITRE - UNIVERSAL - R00.xlsx
2026-06-22 16:57:37,606 INFO Importado B.O.M. C:\Users\PRODUCAO-2.0\J I MONTADORA DE VEICULOS ESPECIAIS LTDA\JI Montadora - 02 Produção\01 Controle de Produção\01 - Projeto Cadastro\02 - B.O.M\04. CATEGORIA PISO\34 - CJ PISO CN 12 MM B-J-D FG AMADE TARKETT DARK BROWN - UNIVER00.xlsx
2026-06-22 16:57:37,762 INFO Importado B.O.M. C:\Users\PRODUCAO-2.0\J I MONTADORA DE VEICULOS ESPECIAIS LTDA\JI Montadora - 02 Produção\01 Controle de Produção\01 - Projeto Cadastro\02 - B.O.M\04. CATEGORIA PISO\35 - CJ PISO CN 12 MM B-J-D VITRE PASSADEIRA AMADEIRADA TARKETT DARK BROWN - UNIVERSAL.xlsx
2026-06-22 16:57:37,834 INFO Importado B.O.M. C:\Users\PRODUCAO-2.0\J I MONTADORA DE VEICULOS ESPECIAIS LTDA\JI Montadora - 02 Produção\01 Controle de Produção\01 - Projeto Cadastro\02 - B.O.M\04. CATEGORIA PISO\36 - CJ PISO CN 12 MM TRANSIT L3H2 VITRE LG BRIGHT GRAFITE 92402 - UNIVERSAL.xlsx
2026-06-22 16:57:37,982 INFO Importado B.O.M. C:\Users\PRODUCAO-2.0\J I MONTADORA DE VEICULOS ESPECIAIS LTDA\JI Montadora - 02 Produção\01 Controle de Produção\01 - Projeto Cadastro\02 - B.O.M\04. CATEGORIA PISO\36.1 - PP PISO CN 12 MM TRANSIT L3H2 VITRE - UNIVERSAL - R00.xlsx
2026-06-22 16:57:38,061 INFO Importado B.O.M. C:\Users\PRODUCAO-2.0\J I MONTADORA DE VEICULOS ESPECIAIS LTDA\JI Montadora - 02 Produção\01 Controle de Produção\01 - Projeto Cadastro\02 - B.O.M\04. CATEGORIA PISO\37 - CJ PISO CN 12 MM TRANSIT L3H2 VITRE AMAD TARKETT DARK BROWN - UNIVR00.xlsx
2026-06-22 16:57:38,133 INFO Importado B.O.M. C:\Users\PRODUCAO-2.0\J I MONTADORA DE VEICULOS ESPECIAIS LTDA\JI Montadora - 02 Produção\01 Controle de Produção\01 - Projeto Cadastro\02 - B.O.M\04. CATEGORIA PISO\38 - CJ PISO CN 12 MM TRANSIT L4H3 VITRE LG BRIGHT GRAFITE 92402 - UNIVERSAL - R00.xlsx
2026-06-22 16:57:38,285 INFO Importado B.O.M. C:\Users\PRODUCAO-2.0\J I MONTADORA DE VEICULOS ESPECIAIS LTDA\JI Montadora - 02 Produção\01 Controle de Produção\01 - Projeto Cadastro\02 - B.O.M\04. CATEGORIA PISO\38.1 - PP PISO CN 12 MM TRANSIT L4H3 VITRE - UNIVERSAL - R00.xlsx
2026-06-22 16:57:38,357 INFO Importado B.O.M. C:\Users\PRODUCAO-2.0\J I MONTADORA DE VEICULOS ESPECIAIS LTDA\JI Montadora - 02 Produção\01 Controle de Produção\01 - Projeto Cadastro\02 - B.O.M\04. CATEGORIA PISO\39 - CJ PISO CN 12 MM TRANSIT L4H3 VITRE AMAD TARKETT DARK BROWN - UNIVR00.xlsx
2026-06-22 16:57:38,433 INFO Importado B.O.M. C:\Users\PRODUCAO-2.0\J I MONTADORA DE VEICULOS ESPECIAIS LTDA\JI Montadora - 02 Produção\01 Controle de Produção\01 - Projeto Cadastro\02 - B.O.M\04. CATEGORIA PISO\40 - CJ PISO CN 12 MM TRANSIT L3H3 LG BRIGHT GRAFITE 92402 - UNIVERSAL - R00.xlsx
2026-06-22 16:57:38,509 INFO Importado B.O.M. C:\Users\PRODUCAO-2.0\J I MONTADORA DE VEICULOS ESPECIAIS LTDA\JI Montadora - 02 Produção\01 Controle de Produção\01 - Projeto Cadastro\02 - B.O.M\04. CATEGORIA PISO\40.1 - PP PISO CN 12 MM TRANSIT L3H3 - UNIVERSAL - R00.xlsx
2026-06-22 16:57:52,944 INFO Importado B.O.M. C:\Users\PRODUCAO-2.0\J I MONTADORA DE VEICULOS ESPECIAIS LTDA\JI Montadora - 02 Produção\01 Controle de Produção\01 - Projeto Cadastro\02 - B.O.M\04. CATEGORIA PISO\41 - CJ PISO CN 12 MM TRANSIT L3H3 PASSADEIRA AMADEIRADA TARKETT DARK BROWN - UNIVERSAL.xlsx
2026-06-22 16:58:06,360 INFO Importado B.O.M. C:\Users\PRODUCAO-2.0\J I MONTADORA DE VEICULOS ESPECIAIS LTDA\JI Montadora - 02 Produção\01 Controle de Produção\01 - Projeto Cadastro\02 - B.O.M\04. CATEGORIA PISO\42 - PP NIVELADOR DE PISO.xlsx
2026-06-22 16:58:06,515 INFO Importado B.O.M. C:\Users\PRODUCAO-2.0\J I MONTADORA DE VEICULOS ESPECIAIS LTDA\JI Montadora - 02 Produção\01 Controle de Produção\01 - Projeto Cadastro\02 - B.O.M\04. CATEGORIA PISO\43 - PP ASSOALHO COMPENSADO NAVAL 700X60.xlsx
2026-06-22 16:58:06,636 INFO Importado B.O.M. C:\Users\PRODUCAO-2.0\J I MONTADORA DE VEICULOS ESPECIAIS LTDA\JI Montadora - 02 Produção\01 Controle de Produção\01 - Projeto Cadastro\02 - B.O.M\04. CATEGORIA PISO\44 - PP ASSOALHO COMPENSADO NAVAL 700X100.xlsx
2026-06-22 16:58:06,740 INFO Importado B.O.M. C:\Users\PRODUCAO-2.0\J I MONTADORA DE VEICULOS ESPECIAIS LTDA\JI Montadora - 02 Produção\01 Controle de Produção\01 - Projeto Cadastro\02 - B.O.M\04. CATEGORIA PISO\45 - CJ APOIO LATERAL PISO.xlsx
2026-06-22 16:58:06,945 INFO Importado B.O.M. C:\Users\PRODUCAO-2.0\J I MONTADORA DE VEICULOS ESPECIAIS LTDA\JI Montadora - 02 Produção\01 Controle de Produção\01 - Projeto Cadastro\02 - B.O.M\04. CATEGORIA PISO\46 - PP SOLEIRA PORTA MALA EXPERT LB 11L ESJ.xlsx
2026-06-22 16:58:07,129 INFO Importado B.O.M. C:\Users\PRODUCAO-2.0\J I MONTADORA DE VEICULOS ESPECIAIS LTDA\JI Montadora - 02 Produção\01 Controle de Produção\01 - Projeto Cadastro\02 - B.O.M\04. CATEGORIA PISO\47 - CJ SOLEIRA PORTA MALA EXPERT LB 11L ESJ LG.xlsx
2026-06-22 16:58:07,331 INFO Importado B.O.M. C:\Users\PRODUCAO-2.0\J I MONTADORA DE VEICULOS ESPECIAIS LTDA\JI Montadora - 02 Produção\01 Controle de Produção\01 - Projeto Cadastro\02 - B.O.M\04. CATEGORIA PISO\48 - PP CANTONEIRA PVC PRETA PORTA TRASEIRA ESJ.xlsx
2026-06-22 16:58:07,542 INFO Importado B.O.M. C:\Users\PRODUCAO-2.0\J I MONTADORA DE VEICULOS ESPECIAIS LTDA\JI Montadora - 02 Produção\01 Controle de Produção\01 - Projeto Cadastro\02 - B.O.M\04. CATEGORIA PISO\49 - PP SOLEIRA PORTA MALA EXPERT LB 9L ESJ.xlsx
2026-06-22 16:58:07,782 INFO Importado B.O.M. C:\Users\PRODUCAO-2.0\J I MONTADORA DE VEICULOS ESPECIAIS LTDA\JI Montadora - 02 Produção\01 Controle de Produção\01 - Projeto Cadastro\02 - B.O.M\04. CATEGORIA PISO\50 - CJ SOLEIRA PORTA MALA EXPERT LB 9L ESJ LG.xlsx
2026-06-22 16:58:07,995 INFO Importado B.O.M. C:\Users\PRODUCAO-2.0\J I MONTADORA DE VEICULOS ESPECIAIS LTDA\JI Montadora - 02 Produção\01 Controle de Produção\01 - Projeto Cadastro\02 - B.O.M\04. CATEGORIA PISO\51 - CJ SOLEIRA PORTA MALA EXPERT LB 9L ESJ - AMA.xlsx
2026-06-22 16:58:08,198 INFO Importado B.O.M. C:\Users\PRODUCAO-2.0\J I MONTADORA DE VEICULOS ESPECIAIS LTDA\JI Montadora - 02 Produção\01 Controle de Produção\01 - Projeto Cadastro\02 - B.O.M\04. CATEGORIA PISO\52 - CJ SOLEIRA PORTA MALA EXPERT LB 11L ESJ - AMA.xlsx
2026-06-22 16:58:08,356 INFO Importado B.O.M. C:\Users\PRODUCAO-2.0\J I MONTADORA DE VEICULOS ESPECIAIS LTDA\JI Montadora - 02 Produção\01 Controle de Produção\01 - Projeto Cadastro\02 - B.O.M\04. CATEGORIA PISO\53 - PP SOLEIRA PORTA MALA ESJ LE 8,9 L.xlsx
2026-06-22 16:58:08,499 INFO Importado B.O.M. C:\Users\PRODUCAO-2.0\J I MONTADORA DE VEICULOS ESPECIAIS LTDA\JI Montadora - 02 Produção\01 Controle de Produção\01 - Projeto Cadastro\02 - B.O.M\04. CATEGORIA PISO\54 - PP CANTONEIRA PVC PRETA SOLEIRA PORTA MALA LE ESJ C. LED.xlsx
2026-06-22 16:58:08,653 INFO Importado B.O.M. C:\Users\PRODUCAO-2.0\J I MONTADORA DE VEICULOS ESPECIAIS LTDA\JI Montadora - 02 Produção\01 Controle de Produção\01 - Projeto Cadastro\02 - B.O.M\04. CATEGORIA PISO\55 - CJ SOLEIRA PORTA MALA ESJ LE 8,9 L - AMADEIRADO.xlsx
2026-06-22 16:58:08,804 INFO Importado B.O.M. C:\Users\PRODUCAO-2.0\J I MONTADORA DE VEICULOS ESPECIAIS LTDA\JI Montadora - 02 Produção\01 Controle de Produção\01 - Projeto Cadastro\02 - B.O.M\04. CATEGORIA PISO\56 - CJ SOLEIRA PORTA MALA ESJ LE 8,9 L - LG BRIGHT.xlsx
2026-06-22 16:58:08,945 INFO Importado B.O.M. C:\Users\PRODUCAO-2.0\J I MONTADORA DE VEICULOS ESPECIAIS LTDA\JI Montadora - 02 Produção\01 Controle de Produção\01 - Projeto Cadastro\02 - B.O.M\05. ACESSORIOS\01 - ACESSORIO CJ EXTINTOR COM SUPORTE ABC 4KG.xlsx
2026-06-22 16:58:09,016 INFO Importado B.O.M. C:\Users\PRODUCAO-2.0\J I MONTADORA DE VEICULOS ESPECIAIS LTDA\JI Montadora - 02 Produção\01 Controle de Produção\01 - Projeto Cadastro\02 - B.O.M\05. ACESSORIOS\02 - CJ TRILHO ALUMINIO FIXACAO 417 14 - 4,3,3,2,2-1 DPM FOCA.xlsx
2026-06-22 16:58:09,087 INFO Importado B.O.M. C:\Users\PRODUCAO-2.0\J I MONTADORA DE VEICULOS ESPECIAIS LTDA\JI Montadora - 02 Produção\01 Controle de Produção\01 - Projeto Cadastro\02 - B.O.M\05. ACESSORIOS\03 - PP TRILHO ALUMINIO FIXACAO BANCO  3300 MM.xlsx
2026-06-22 16:58:09,158 INFO Importado B.O.M. C:\Users\PRODUCAO-2.0\J I MONTADORA DE VEICULOS ESPECIAIS LTDA\JI Montadora - 02 Produção\01 Controle de Produção\01 - Projeto Cadastro\02 - B.O.M\05. ACESSORIOS\04 - PP TRILHO ALUMINIO FIXACAO BANCO  3870 MM.xlsx
2026-06-22 16:58:09,230 INFO Importado B.O.M. C:\Users\PRODUCAO-2.0\J I MONTADORA DE VEICULOS ESPECIAIS LTDA\JI Montadora - 02 Produção\01 Controle de Produção\01 - Projeto Cadastro\02 - B.O.M\05. ACESSORIOS\05 - PP TRILHO ALUMINIO FIXACAO BANCO  600 MM.xlsx
2026-06-22 16:58:09,302 INFO Importado B.O.M. C:\Users\PRODUCAO-2.0\J I MONTADORA DE VEICULOS ESPECIAIS LTDA\JI Montadora - 02 Produção\01 Controle de Produção\01 - Projeto Cadastro\02 - B.O.M\05. ACESSORIOS\06 - CJ TRILHO ALUMINIO FIXACAO 417 10 - 4,3,3,3.xlsx
2026-06-22 16:58:09,373 INFO Importado B.O.M. C:\Users\PRODUCAO-2.0\J I MONTADORA DE VEICULOS ESPECIAIS LTDA\JI Montadora - 02 Produção\01 Controle de Produção\01 - Projeto Cadastro\02 - B.O.M\05. ACESSORIOS\07 - PP TRILHO ALUMINIO FIXACAO BANCO  2900 MM.xlsx
2026-06-22 16:58:09,445 INFO Importado B.O.M. C:\Users\PRODUCAO-2.0\J I MONTADORA DE VEICULOS ESPECIAIS LTDA\JI Montadora - 02 Produção\01 Controle de Produção\01 - Projeto Cadastro\02 - B.O.M\05. ACESSORIOS\08 - PP TRILHO ALUMINIO FIXACAO BANCO  2400 MM.xlsx
2026-06-22 16:58:09,521 INFO Importado B.O.M. C:\Users\PRODUCAO-2.0\J I MONTADORA DE VEICULOS ESPECIAIS LTDA\JI Montadora - 02 Produção\01 Controle de Produção\01 - Projeto Cadastro\02 - B.O.M\05. ACESSORIOS\09 - PP TRILHO ALUMINIO FIXACAO BANCO  500 MM.xlsx
2026-06-22 16:58:09,668 INFO Importado B.O.M. C:\Users\PRODUCAO-2.0\J I MONTADORA DE VEICULOS ESPECIAIS LTDA\JI Montadora - 02 Produção\01 Controle de Produção\01 - Projeto Cadastro\02 - B.O.M\05. ACESSORIOS\10 - CJ ARANDELA PLASTICA JI MONTADORA.xlsx
2026-06-22 16:58:09,818 INFO Importado B.O.M. C:\Users\PRODUCAO-2.0\J I MONTADORA DE VEICULOS ESPECIAIS LTDA\JI Montadora - 02 Produção\01 Controle de Produção\01 - Projeto Cadastro\02 - B.O.M\05. ACESSORIOS\11 - PP CAIXA MADEIRA SUPORTE GELADEIRA CAB 18L ESJ.xlsx
2026-06-22 16:58:09,957 INFO Importado B.O.M. C:\Users\PRODUCAO-2.0\J I MONTADORA DE VEICULOS ESPECIAIS LTDA\JI Montadora - 02 Produção\01 Controle de Produção\01 - Projeto Cadastro\02 - B.O.M\05. ACESSORIOS\12 - PP CAPACHO ESJ PORTA LATERAL MOTORISTA LE.xlsx
2026-06-22 16:58:10,094 INFO Importado B.O.M. C:\Users\PRODUCAO-2.0\J I MONTADORA DE VEICULOS ESPECIAIS LTDA\JI Montadora - 02 Produção\01 Controle de Produção\01 - Projeto Cadastro\02 - B.O.M\05. ACESSORIOS\13 - PP CAPACHO ESJ PORTA LATERAL CARONA LD.xlsx
2026-06-22 16:58:10,235 INFO Importado B.O.M. C:\Users\PRODUCAO-2.0\J I MONTADORA DE VEICULOS ESPECIAIS LTDA\JI Montadora - 02 Produção\01 Controle de Produção\01 - Projeto Cadastro\02 - B.O.M\05. ACESSORIOS\14 - PP CAPACHO ESJ PORTA LATERAL LE ESJ.xlsx
2026-06-22 16:58:10,388 INFO Importado B.O.M. C:\Users\PRODUCAO-2.0\J I MONTADORA DE VEICULOS ESPECIAIS LTDA\JI Montadora - 02 Produção\01 Controle de Produção\01 - Projeto Cadastro\02 - B.O.M\05. ACESSORIOS\15 - CJ COMPLETO CAPACHO PORTAS ESJ.xlsx
2026-06-22 16:58:10,546 INFO Importado B.O.M. C:\Users\PRODUCAO-2.0\J I MONTADORA DE VEICULOS ESPECIAIS LTDA\JI Montadora - 02 Produção\01 Controle de Produção\01 - Projeto Cadastro\02 - B.O.M\05. ACESSORIOS\16 - ACESSORIO CJ TAPETE SALAO BOUCLE ESJ.xlsx
2026-06-22 16:58:10,688 INFO Importado B.O.M. C:\Users\PRODUCAO-2.0\J I MONTADORA DE VEICULOS ESPECIAIS LTDA\JI Montadora - 02 Produção\01 Controle de Produção\01 - Projeto Cadastro\02 - B.O.M\05. ACESSORIOS\17 - CJ CORTINA VELUDO PRETA PORTAS ESJ.xlsx
2026-06-22 16:58:10,832 INFO Importado B.O.M. C:\Users\PRODUCAO-2.0\J I MONTADORA DE VEICULOS ESPECIAIS LTDA\JI Montadora - 02 Produção\01 Controle de Produção\01 - Projeto Cadastro\02 - B.O.M\05. ACESSORIOS\18 - CJ TUBO ALUMINIO DOBRADO CORTINA ESJ EMBUTIDA C-CLASS.xlsx
2026-06-22 16:58:10,975 INFO Importado B.O.M. C:\Users\PRODUCAO-2.0\J I MONTADORA DE VEICULOS ESPECIAIS LTDA\JI Montadora - 02 Produção\01 Controle de Produção\01 - Projeto Cadastro\02 - B.O.M\05. ACESSORIOS\19 - CJ CORTINA VELUDO PRETA SALAO ESJ C-CLASS SEM PORTAS.xlsx
2026-06-22 16:58:11,130 INFO Importado B.O.M. C:\Users\PRODUCAO-2.0\J I MONTADORA DE VEICULOS ESPECIAIS LTDA\JI Montadora - 02 Produção\01 Controle de Produção\01 - Projeto Cadastro\02 - B.O.M\05. ACESSORIOS\20 - PP TUBO INFERIOR ALUMINIO CORTINA 1º VAO LE ESJ C-CLASS.xlsx
2026-06-22 16:58:11,285 INFO Importado B.O.M. C:\Users\PRODUCAO-2.0\J I MONTADORA DE VEICULOS ESPECIAIS LTDA\JI Montadora - 02 Produção\01 Controle de Produção\01 - Projeto Cadastro\02 - B.O.M\05. ACESSORIOS\21 - PP TUBO INFERIOR ALUMINIO CORTINA 2º VAO LE ESJ C-CLASS.xlsx
2026-06-22 16:58:11,448 INFO Importado B.O.M. C:\Users\PRODUCAO-2.0\J I MONTADORA DE VEICULOS ESPECIAIS LTDA\JI Montadora - 02 Produção\01 Controle de Produção\01 - Projeto Cadastro\02 - B.O.M\05. ACESSORIOS\22 - PP TUBO INFERIOR ALUMINIO CORTINA 2º VAO LD ESJ C-CLASS.xlsx
2026-06-22 16:58:11,591 INFO Importado B.O.M. C:\Users\PRODUCAO-2.0\J I MONTADORA DE VEICULOS ESPECIAIS LTDA\JI Montadora - 02 Produção\01 Controle de Produção\01 - Projeto Cadastro\02 - B.O.M\05. ACESSORIOS\23 - PP TUBO SUPERIOR ALUMINIO CORTINA 1º VAO LE ESJ C-CLASS.xlsx
2026-06-22 16:58:11,741 INFO Importado B.O.M. C:\Users\PRODUCAO-2.0\J I MONTADORA DE VEICULOS ESPECIAIS LTDA\JI Montadora - 02 Produção\01 Controle de Produção\01 - Projeto Cadastro\02 - B.O.M\05. ACESSORIOS\24 - PP TUBO SUPERIOR ALUMINIO CORTINA 2º VAO LE ESJ C-CLASS.xlsx
2026-06-22 16:58:11,897 INFO Importado B.O.M. C:\Users\PRODUCAO-2.0\J I MONTADORA DE VEICULOS ESPECIAIS LTDA\JI Montadora - 02 Produção\01 Controle de Produção\01 - Projeto Cadastro\02 - B.O.M\05. ACESSORIOS\25 - PP TUBO SUPERIOR ALUMINIO CORTINA 2º VAO LD ESJ C-CLASS.xlsx
2026-06-22 16:58:12,063 INFO Importado B.O.M. C:\Users\PRODUCAO-2.0\J I MONTADORA DE VEICULOS ESPECIAIS LTDA\JI Montadora - 02 Produção\01 Controle de Produção\01 - Projeto Cadastro\02 - B.O.M\05. ACESSORIOS\26 - PP TUBO INFERIOR ALUMINIO CORTINA PORTA LATERAL ESJ.xlsx
2026-06-22 16:58:12,239 INFO Importado B.O.M. C:\Users\PRODUCAO-2.0\J I MONTADORA DE VEICULOS ESPECIAIS LTDA\JI Montadora - 02 Produção\01 Controle de Produção\01 - Projeto Cadastro\02 - B.O.M\05. ACESSORIOS\27 - PP TUBO SUPERIOR ALUMINIO CORTINA PORTA LATERAL ESJ.xlsx
2026-06-22 16:58:12,444 INFO Importado B.O.M. C:\Users\PRODUCAO-2.0\J I MONTADORA DE VEICULOS ESPECIAIS LTDA\JI Montadora - 02 Produção\01 Controle de Produção\01 - Projeto Cadastro\02 - B.O.M\05. ACESSORIOS\28 - PP TUBO INFERIOR ALUMINIO CORTINA PORTA TRASEIRA LE ESJ.xlsx
2026-06-22 16:58:12,631 INFO Importado B.O.M. C:\Users\PRODUCAO-2.0\J I MONTADORA DE VEICULOS ESPECIAIS LTDA\JI Montadora - 02 Produção\01 Controle de Produção\01 - Projeto Cadastro\02 - B.O.M\05. ACESSORIOS\29 - PP TUBO INFERIOR ALUMINIO CORTINA PORTA TRASEIRA LD ESJ.xlsx
2026-06-22 16:58:12,813 INFO Importado B.O.M. C:\Users\PRODUCAO-2.0\J I MONTADORA DE VEICULOS ESPECIAIS LTDA\JI Montadora - 02 Produção\01 Controle de Produção\01 - Projeto Cadastro\02 - B.O.M\05. ACESSORIOS\30 - PP TUBO SUPERIOR ALUMINIO CORTINA PORTA TRASEIRA LE ESJ.xlsx
2026-06-22 16:58:13,125 INFO Importado B.O.M. C:\Users\PRODUCAO-2.0\J I MONTADORA DE VEICULOS ESPECIAIS LTDA\JI Montadora - 02 Produção\01 Controle de Produção\01 - Projeto Cadastro\02 - B.O.M\05. ACESSORIOS\31 - PP TUBO SUPERIOR ALUMINIO CORTINA PORTA TRASEIRA LD ESJ.xlsx
2026-06-22 16:58:13,323 INFO Importado B.O.M. C:\Users\PRODUCAO-2.0\J I MONTADORA DE VEICULOS ESPECIAIS LTDA\JI Montadora - 02 Produção\01 Controle de Produção\01 - Projeto Cadastro\02 - B.O.M\05. ACESSORIOS\32 - PP SUPORTE FIXO CABIDE - GANCHO CABIDEIRO MARCOPOLO CINZA RAL 7021 PU - TI.01.J04.xlsx
2026-06-22 16:58:13,477 INFO Importado B.O.M. C:\Users\PRODUCAO-2.0\J I MONTADORA DE VEICULOS ESPECIAIS LTDA\JI Montadora - 02 Produção\01 Controle de Produção\01 - Projeto Cadastro\02 - B.O.M\05. ACESSORIOS\33 - PP PC REVIS MOVEL LAT PRFV ESJ C-CLA 1º VAO LE INT REVE CARP.xlsx
2026-06-22 16:58:13,628 INFO Importado B.O.M. C:\Users\PRODUCAO-2.0\J I MONTADORA DE VEICULOS ESPECIAIS LTDA\JI Montadora - 02 Produção\01 Controle de Produção\01 - Projeto Cadastro\02 - B.O.M\05. ACESSORIOS\34 - PP PC FUNDO MOVEL LAT PRFV ESJ C-CLA 1º VAO LE REVE CARP.xlsx
2026-06-22 16:58:13,779 INFO Importado B.O.M. C:\Users\PRODUCAO-2.0\J I MONTADORA DE VEICULOS ESPECIAIS LTDA\JI Montadora - 02 Produção\01 Controle de Produção\01 - Projeto Cadastro\02 - B.O.M\05. ACESSORIOS\35 - PP FUNDO MOVEL LAT PRFV ESJ C-CLA 2º VAO LD INT REVE CARP.xlsx
2026-06-22 16:58:13,946 INFO Importado B.O.M. C:\Users\PRODUCAO-2.0\J I MONTADORA DE VEICULOS ESPECIAIS LTDA\JI Montadora - 02 Produção\01 Controle de Produção\01 - Projeto Cadastro\02 - B.O.M\05. ACESSORIOS\36 - PP MOVEL LAT PRFV ESJ C-CLA 2º VAO LD INT REVE CARP.xlsx
2026-06-22 16:58:14,110 INFO Importado B.O.M. C:\Users\PRODUCAO-2.0\J I MONTADORA DE VEICULOS ESPECIAIS LTDA\JI Montadora - 02 Produção\01 Controle de Produção\01 - Projeto Cadastro\02 - B.O.M\05. ACESSORIOS\37 - PP MOVEL LAT PRFV ESJ C-CLA 1º VAO LE REVE CARP.xlsx
2026-06-22 16:58:14,257 INFO Importado B.O.M. C:\Users\PRODUCAO-2.0\J I MONTADORA DE VEICULOS ESPECIAIS LTDA\JI Montadora - 02 Produção\01 Controle de Produção\01 - Projeto Cadastro\02 - B.O.M\05. ACESSORIOS\38 - PP PC MOVEL LAT PRFV ESJ C-CLA 1º VAO LE REVE MARROM.xlsx
2026-06-22 16:58:14,409 INFO Importado B.O.M. C:\Users\PRODUCAO-2.0\J I MONTADORA DE VEICULOS ESPECIAIS LTDA\JI Montadora - 02 Produção\01 Controle de Produção\01 - Projeto Cadastro\02 - B.O.M\05. ACESSORIOS\39 - PP PC REVIS MOVEL LAT PRFV ESJ C-CLA 1º VAO LE REVE MARROM.xlsx
2026-06-22 16:58:14,559 INFO Importado B.O.M. C:\Users\PRODUCAO-2.0\J I MONTADORA DE VEICULOS ESPECIAIS LTDA\JI Montadora - 02 Produção\01 Controle de Produção\01 - Projeto Cadastro\02 - B.O.M\05. ACESSORIOS\40 - PP PC MOVEL LAT PRFV ESJ C-CLA 2º VAO LE REVE MARROM.xlsx
2026-06-22 16:58:14,720 INFO Importado B.O.M. C:\Users\PRODUCAO-2.0\J I MONTADORA DE VEICULOS ESPECIAIS LTDA\JI Montadora - 02 Produção\01 Controle de Produção\01 - Projeto Cadastro\02 - B.O.M\05. ACESSORIOS\41 - PP MOVEL LAT PRFV ESJ C-CLA 2º VAO LD REVE MARROM.xlsx
2026-06-22 16:58:14,887 INFO Importado B.O.M. C:\Users\PRODUCAO-2.0\J I MONTADORA DE VEICULOS ESPECIAIS LTDA\JI Montadora - 02 Produção\01 Controle de Produção\01 - Projeto Cadastro\02 - B.O.M\05. ACESSORIOS\42 - PP PC MOVEL LAT PRFV ESJ C-CLA 1º VAO LE REVE PRETO.xlsx
2026-06-22 16:58:15,034 INFO Importado B.O.M. C:\Users\PRODUCAO-2.0\J I MONTADORA DE VEICULOS ESPECIAIS LTDA\JI Montadora - 02 Produção\01 Controle de Produção\01 - Projeto Cadastro\02 - B.O.M\05. ACESSORIOS\43 - PP PC REVIS MOVEL LAT PRFV ESJ C-CLA 1º VAO LE REVE PRETO.xlsx
2026-06-22 16:58:15,181 INFO Importado B.O.M. C:\Users\PRODUCAO-2.0\J I MONTADORA DE VEICULOS ESPECIAIS LTDA\JI Montadora - 02 Produção\01 Controle de Produção\01 - Projeto Cadastro\02 - B.O.M\05. ACESSORIOS\44 - PP PC MOVEL LAT PRFV ESJ C-CLA 2º VAO LE REVE PRETO.xlsx
2026-06-22 16:58:15,328 INFO Importado B.O.M. C:\Users\PRODUCAO-2.0\J I MONTADORA DE VEICULOS ESPECIAIS LTDA\JI Montadora - 02 Produção\01 Controle de Produção\01 - Projeto Cadastro\02 - B.O.M\05. ACESSORIOS\45 - PP MOVEL LAT PRFV ESJ C-CLA 2º VAO LD REVE PRETO.xlsx
2026-06-22 16:58:15,489 INFO Importado B.O.M. C:\Users\PRODUCAO-2.0\J I MONTADORA DE VEICULOS ESPECIAIS LTDA\JI Montadora - 02 Produção\01 Controle de Produção\01 - Projeto Cadastro\02 - B.O.M\05. ACESSORIOS\46 - PP PC MOVEL LAT PRFV ESJ C-CLA 1º VAO LE REVE BEGE.xlsx
2026-06-22 16:58:15,658 INFO Importado B.O.M. C:\Users\PRODUCAO-2.0\J I MONTADORA DE VEICULOS ESPECIAIS LTDA\JI Montadora - 02 Produção\01 Controle de Produção\01 - Projeto Cadastro\02 - B.O.M\05. ACESSORIOS\47 - PP PC REVIS MOVEL LAT PRFV ESJ C-CLA 1º VAO LE REVE BEGE.xlsx
2026-06-22 16:58:15,807 INFO Importado B.O.M. C:\Users\PRODUCAO-2.0\J I MONTADORA DE VEICULOS ESPECIAIS LTDA\JI Montadora - 02 Produção\01 Controle de Produção\01 - Projeto Cadastro\02 - B.O.M\05. ACESSORIOS\48 - PP PC MOVEL LAT PRFV ESJ C-CLA 2º VAO LE REVE BEGE.xlsx
2026-06-22 16:58:15,958 INFO Importado B.O.M. C:\Users\PRODUCAO-2.0\J I MONTADORA DE VEICULOS ESPECIAIS LTDA\JI Montadora - 02 Produção\01 Controle de Produção\01 - Projeto Cadastro\02 - B.O.M\05. ACESSORIOS\49 - PP MOVEL LAT PRFV ESJ C-CLA 2º VAO LD REVE BEGE.xlsx
2026-06-22 16:58:16,106 INFO Importado B.O.M. C:\Users\PRODUCAO-2.0\J I MONTADORA DE VEICULOS ESPECIAIS LTDA\JI Montadora - 02 Produção\01 Controle de Produção\01 - Projeto Cadastro\02 - B.O.M\05. ACESSORIOS\50 - PP PC TAMPO SUP ACRILICO PRETO MOVEL LATERAL ESJ C-CLASS 1º VAO LE.xlsx
2026-06-22 16:58:16,265 INFO Importado B.O.M. C:\Users\PRODUCAO-2.0\J I MONTADORA DE VEICULOS ESPECIAIS LTDA\JI Montadora - 02 Produção\01 Controle de Produção\01 - Projeto Cadastro\02 - B.O.M\05. ACESSORIOS\51 - PP PC TAMPO INF ACRILICO PRETO MOVEL LATERAL ESJ C-CLASS 1º VAO LE.xlsx
2026-06-22 16:58:16,442 INFO Importado B.O.M. C:\Users\PRODUCAO-2.0\J I MONTADORA DE VEICULOS ESPECIAIS LTDA\JI Montadora - 02 Produção\01 Controle de Produção\01 - Projeto Cadastro\02 - B.O.M\05. ACESSORIOS\52 - PP PC TAMPO SUP ACRILICO PRETO MOVEL LATERAL ESJ C-CLASS 2º VAO LD.xlsx
2026-06-22 16:58:16,602 INFO Importado B.O.M. C:\Users\PRODUCAO-2.0\J I MONTADORA DE VEICULOS ESPECIAIS LTDA\JI Montadora - 02 Produção\01 Controle de Produção\01 - Projeto Cadastro\02 - B.O.M\05. ACESSORIOS\53 - PP PC TAMPO INF ACRILICO PRETO MOVEL LATERAL ESJ C-CLASS 2º VAO LD.xlsx
2026-06-22 16:58:16,754 INFO Importado B.O.M. C:\Users\PRODUCAO-2.0\J I MONTADORA DE VEICULOS ESPECIAIS LTDA\JI Montadora - 02 Produção\01 Controle de Produção\01 - Projeto Cadastro\02 - B.O.M\05. ACESSORIOS\54 - PP PC TAMPO SUP ACRILICO PRETO MOVEL LATERAL ESJ C-CLASS 2º VAO LE.xlsx
2026-06-22 16:58:16,905 INFO Importado B.O.M. C:\Users\PRODUCAO-2.0\J I MONTADORA DE VEICULOS ESPECIAIS LTDA\JI Montadora - 02 Produção\01 Controle de Produção\01 - Projeto Cadastro\02 - B.O.M\05. ACESSORIOS\55 - PP PC TAMPO INF ACRILICO PRETO MOVEL LATERAL ESJ C-CLASS 2º VAO LE.xlsx
2026-06-22 16:58:17,059 INFO Importado B.O.M. C:\Users\PRODUCAO-2.0\J I MONTADORA DE VEICULOS ESPECIAIS LTDA\JI Montadora - 02 Produção\01 Controle de Produção\01 - Projeto Cadastro\02 - B.O.M\05. ACESSORIOS\56 - PP PC TAMPO CENTRAL ACRILICO CRISTAL MOVEL LATERAL ESJ C-CLA 1º VAO LE.xlsx
2026-06-22 16:58:17,223 INFO Importado B.O.M. C:\Users\PRODUCAO-2.0\J I MONTADORA DE VEICULOS ESPECIAIS LTDA\JI Montadora - 02 Produção\01 Controle de Produção\01 - Projeto Cadastro\02 - B.O.M\05. ACESSORIOS\57 - PP PC TAMPO CENTRAL ACRILICO CRISTAL MOVEL LATERAL ESJ C-CLA 2º VAO LD.xlsx
2026-06-22 16:58:17,385 INFO Importado B.O.M. C:\Users\PRODUCAO-2.0\J I MONTADORA DE VEICULOS ESPECIAIS LTDA\JI Montadora - 02 Produção\01 Controle de Produção\01 - Projeto Cadastro\02 - B.O.M\05. ACESSORIOS\58 - PP PC TAMPO CENTRAL ACRILICO CRISTAL MOVEL LATERAL ESJ C-CLA 2º VAO LE.xlsx
2026-06-22 16:58:17,535 INFO Importado B.O.M. C:\Users\PRODUCAO-2.0\J I MONTADORA DE VEICULOS ESPECIAIS LTDA\JI Montadora - 02 Produção\01 Controle de Produção\01 - Projeto Cadastro\02 - B.O.M\05. ACESSORIOS\59 - CJ TAMPO ACRIL MOVEL LAT ESJ C-CLA 1º VAO LE.xlsx
2026-06-22 16:58:17,685 INFO Importado B.O.M. C:\Users\PRODUCAO-2.0\J I MONTADORA DE VEICULOS ESPECIAIS LTDA\JI Montadora - 02 Produção\01 Controle de Produção\01 - Projeto Cadastro\02 - B.O.M\05. ACESSORIOS\60 - CJ TAMPO ACRIL MOVEL LAT ESJ C-CLA 2º VAO LE.xlsx
2026-06-22 16:58:17,843 INFO Importado B.O.M. C:\Users\PRODUCAO-2.0\J I MONTADORA DE VEICULOS ESPECIAIS LTDA\JI Montadora - 02 Produção\01 Controle de Produção\01 - Projeto Cadastro\02 - B.O.M\05. ACESSORIOS\61 - CJ TAMPO ACRIL MOVEL LAT ESJ C-CLA 2º VAO LD.xlsx
2026-06-22 16:58:18,005 INFO Importado B.O.M. C:\Users\PRODUCAO-2.0\J I MONTADORA DE VEICULOS ESPECIAIS LTDA\JI Montadora - 02 Produção\01 Controle de Produção\01 - Projeto Cadastro\02 - B.O.M\05. ACESSORIOS\62 - CJ MOVEL LATERAL MARROM ESJ C-CLASS 1º VAO LE.xlsx
2026-06-22 16:58:18,164 INFO Importado B.O.M. C:\Users\PRODUCAO-2.0\J I MONTADORA DE VEICULOS ESPECIAIS LTDA\JI Montadora - 02 Produção\01 Controle de Produção\01 - Projeto Cadastro\02 - B.O.M\05. ACESSORIOS\62 - CJ MOVEL LATERAL PRETO ESJ C-CLASS 1º VAO LE.xlsx
2026-06-22 16:58:18,312 INFO Importado B.O.M. C:\Users\PRODUCAO-2.0\J I MONTADORA DE VEICULOS ESPECIAIS LTDA\JI Montadora - 02 Produção\01 Controle de Produção\01 - Projeto Cadastro\02 - B.O.M\05. ACESSORIOS\63 - CJ MOVEL LATERAL BEGE ESJ C-CLASS 1º VAO LE.xlsx
2026-06-22 16:58:18,466 INFO Importado B.O.M. C:\Users\PRODUCAO-2.0\J I MONTADORA DE VEICULOS ESPECIAIS LTDA\JI Montadora - 02 Produção\01 Controle de Produção\01 - Projeto Cadastro\02 - B.O.M\05. ACESSORIOS\64 - CJ MOVEL LATERAL MARROM ESJ C-CLASS 2º VAO LE.xlsx
2026-06-22 16:58:18,619 INFO Importado B.O.M. C:\Users\PRODUCAO-2.0\J I MONTADORA DE VEICULOS ESPECIAIS LTDA\JI Montadora - 02 Produção\01 Controle de Produção\01 - Projeto Cadastro\02 - B.O.M\05. ACESSORIOS\64 - CJ MOVEL LATERAL PRETO ESJ C-CLASS 2º VAO LE.xlsx
2026-06-22 16:58:18,787 INFO Importado B.O.M. C:\Users\PRODUCAO-2.0\J I MONTADORA DE VEICULOS ESPECIAIS LTDA\JI Montadora - 02 Produção\01 Controle de Produção\01 - Projeto Cadastro\02 - B.O.M\05. ACESSORIOS\65 - CJ MOVEL LATERAL BEGE ESJ C-CLASS 2º VAO LE.xlsx
2026-06-22 16:58:18,946 INFO Importado B.O.M. C:\Users\PRODUCAO-2.0\J I MONTADORA DE VEICULOS ESPECIAIS LTDA\JI Montadora - 02 Produção\01 Controle de Produção\01 - Projeto Cadastro\02 - B.O.M\05. ACESSORIOS\66 - CJ MOVEL LATERAL MARROM ESJ C-CLASS 2º VAO LD.xlsx
2026-06-22 16:58:19,093 INFO Importado B.O.M. C:\Users\PRODUCAO-2.0\J I MONTADORA DE VEICULOS ESPECIAIS LTDA\JI Montadora - 02 Produção\01 Controle de Produção\01 - Projeto Cadastro\02 - B.O.M\05. ACESSORIOS\67 - CJ MOVEL LATERAL PRETO ESJ C-CLASS 2º VAO LD.xlsx
2026-06-22 16:58:19,240 INFO Importado B.O.M. C:\Users\PRODUCAO-2.0\J I MONTADORA DE VEICULOS ESPECIAIS LTDA\JI Montadora - 02 Produção\01 Controle de Produção\01 - Projeto Cadastro\02 - B.O.M\05. ACESSORIOS\68 - CJ MOVEL LATERAL BEGE ESJ C-CLASS 2º VAO LD.xlsx
2026-06-22 16:58:19,389 INFO Importado B.O.M. C:\Users\PRODUCAO-2.0\J I MONTADORA DE VEICULOS ESPECIAIS LTDA\JI Montadora - 02 Produção\01 Controle de Produção\01 - Projeto Cadastro\02 - B.O.M\05. ACESSORIOS\69 - CJ COMPLETO LIGACAO GELADEIRA ELBER CAB 18L ESJ.xlsx
2026-06-22 16:58:19,468 INFO Importado B.O.M. C:\Users\PRODUCAO-2.0\J I MONTADORA DE VEICULOS ESPECIAIS LTDA\JI Montadora - 02 Produção\01 Controle de Produção\01 - Projeto Cadastro\02 - B.O.M\05. ACESSORIOS\70 - CJ TRILHO ALUMINIO FIXACAO 417 14 - 1E,1E,1E,1D PTA.xlsx
2026-06-22 16:58:19,547 INFO Importado B.O.M. C:\Users\PRODUCAO-2.0\J I MONTADORA DE VEICULOS ESPECIAIS LTDA\JI Montadora - 02 Produção\01 Controle de Produção\01 - Projeto Cadastro\02 - B.O.M\05. ACESSORIOS\71 - CJ TRILHO ALUMINIO FIXACAO 417 10 - 4,3,3,2-1 DPM.xlsx
2026-06-22 16:58:19,623 INFO Importado B.O.M. C:\Users\PRODUCAO-2.0\J I MONTADORA DE VEICULOS ESPECIAIS LTDA\JI Montadora - 02 Produção\01 Controle de Produção\01 - Projeto Cadastro\02 - B.O.M\05. ACESSORIOS\72 - CJ TRILHO ALUMINIO FIXACAO 517 15 - 4,2-1,2,3,3,3.xlsx
2026-06-22 16:58:19,702 INFO Importado B.O.M. C:\Users\PRODUCAO-2.0\J I MONTADORA DE VEICULOS ESPECIAIS LTDA\JI Montadora - 02 Produção\01 Controle de Produção\01 - Projeto Cadastro\02 - B.O.M\06. TRANSFORMAÇÃO\01 - JI CONFORT MASTER L3H2 SELADO ESSENCIAL.xlsx
2026-06-22 16:58:19,788 INFO Importado B.O.M. C:\Users\PRODUCAO-2.0\J I MONTADORA DE VEICULOS ESPECIAIS LTDA\JI Montadora - 02 Produção\01 Controle de Produção\01 - Projeto Cadastro\02 - B.O.M\06. TRANSFORMAÇÃO\02 - JI CONFORT MASTER L3H2 VISTA ESSENCIAL.xlsx
2026-06-22 16:58:19,861 INFO Importado B.O.M. C:\Users\PRODUCAO-2.0\J I MONTADORA DE VEICULOS ESPECIAIS LTDA\JI Montadora - 02 Produção\01 Controle de Produção\01 - Projeto Cadastro\02 - B.O.M\06. TRANSFORMAÇÃO\03 - JI CONFORT MASTER L3H2 VISTA PLUS.xlsx
2026-06-22 16:58:19,951 INFO Importado B.O.M. C:\Users\PRODUCAO-2.0\J I MONTADORA DE VEICULOS ESPECIAIS LTDA\JI Montadora - 02 Produção\01 Controle de Produção\01 - Projeto Cadastro\02 - B.O.M\06. TRANSFORMAÇÃO\04 - JI CONFORT MASTER L3H2 VITRE ESSENCIAL.xlsx
2026-06-22 16:58:20,025 INFO Importado B.O.M. C:\Users\PRODUCAO-2.0\J I MONTADORA DE VEICULOS ESPECIAIS LTDA\JI Montadora - 02 Produção\01 Controle de Produção\01 - Projeto Cadastro\02 - B.O.M\06. TRANSFORMAÇÃO\05 - JI CONFORT MASTER L3H2 VITRE PLUS.xlsx
2026-06-22 16:58:20,100 INFO Importado B.O.M. C:\Users\PRODUCAO-2.0\J I MONTADORA DE VEICULOS ESPECIAIS LTDA\JI Montadora - 02 Produção\01 Controle de Produção\01 - Projeto Cadastro\02 - B.O.M\06. TRANSFORMAÇÃO\06 - JI CONFORT MASTER L3H2 SELADO PLUS.xlsx
2026-06-22 16:58:20,174 INFO Importado B.O.M. C:\Users\PRODUCAO-2.0\J I MONTADORA DE VEICULOS ESPECIAIS LTDA\JI Montadora - 02 Produção\01 Controle de Produção\01 - Projeto Cadastro\02 - B.O.M\06. TRANSFORMAÇÃO\07 - JI CONFORT MASTER L2H2 SELADO ESSENCIAL.xlsx
2026-06-22 16:58:20,251 INFO Importado B.O.M. C:\Users\PRODUCAO-2.0\J I MONTADORA DE VEICULOS ESPECIAIS LTDA\JI Montadora - 02 Produção\01 Controle de Produção\01 - Projeto Cadastro\02 - B.O.M\06. TRANSFORMAÇÃO\08 - JI CONFORT MASTER L2H2 SELADO PLUS.xlsx
2026-06-22 16:58:20,327 INFO Importado B.O.M. C:\Users\PRODUCAO-2.0\J I MONTADORA DE VEICULOS ESPECIAIS LTDA\JI Montadora - 02 Produção\01 Controle de Produção\01 - Projeto Cadastro\02 - B.O.M\06. TRANSFORMAÇÃO\09 - JI CONFORT MASTER L2H2 VISTA ESSENCIAL.xlsx
2026-06-22 16:58:20,401 INFO Importado B.O.M. C:\Users\PRODUCAO-2.0\J I MONTADORA DE VEICULOS ESPECIAIS LTDA\JI Montadora - 02 Produção\01 Controle de Produção\01 - Projeto Cadastro\02 - B.O.M\06. TRANSFORMAÇÃO\10 - JI CONFORT MASTER L2H2 VISTA PLUS.xlsx
2026-06-22 16:58:20,502 INFO Importado B.O.M. C:\Users\PRODUCAO-2.0\J I MONTADORA DE VEICULOS ESPECIAIS LTDA\JI Montadora - 02 Produção\01 Controle de Produção\01 - Projeto Cadastro\02 - B.O.M\06. TRANSFORMAÇÃO\11 - JI CONFORT E-S-J TB SELADO.xlsx
2026-06-22 16:58:20,604 INFO Importado B.O.M. C:\Users\PRODUCAO-2.0\J I MONTADORA DE VEICULOS ESPECIAIS LTDA\JI Montadora - 02 Produção\01 Controle de Produção\01 - Projeto Cadastro\02 - B.O.M\06. TRANSFORMAÇÃO\12 - JI CONFORT E-S-J TB VISTA.xlsx
2026-06-22 16:58:20,707 INFO Importado B.O.M. C:\Users\PRODUCAO-2.0\J I MONTADORA DE VEICULOS ESPECIAIS LTDA\JI Montadora - 02 Produção\01 Controle de Produção\01 - Projeto Cadastro\02 - B.O.M\06. TRANSFORMAÇÃO\13 - JI CONFORT E-S-J TB VITRE.xlsx
2026-06-22 16:58:20,822 INFO Importado B.O.M. C:\Users\PRODUCAO-2.0\J I MONTADORA DE VEICULOS ESPECIAIS LTDA\JI Montadora - 02 Produção\01 Controle de Produção\01 - Projeto Cadastro\02 - B.O.M\06. TRANSFORMAÇÃO\14 - JI URBAN E-S-J TB SELADO.xlsx
2026-06-22 16:58:20,946 INFO Importado B.O.M. C:\Users\PRODUCAO-2.0\J I MONTADORA DE VEICULOS ESPECIAIS LTDA\JI Montadora - 02 Produção\01 Controle de Produção\01 - Projeto Cadastro\02 - B.O.M\06. TRANSFORMAÇÃO\15 - JI URBAN E-S-J TB VISTA.xlsx
2026-06-22 16:58:21,051 INFO Importado B.O.M. C:\Users\PRODUCAO-2.0\J I MONTADORA DE VEICULOS ESPECIAIS LTDA\JI Montadora - 02 Produção\01 Controle de Produção\01 - Projeto Cadastro\02 - B.O.M\06. TRANSFORMAÇÃO\16 - JI URBAN E-S-J TB VITRE.xlsx
2026-06-22 16:58:21,161 INFO Importado B.O.M. C:\Users\PRODUCAO-2.0\J I MONTADORA DE VEICULOS ESPECIAIS LTDA\JI Montadora - 02 Produção\01 Controle de Produção\01 - Projeto Cadastro\02 - B.O.M\06. TRANSFORMAÇÃO\17 - JI CONFORT E-J TA SELADO.xlsx
2026-06-22 16:58:21,283 INFO Importado B.O.M. C:\Users\PRODUCAO-2.0\J I MONTADORA DE VEICULOS ESPECIAIS LTDA\JI Montadora - 02 Produção\01 Controle de Produção\01 - Projeto Cadastro\02 - B.O.M\06. TRANSFORMAÇÃO\18 - JI CONFORT E-J TA VISTA.xlsx
2026-06-22 16:58:21,396 INFO Importado B.O.M. C:\Users\PRODUCAO-2.0\J I MONTADORA DE VEICULOS ESPECIAIS LTDA\JI Montadora - 02 Produção\01 Controle de Produção\01 - Projeto Cadastro\02 - B.O.M\06. TRANSFORMAÇÃO\19 - JI CONFORT E-J TA VITRE.xlsx
2026-06-22 16:58:21,476 INFO Importado B.O.M. C:\Users\PRODUCAO-2.0\J I MONTADORA DE VEICULOS ESPECIAIS LTDA\JI Montadora - 02 Produção\01 Controle de Produção\01 - Projeto Cadastro\02 - B.O.M\06. TRANSFORMAÇÃO\20 - JI URBAN E-J TA SELADO.xlsx
2026-06-22 16:58:21,551 INFO Importado B.O.M. C:\Users\PRODUCAO-2.0\J I MONTADORA DE VEICULOS ESPECIAIS LTDA\JI Montadora - 02 Produção\01 Controle de Produção\01 - Projeto Cadastro\02 - B.O.M\06. TRANSFORMAÇÃO\21 - JI URBAN E-J TA VISTA.xlsx
2026-06-22 16:58:21,635 INFO Importado B.O.M. C:\Users\PRODUCAO-2.0\J I MONTADORA DE VEICULOS ESPECIAIS LTDA\JI Montadora - 02 Produção\01 Controle de Produção\01 - Projeto Cadastro\02 - B.O.M\06. TRANSFORMAÇÃO\22 - JI URBAN E-J TA VITRE.xlsx
2026-06-22 16:58:21,707 INFO Importado B.O.M. C:\Users\PRODUCAO-2.0\J I MONTADORA DE VEICULOS ESPECIAIS LTDA\JI Montadora - 02 Produção\01 Controle de Produção\01 - Projeto Cadastro\02 - B.O.M\06. TRANSFORMAÇÃO\23 - JI CONFORT 417 10 M SELADO PLUS.xlsx
2026-06-22 16:58:21,780 INFO Importado B.O.M. C:\Users\PRODUCAO-2.0\J I MONTADORA DE VEICULOS ESPECIAIS LTDA\JI Montadora - 02 Produção\01 Controle de Produção\01 - Projeto Cadastro\02 - B.O.M\06. TRANSFORMAÇÃO\24 - JI CONFORT 417 10 M VISTA PLUS.xlsx
2026-06-22 16:58:21,849 INFO Importado B.O.M. C:\Users\PRODUCAO-2.0\J I MONTADORA DE VEICULOS ESPECIAIS LTDA\JI Montadora - 02 Produção\01 Controle de Produção\01 - Projeto Cadastro\02 - B.O.M\06. TRANSFORMAÇÃO\25 - JI CONFORT 417 10 M VITRE REVESTIDA.xlsx
2026-06-22 16:58:21,922 INFO Importado B.O.M. C:\Users\PRODUCAO-2.0\J I MONTADORA DE VEICULOS ESPECIAIS LTDA\JI Montadora - 02 Produção\01 Controle de Produção\01 - Projeto Cadastro\02 - B.O.M\06. TRANSFORMAÇÃO\26 - JI CONFORT 417 14 M SELADO PLUS.xlsx
2026-06-22 16:58:21,997 INFO Importado B.O.M. C:\Users\PRODUCAO-2.0\J I MONTADORA DE VEICULOS ESPECIAIS LTDA\JI Montadora - 02 Produção\01 Controle de Produção\01 - Projeto Cadastro\02 - B.O.M\06. TRANSFORMAÇÃO\27 - JI CONFORT 417 14 M VISTA PLUS.xlsx
2026-06-22 16:58:22,066 INFO Importado B.O.M. C:\Users\PRODUCAO-2.0\J I MONTADORA DE VEICULOS ESPECIAIS LTDA\JI Montadora - 02 Produção\01 Controle de Produção\01 - Projeto Cadastro\02 - B.O.M\06. TRANSFORMAÇÃO\28 - JI CONFORT 417 14 M VITRE REVESTIDA.xlsx
2026-06-22 16:58:22,138 INFO Importado B.O.M. C:\Users\PRODUCAO-2.0\J I MONTADORA DE VEICULOS ESPECIAIS LTDA\JI Montadora - 02 Produção\01 Controle de Produção\01 - Projeto Cadastro\02 - B.O.M\06. TRANSFORMAÇÃO\29 - JI CONFORT 517 15 M SELADO PLUS.xlsx
2026-06-22 16:58:22,210 INFO Importado B.O.M. C:\Users\PRODUCAO-2.0\J I MONTADORA DE VEICULOS ESPECIAIS LTDA\JI Montadora - 02 Produção\01 Controle de Produção\01 - Projeto Cadastro\02 - B.O.M\06. TRANSFORMAÇÃO\30 - JI CONFORT 517 15 M VISTA PLUS.xlsx
2026-06-22 16:58:22,278 INFO Importado B.O.M. C:\Users\PRODUCAO-2.0\J I MONTADORA DE VEICULOS ESPECIAIS LTDA\JI Montadora - 02 Produção\01 Controle de Produção\01 - Projeto Cadastro\02 - B.O.M\06. TRANSFORMAÇÃO\31 - JI CONFORT 517 15 M VITRE REVESTIDA.xlsx
2026-06-22 16:58:22,349 INFO Importado B.O.M. C:\Users\PRODUCAO-2.0\J I MONTADORA DE VEICULOS ESPECIAIS LTDA\JI Montadora - 02 Produção\01 Controle de Produção\01 - Projeto Cadastro\02 - B.O.M\06. TRANSFORMAÇÃO\32 - JI CONFORT 517 14 M SELADO PLUS.xlsx
2026-06-22 16:58:22,422 INFO Importado B.O.M. C:\Users\PRODUCAO-2.0\J I MONTADORA DE VEICULOS ESPECIAIS LTDA\JI Montadora - 02 Produção\01 Controle de Produção\01 - Projeto Cadastro\02 - B.O.M\06. TRANSFORMAÇÃO\33 - JI CONFORT 517 14 M VISTA PLUS.xlsx
2026-06-22 16:58:22,496 INFO Importado B.O.M. C:\Users\PRODUCAO-2.0\J I MONTADORA DE VEICULOS ESPECIAIS LTDA\JI Montadora - 02 Produção\01 Controle de Produção\01 - Projeto Cadastro\02 - B.O.M\06. TRANSFORMAÇÃO\34 - JI CONFORT 517 14 M VITRE REVESTIDA.xlsx
2026-06-22 16:58:22,572 INFO Importado B.O.M. C:\Users\PRODUCAO-2.0\J I MONTADORA DE VEICULOS ESPECIAIS LTDA\JI Montadora - 02 Produção\01 Controle de Produção\01 - Projeto Cadastro\02 - B.O.M\06. TRANSFORMAÇÃO\35 - JI CONFORT B-J-D SELADO.xlsx
2026-06-22 16:58:22,643 INFO Importado B.O.M. C:\Users\PRODUCAO-2.0\J I MONTADORA DE VEICULOS ESPECIAIS LTDA\JI Montadora - 02 Produção\01 Controle de Produção\01 - Projeto Cadastro\02 - B.O.M\06. TRANSFORMAÇÃO\36 - JI CONFORT B-J-D VISTA.xlsx
2026-06-22 16:58:22,715 INFO Importado B.O.M. C:\Users\PRODUCAO-2.0\J I MONTADORA DE VEICULOS ESPECIAIS LTDA\JI Montadora - 02 Produção\01 Controle de Produção\01 - Projeto Cadastro\02 - B.O.M\06. TRANSFORMAÇÃO\37 - JI CONFORT B-J-D VITRE.xlsx
2026-06-22 16:58:22,789 INFO Importado B.O.M. C:\Users\PRODUCAO-2.0\J I MONTADORA DE VEICULOS ESPECIAIS LTDA\JI Montadora - 02 Produção\01 Controle de Produção\01 - Projeto Cadastro\02 - B.O.M\06. TRANSFORMAÇÃO\38 - JI CONFORT TRANSIT L3H3 SELADO.xlsx
2026-06-22 16:58:22,864 INFO Importado B.O.M. C:\Users\PRODUCAO-2.0\J I MONTADORA DE VEICULOS ESPECIAIS LTDA\JI Montadora - 02 Produção\01 Controle de Produção\01 - Projeto Cadastro\02 - B.O.M\06. TRANSFORMAÇÃO\39 - JI CONFORT TRANSIT L3H3 VISTA.xlsx
2026-06-22 16:58:22,938 INFO Importado B.O.M. C:\Users\PRODUCAO-2.0\J I MONTADORA DE VEICULOS ESPECIAIS LTDA\JI Montadora - 02 Produção\01 Controle de Produção\01 - Projeto Cadastro\02 - B.O.M\06. TRANSFORMAÇÃO\40 - JI CONFORT TRANSIT L4H3 VITRE.xlsx
2026-06-22 16:58:23,014 INFO Importado B.O.M. C:\Users\PRODUCAO-2.0\J I MONTADORA DE VEICULOS ESPECIAIS LTDA\JI Montadora - 02 Produção\01 Controle de Produção\01 - Projeto Cadastro\02 - B.O.M\06. TRANSFORMAÇÃO\41 - JI URBAN E-S-J TB SELADO TETO C. VELUDO PRETO.xlsx
2026-06-22 16:58:23,086 INFO Importado B.O.M. C:\Users\PRODUCAO-2.0\J I MONTADORA DE VEICULOS ESPECIAIS LTDA\JI Montadora - 02 Produção\01 Controle de Produção\01 - Projeto Cadastro\02 - B.O.M\06. TRANSFORMAÇÃO\42 - JI URBAN E-S-J TB VISTA TETO C. VELUDO PRETO.xlsx
2026-06-22 16:58:23,166 INFO Importado B.O.M. C:\Users\PRODUCAO-2.0\J I MONTADORA DE VEICULOS ESPECIAIS LTDA\JI Montadora - 02 Produção\01 Controle de Produção\01 - Projeto Cadastro\02 - B.O.M\06. TRANSFORMAÇÃO\43 - JI URBAN E-S-J VITRE TB TETO C. VELUDO PRETO.xlsx
2026-06-22 16:58:23,239 INFO Importado B.O.M. C:\Users\PRODUCAO-2.0\J I MONTADORA DE VEICULOS ESPECIAIS LTDA\JI Montadora - 02 Produção\01 Controle de Produção\01 - Projeto Cadastro\02 - B.O.M\06. TRANSFORMAÇÃO\44 - JI CONFORT TRANSIT L3H2 VITRE.xlsx
2026-06-22 16:58:23,310 INFO Importado B.O.M. C:\Users\PRODUCAO-2.0\J I MONTADORA DE VEICULOS ESPECIAIS LTDA\JI Montadora - 02 Produção\01 Controle de Produção\01 - Projeto Cadastro\02 - B.O.M\07. REFORÇOS\01 - CJ REFORÇO EM ACO ARQUEAMENTO E-J TETO ALTO.xlsx
2026-06-22 16:58:23,447 INFO Importado B.O.M. C:\Users\PRODUCAO-2.0\J I MONTADORA DE VEICULOS ESPECIAIS LTDA\JI Montadora - 02 Produção\01 Controle de Produção\01 - Projeto Cadastro\02 - B.O.M\07. REFORÇOS\02 - CJ CHAPA PRONTA TRILHO ALUMÍNIO BCO INCOR. FIXO - SPRINTER 517 - 4,2-1,2,3,3,3.xlsx
2026-06-22 16:58:23,589 INFO Importado B.O.M. C:\Users\PRODUCAO-2.0\J I MONTADORA DE VEICULOS ESPECIAIS LTDA\JI Montadora - 02 Produção\01 Controle de Produção\01 - Projeto Cadastro\02 - B.O.M\07. REFORÇOS\03 - CJ CHAPA PRONTA TRILHO ALUMÍNIO BCO INCOR. RECLINAVEL - SPRINTER 517 - 4,2-1,2,3,3,3.xlsx
2026-06-22 16:58:23,728 INFO Importado B.O.M. C:\Users\PRODUCAO-2.0\J I MONTADORA DE VEICULOS ESPECIAIS LTDA\JI Montadora - 02 Produção\01 Controle de Produção\01 - Projeto Cadastro\02 - B.O.M\07. REFORÇOS\04 - CJ CHAPA PRONTA TRILHO ALUMÍNIO BCO INCOR. FIXO - UNIVERSAL - 4,3,3,3.xlsx
2026-06-22 16:58:23,801 INFO Importado B.O.M. C:\Users\PRODUCAO-2.0\J I MONTADORA DE VEICULOS ESPECIAIS LTDA\JI Montadora - 02 Produção\01 Controle de Produção\01 - Projeto Cadastro\02 - B.O.M\07. REFORÇOS\05 - CJ CHAPA PRONTA TRILHO ALUMÍNIO BCO INCOR. RECLINAVEL - UNIVERSAL - 4,3,3,3.xlsx
2026-06-22 16:58:23,871 INFO Importado B.O.M. C:\Users\PRODUCAO-2.0\J I MONTADORA DE VEICULOS ESPECIAIS LTDA\JI Montadora - 02 Produção\01 Controle de Produção\01 - Projeto Cadastro\02 - B.O.M\07. REFORÇOS\06 - PP REFORÇO SUPORTE METALON 40X20 - Copia.xlsx
2026-06-22 16:58:23,941 INFO Importado B.O.M. C:\Users\PRODUCAO-2.0\J I MONTADORA DE VEICULOS ESPECIAIS LTDA\JI Montadora - 02 Produção\01 Controle de Produção\01 - Projeto Cadastro\02 - B.O.M\07. REFORÇOS\06 - PP REFORÇO SUPORTE METALON 40X20.xlsx
2026-06-22 16:58:24,011 INFO Importado B.O.M. C:\Users\PRODUCAO-2.0\J I MONTADORA DE VEICULOS ESPECIAIS LTDA\JI Montadora - 02 Produção\01 Controle de Produção\01 - Projeto Cadastro\02 - B.O.M\08. BANCOS\01 - CJ BANCOS FIXOS - MC - LB - 4,3,3,3 - 2P - TECIDO - BJD.xlsx
2026-06-22 16:58:24,082 INFO Importado B.O.M. C:\Users\PRODUCAO-2.0\J I MONTADORA DE VEICULOS ESPECIAIS LTDA\JI Montadora - 02 Produção\01 Controle de Produção\01 - Projeto Cadastro\02 - B.O.M\08. BANCOS\02 - CJ BANCOS REC - MC - LB - 3,2,3 - 3P - COURVIN - EXPERT.xlsx
2026-06-22 16:58:24,153 INFO Importado B.O.M. C:\Users\PRODUCAO-2.0\J I MONTADORA DE VEICULOS ESPECIAIS LTDA\JI Montadora - 02 Produção\01 Controle de Produção\01 - Projeto Cadastro\02 - B.O.M\08. BANCOS\03 - CJ BANCOS REC - MC - LB - 3,2,3 - 3P - TECIDO - EXPERT.xlsx
2026-06-22 16:58:24,225 INFO Importado B.O.M. C:\Users\PRODUCAO-2.0\J I MONTADORA DE VEICULOS ESPECIAIS LTDA\JI Montadora - 02 Produção\01 Controle de Produção\01 - Projeto Cadastro\02 - B.O.M\08. BANCOS\04 - CJ BANCOS REC - MC - LB - 3,3 - 3P - TECIDO - EXPERT.xlsx
2026-06-22 16:58:24,307 INFO Importado B.O.M. C:\Users\PRODUCAO-2.0\J I MONTADORA DE VEICULOS ESPECIAIS LTDA\JI Montadora - 02 Produção\01 Controle de Produção\01 - Projeto Cadastro\02 - B.O.M\08. BANCOS\05 - CJ BANCOS FIXOS - MC - LB - 3,3 - 3P - TECIDO - EXPERT.xlsx
2026-06-22 16:58:24,380 INFO Importado B.O.M. C:\Users\PRODUCAO-2.0\J I MONTADORA DE VEICULOS ESPECIAIS LTDA\JI Montadora - 02 Produção\01 Controle de Produção\01 - Projeto Cadastro\02 - B.O.M\08. BANCOS\06 - CJ BANCOS REC - MC - LB - 3,3 - 3P - COURVIN- EXPERT.xlsx
2026-06-22 16:58:24,452 INFO Importado B.O.M. C:\Users\PRODUCAO-2.0\J I MONTADORA DE VEICULOS ESPECIAIS LTDA\JI Montadora - 02 Produção\01 Controle de Produção\01 - Projeto Cadastro\02 - B.O.M\08. BANCOS\07 - CJ BANCOS FIXOS - MC - LB - 3,2,3 - 3P - COURVIN- EXPERT.xlsx
2026-06-22 16:58:24,527 INFO Importado B.O.M. C:\Users\PRODUCAO-2.0\J I MONTADORA DE VEICULOS ESPECIAIS LTDA\JI Montadora - 02 Produção\01 Controle de Produção\01 - Projeto Cadastro\02 - B.O.M\08. BANCOS\08 - CJ BANCOS FIXOS - MC - LB - 3,2,3 - 2P - COURVIN - EXPERT.xlsx
2026-06-22 16:58:24,598 INFO Importado B.O.M. C:\Users\PRODUCAO-2.0\J I MONTADORA DE VEICULOS ESPECIAIS LTDA\JI Montadora - 02 Produção\01 Controle de Produção\01 - Projeto Cadastro\02 - B.O.M\08. BANCOS\09 - CJ BANCOS FIXOS - MC - LB - 3,2,3 - 3P - TECIDO - EXPERT.xlsx
2026-06-22 16:58:24,671 INFO Importado B.O.M. C:\Users\PRODUCAO-2.0\J I MONTADORA DE VEICULOS ESPECIAIS LTDA\JI Montadora - 02 Produção\01 Controle de Produção\01 - Projeto Cadastro\02 - B.O.M\08. BANCOS\10 - CJ BANCOS FIXOS - MC - LB - 3,2,3 - 2P - TECIDO - EXPERT.xlsx
2026-06-22 16:58:24,741 INFO Importado B.O.M. C:\Users\PRODUCAO-2.0\J I MONTADORA DE VEICULOS ESPECIAIS LTDA\JI Montadora - 02 Produção\01 Controle de Produção\01 - Projeto Cadastro\02 - B.O.M\08. BANCOS\11 - CJ BANCOS REC - MC - LB - 4,3,3,2,2-1 - 2P - TECIDO - TRILHO - FOCA.xlsx
2026-06-22 16:58:24,813 INFO Importado B.O.M. C:\Users\PRODUCAO-2.0\J I MONTADORA DE VEICULOS ESPECIAIS LTDA\JI Montadora - 02 Produção\01 Controle de Produção\01 - Projeto Cadastro\02 - B.O.M\08. BANCOS\12 - CJ BANCOS REC - MC - LB - 4,3,3,3 - 2P - TECIDO - BJD.xlsx
2026-06-22 16:58:24,884 INFO Importado B.O.M. C:\Users\PRODUCAO-2.0\J I MONTADORA DE VEICULOS ESPECIAIS LTDA\JI Montadora - 02 Produção\01 Controle de Produção\01 - Projeto Cadastro\02 - B.O.M\08. BANCOS\13 - CJ BANCOS FIXOS - MC - LB - 4,3,3,3 - 2P - TECIDO - TRILHO.xlsx
2026-06-22 16:58:24,955 INFO Importado B.O.M. C:\Users\PRODUCAO-2.0\J I MONTADORA DE VEICULOS ESPECIAIS LTDA\JI Montadora - 02 Produção\01 Controle de Produção\01 - Projeto Cadastro\02 - B.O.M\08. BANCOS\14 - CJ BANCOS REC- MC - LB - 1E,1E,1E,1D - 3P - COURVIN- NORMAL.xlsx
2026-06-22 16:58:25,026 INFO Importado B.O.M. C:\Users\PRODUCAO-2.0\J I MONTADORA DE VEICULOS ESPECIAIS LTDA\JI Montadora - 02 Produção\01 Controle de Produção\01 - Projeto Cadastro\02 - B.O.M\08. BANCOS\15 - CJ BANCOS FIXOS - MC - LB - 4,3,3,2-1 - 2P - TECIDO - NORMAL - FOCA.xlsx
2026-06-22 16:58:25,100 INFO Importado B.O.M. C:\Users\PRODUCAO-2.0\J I MONTADORA DE VEICULOS ESPECIAIS LTDA\JI Montadora - 02 Produção\01 Controle de Produção\01 - Projeto Cadastro\02 - B.O.M\08. BANCOS\16 - CJ BANCOS REC - MC - LB - 4,2,2,3,3,3 - REC - 3P - COURVIN - NORMAL.xlsx
2026-06-22 16:58:25,172 INFO Importado B.O.M. C:\Users\PRODUCAO-2.0\J I MONTADORA DE VEICULOS ESPECIAIS LTDA\JI Montadora - 02 Produção\01 Controle de Produção\01 - Projeto Cadastro\02 - B.O.M\08. BANCOS\17 - CJ BANCOS REC - MC - LB - 4,2,3,3,3 - REC - 2P - COURVIN - PME 2A.xlsx
2026-06-22 16:58:25,243 INFO Importado B.O.M. C:\Users\PRODUCAO-2.0\J I MONTADORA DE VEICULOS ESPECIAIS LTDA\JI Montadora - 02 Produção\01 Controle de Produção\01 - Projeto Cadastro\02 - B.O.M\08. BANCOS\18 - CJ BANCOS REC - LB - 1 E,1 E,1 D,1 D,3,3 - REC - 3P - TECIDO - BJD.xlsx
2026-06-22 16:58:25,315 INFO Importado B.O.M. C:\Users\PRODUCAO-2.0\J I MONTADORA DE VEICULOS ESPECIAIS LTDA\JI Montadora - 02 Produção\01 Controle de Produção\01 - Projeto Cadastro\02 - B.O.M\08. BANCOS\19 - CJ BANCOS REC - LB - 4,2-1,2,3,3,3 - REC - 2P - TECIDO - NORMAL.xlsx
2026-06-22 16:58:25,386 INFO Importado B.O.M. C:\Users\PRODUCAO-2.0\J I MONTADORA DE VEICULOS ESPECIAIS LTDA\JI Montadora - 02 Produção\01 Controle de Produção\01 - Projeto Cadastro\02 - B.O.M\08. BANCOS\20 - CJ BANCOS FIXOS - LB - 1E,1E,1E,1D - 2P - TECIDO - TRILHO.xlsx
2026-06-22 16:58:25,460 INFO Importado B.O.M. C:\Users\PRODUCAO-2.0\J I MONTADORA DE VEICULOS ESPECIAIS LTDA\JI Montadora - 02 Produção\01 Controle de Produção\01 - Projeto Cadastro\02 - B.O.M\08. BANCOS\21 - CJ BANCOS FIXO - MC - LB - 4,3,3,2-1 - 2P - TECIDO - TRILHO - ELEVITTA.xlsx
2026-06-22 16:58:25,533 INFO Importado B.O.M. C:\Users\PRODUCAO-2.0\J I MONTADORA DE VEICULOS ESPECIAIS LTDA\JI Montadora - 02 Produção\01 Controle de Produção\01 - Projeto Cadastro\02 - B.O.M\08. BANCOS\22 - CJ BANCOS REC - LB - 4,2-1,2,3,3,3 - REC - 2P - TECIDO - TRILHO.xlsx
2026-06-22 16:58:25,685 INFO Importado B.O.M. C:\Users\PRODUCAO-2.0\J I MONTADORA DE VEICULOS ESPECIAIS LTDA\JI Montadora - 02 Produção\01 Controle de Produção\01 - Projeto Cadastro\02 - B.O.M\09. ELETRICA\01 - CJ CHICOTE ELETRICO CABINE E-S-J P. LIGAÇÃO ACESSORIOS.xlsx
2026-06-22 16:58:25,835 INFO Importado B.O.M. C:\Users\PRODUCAO-2.0\J I MONTADORA DE VEICULOS ESPECIAIS LTDA\JI Montadora - 02 Produção\01 Controle de Produção\01 - Projeto Cadastro\02 - B.O.M\09. ELETRICA\02 - CJ BOTOEIRA PLASTICA JI E-S-J CABINE 8 TECLAS.xlsx
2026-06-22 16:58:25,973 INFO Importado B.O.M. C:\Users\PRODUCAO-2.0\J I MONTADORA DE VEICULOS ESPECIAIS LTDA\JI Montadora - 02 Produção\01 Controle de Produção\01 - Projeto Cadastro\02 - B.O.M\09. ELETRICA\03 - CJ 3 TOMADAS USB ORBE DUPLA E-S-J.xlsx
2026-06-22 16:58:26,109 INFO Importado B.O.M. C:\Users\PRODUCAO-2.0\J I MONTADORA DE VEICULOS ESPECIAIS LTDA\JI Montadora - 02 Produção\01 Controle de Produção\01 - Projeto Cadastro\02 - B.O.M\09. ELETRICA\04 - CJ LUZ CORTESIA E-S-J - DEGRAU, SOLEIRA PM, SOB BCO 1º FIL.xlsx
2026-06-22 16:58:26,247 INFO Importado B.O.M. C:\Users\PRODUCAO-2.0\J I MONTADORA DE VEICULOS ESPECIAIS LTDA\JI Montadora - 02 Produção\01 Controle de Produção\01 - Projeto Cadastro\02 - B.O.M\09. ELETRICA\05 - CJ LUZ CORTESIA CABINE ESJ SOB PAINEL.xlsx
2026-06-22 16:58:26,397 INFO Importado B.O.M. C:\Users\PRODUCAO-2.0\J I MONTADORA DE VEICULOS ESPECIAIS LTDA\JI Montadora - 02 Produção\01 Controle de Produção\01 - Projeto Cadastro\02 - B.O.M\09. ELETRICA\06 - CJ LUZ LED RGB MOVEIS LATERAIS JI C-CLASS ESJ.xlsx
2026-06-22 16:58:26,563 INFO Importado B.O.M. C:\Users\PRODUCAO-2.0\J I MONTADORA DE VEICULOS ESPECIAIS LTDA\JI Montadora - 02 Produção\01 Controle de Produção\01 - Projeto Cadastro\02 - B.O.M\09. ELETRICA\07 - CJ LUZ AZUL 4 ARANDELAS LATERAIS JI.xlsx
2026-06-22 16:58:26,706 INFO Importado B.O.M. C:\Users\PRODUCAO-2.0\J I MONTADORA DE VEICULOS ESPECIAIS LTDA\JI Montadora - 02 Produção\01 Controle de Produção\01 - Projeto Cadastro\02 - B.O.M\09. ELETRICA\08 - CJ LUZ BALIZADORA INFERIOR E-S-J.xlsx
2026-06-22 16:58:26,844 INFO Importado B.O.M. C:\Users\PRODUCAO-2.0\J I MONTADORA DE VEICULOS ESPECIAIS LTDA\JI Montadora - 02 Produção\01 Controle de Produção\01 - Projeto Cadastro\02 - B.O.M\10. BANCOS FORNECEDOR JL\01 - BCO JL LE RECLINAVEL 3 L NORMAL C. AP BRACO LD 255 MM 3P MISTO.xlsx
2026-06-22 16:58:26,982 INFO Importado B.O.M. C:\Users\PRODUCAO-2.0\J I MONTADORA DE VEICULOS ESPECIAIS LTDA\JI Montadora - 02 Produção\01 Controle de Produção\01 - Projeto Cadastro\02 - B.O.M\10. BANCOS FORNECEDOR JL\02 - BCO JL LE RECLINAVEL 1 L PME S. AP BRACO 65 MM 3P MISTO.xlsx
2026-06-22 16:58:27,127 INFO Importado B.O.M. C:\Users\PRODUCAO-2.0\J I MONTADORA DE VEICULOS ESPECIAIS LTDA\JI Montadora - 02 Produção\01 Controle de Produção\01 - Projeto Cadastro\02 - B.O.M\10. BANCOS FORNECEDOR JL\03 - BCO JL LE RECLINAVEL 2 L PME S. AP BRACO 120 MM 3P MISTO.xlsx
2026-06-22 16:58:27,290 INFO Importado B.O.M. C:\Users\PRODUCAO-2.0\J I MONTADORA DE VEICULOS ESPECIAIS LTDA\JI Montadora - 02 Produção\01 Controle de Produção\01 - Projeto Cadastro\02 - B.O.M\10. BANCOS FORNECEDOR JL\04 - BCO JL LE RECLINAVEL 1 L PME S. AP BRACO 120 MM 3P MISTO.xlsx
2026-06-22 16:58:27,429 INFO Importado B.O.M. C:\Users\PRODUCAO-2.0\J I MONTADORA DE VEICULOS ESPECIAIS LTDA\JI Montadora - 02 Produção\01 Controle de Produção\01 - Projeto Cadastro\02 - B.O.M\10. BANCOS FORNECEDOR JL\05 - BCO JL LE RECLINAVEL 2 L NORMAL S. AP BRACO 330 MM 3P MISTO.xlsx
2026-06-22 16:58:27,573 INFO Importado B.O.M. C:\Users\PRODUCAO-2.0\J I MONTADORA DE VEICULOS ESPECIAIS LTDA\JI Montadora - 02 Produção\01 Controle de Produção\01 - Projeto Cadastro\02 - B.O.M\10. BANCOS FORNECEDOR JL\06 - BCO JL LE RECLINAVEL 1 L NORMAL S. AP BRACO 330 MM 3P MISTO.xlsx
2026-06-22 16:58:27,715 INFO Importado B.O.M. C:\Users\PRODUCAO-2.0\J I MONTADORA DE VEICULOS ESPECIAIS LTDA\JI Montadora - 02 Produção\01 Controle de Produção\01 - Projeto Cadastro\02 - B.O.M\10. BANCOS FORNECEDOR JL\07 - BCO JL LE RECLINAVEL 4 L PME S. AP BRACO 3P MISTO.xlsx
2026-06-22 16:58:27,857 INFO Importado B.O.M. C:\Users\PRODUCAO-2.0\J I MONTADORA DE VEICULOS ESPECIAIS LTDA\JI Montadora - 02 Produção\01 Controle de Produção\01 - Projeto Cadastro\02 - B.O.M\10. BANCOS FORNECEDOR JL\08 - BCO JL LE RECLINAVEL 3 L NORMAL C. AP BRACO LD 330 MM 3P MISTO.xlsx
2026-06-22 16:58:28,012 INFO Importado B.O.M. C:\Users\PRODUCAO-2.0\J I MONTADORA DE VEICULOS ESPECIAIS LTDA\JI Montadora - 02 Produção\01 Controle de Produção\01 - Projeto Cadastro\02 - B.O.M\10. BANCOS FORNECEDOR JL\09 - BCO CARONA JL LE RECLINAVEL 2 L SPRINTER S. AP BRACO 270 MM 3P MISTO.xlsx
2026-06-22 16:58:28,165 INFO Importado B.O.M. C:\Users\PRODUCAO-2.0\J I MONTADORA DE VEICULOS ESPECIAIS LTDA\JI Montadora - 02 Produção\01 Controle de Produção\01 - Projeto Cadastro\02 - B.O.M\10. BANCOS FORNECEDOR JL\10 - BCO CARONA JL LE RECLINAVEL 2 L MASTER S. AP BRACO 262 MM 3P MISTO.xlsx
2026-06-22 17:32:01,043 WARNING B.O.M. ignorada porque nao esta mais acessivel: C:\Users\PRODUCAO-2.0\J I MONTADORA DE VEICULOS ESPECIAIS LTDA\JI Montadora - 02 Produção\01 Controle de Produção\01 - Projeto Cadastro\02 - B.O.M\02. CATEGORIA ABS\41 - PP ABS PC C. MOLDURA CORTINA PVC ESJ C-CLASS TB LATERAL MOTORISTA LE 1º2º VAO CINZA RAL 7021 PU - TI.01.J04.xlsx
2026-06-23 10:06:15,112 INFO Log iniciado em C:\Users\PRODUCAO-2.0\Music\modulo-suprimentos-main (1)\modulo-suprimentos-main\compras_app\data\emissor_documentos.log
2026-06-23 10:09:27,124 WARNING B.O.M. ignorada porque nao esta mais acessivel: C:\Users\PRODUCAO-2.0\J I MONTADORA DE VEICULOS ESPECIAIS LTDA\JI Montadora - 02 Produção\01 Controle de Produção\01 - Projeto Cadastro\02 - B.O.M\02. CATEGORIA ABS\41 - PP ABS PC C. MOLDURA CORTINA PVC ESJ C-CLASS TB LATERAL MOTORISTA LE 1º2º VAO CINZA RAL 7021 PU - TI.01.J04.xlsx
2026-06-23 10:09:50,322 INFO Importado B.O.M. C:\Users\PRODUCAO-2.0\J I MONTADORA DE VEICULOS ESPECIAIS LTDA\JI Montadora - 02 Produção\01 Controle de Produção\01 - Projeto Cadastro\02 - B.O.M\00. OBSOLETO\Consolidado B.O.M\consolidacao_bom\BOM_Onde_Usa.xlsx
2026-06-23 10:09:50,435 INFO Importado B.O.M. C:\Users\PRODUCAO-2.0\J I MONTADORA DE VEICULOS ESPECIAIS LTDA\JI Montadora - 02 Produção\01 Controle de Produção\01 - Projeto Cadastro\02 - B.O.M\01. CATEGORIA VIDRO\01 - VIDROS - SELADO - CJ VIDROS SELADO MASTER L2H2 - VIDROFORTE.xlsx
2026-06-23 10:09:50,626 INFO Importado B.O.M. C:\Users\PRODUCAO-2.0\J I MONTADORA DE VEICULOS ESPECIAIS LTDA\JI Montadora - 02 Produção\01 Controle de Produção\01 - Projeto Cadastro\02 - B.O.M\01. CATEGORIA VIDRO\02 - VIDROS - SELADO - CJ VIDROS SELADO MASTER L3H2 - SELADO - VIDROFORTE.xlsx
2026-06-23 10:09:50,823 INFO Importado B.O.M. C:\Users\PRODUCAO-2.0\J I MONTADORA DE VEICULOS ESPECIAIS LTDA\JI Montadora - 02 Produção\01 Controle de Produção\01 - Projeto Cadastro\02 - B.O.M\01. CATEGORIA VIDRO\03 - VIDROS - SELADO - CJ VIDROS SELADO MASTER L1H1 - SELADO - VIDROFORTE.xlsx
2026-06-23 10:09:51,016 INFO Importado B.O.M. C:\Users\PRODUCAO-2.0\J I MONTADORA DE VEICULOS ESPECIAIS LTDA\JI Montadora - 02 Produção\01 Controle de Produção\01 - Projeto Cadastro\02 - B.O.M\01. CATEGORIA VIDRO\04 - VIDROS - SELADO - CJ VIDROS SELADO TRANSIT L3H3 - SELADO - VIDROFORTE.xlsx
2026-06-23 10:09:51,242 INFO Importado B.O.M. C:\Users\PRODUCAO-2.0\J I MONTADORA DE VEICULOS ESPECIAIS LTDA\JI Montadora - 02 Produção\01 Controle de Produção\01 - Projeto Cadastro\02 - B.O.M\01. CATEGORIA VIDRO\05 - VIDROS - SELADO - CJ VIDROS SELADO TRANSIT L2H3 - SELADO - VIDROFORTE.xlsx
2026-06-23 10:09:51,459 INFO Importado B.O.M. C:\Users\PRODUCAO-2.0\J I MONTADORA DE VEICULOS ESPECIAIS LTDA\JI Montadora - 02 Produção\01 Controle de Produção\01 - Projeto Cadastro\02 - B.O.M\01. CATEGORIA VIDRO\06 - VIDROS - SELADO - CJ VIDROS SELADO SPRINTER 10 M - SELADO - VIDROFORTE.xlsx
2026-06-23 10:09:51,641 INFO Importado B.O.M. C:\Users\PRODUCAO-2.0\J I MONTADORA DE VEICULOS ESPECIAIS LTDA\JI Montadora - 02 Produção\01 Controle de Produção\01 - Projeto Cadastro\02 - B.O.M\01. CATEGORIA VIDRO\07 - VIDROS - SELADO - CJ VIDROS SELADO SPRINTER 14 M - SELADO - VIDROFORTE.xlsx
2026-06-23 10:09:51,798 INFO Importado B.O.M. C:\Users\PRODUCAO-2.0\J I MONTADORA DE VEICULOS ESPECIAIS LTDA\JI Montadora - 02 Produção\01 Controle de Produção\01 - Projeto Cadastro\02 - B.O.M\01. CATEGORIA VIDRO\08 - VIDROS - SELADO - CJ VIDROS SELADO EXPERT JUMPY SCUDO - SELADO - VIDROFORTE.xlsx
2026-06-23 10:09:51,936 INFO Importado B.O.M. C:\Users\PRODUCAO-2.0\J I MONTADORA DE VEICULOS ESPECIAIS LTDA\JI Montadora - 02 Produção\01 Controle de Produção\01 - Projeto Cadastro\02 - B.O.M\01. CATEGORIA VIDRO\09 - VIDROS - SELADO - CJ VIDROS SELADO BOXER JUMPER DUCATO - SELADO - VIDROFORTE.xlsx
2026-06-23 10:09:52,073 INFO Importado B.O.M. C:\Users\PRODUCAO-2.0\J I MONTADORA DE VEICULOS ESPECIAIS LTDA\JI Montadora - 02 Produção\01 Controle de Produção\01 - Projeto Cadastro\02 - B.O.M\01. CATEGORIA VIDRO\10 - VIDROS - VISTA - CJ VIDROS VISTA MASTER L2H2 - VIDROFORTE.xlsx
2026-06-23 10:09:52,227 INFO Importado B.O.M. C:\Users\PRODUCAO-2.0\J I MONTADORA DE VEICULOS ESPECIAIS LTDA\JI Montadora - 02 Produção\01 Controle de Produção\01 - Projeto Cadastro\02 - B.O.M\01. CATEGORIA VIDRO\11 - VIDROS - VISTA - CJ VIDROS VISTA MASTER L3H2  - VIDROFORTE.xlsx
2026-06-23 10:09:52,384 INFO Importado B.O.M. C:\Users\PRODUCAO-2.0\J I MONTADORA DE VEICULOS ESPECIAIS LTDA\JI Montadora - 02 Produção\01 Controle de Produção\01 - Projeto Cadastro\02 - B.O.M\01. CATEGORIA VIDRO\12 - VIDROS - VISTA - CJ VIDROS VISTA MASTER L1H1  - VIDROFORTE.xlsx
2026-06-23 10:09:52,540 INFO Importado B.O.M. C:\Users\PRODUCAO-2.0\J I MONTADORA DE VEICULOS ESPECIAIS LTDA\JI Montadora - 02 Produção\01 Controle de Produção\01 - Projeto Cadastro\02 - B.O.M\01. CATEGORIA VIDRO\13 - VIDROS - VISTA - CJ VIDROS VISTA TRANSIT L3H3  - VIDROFORTE.xlsx
2026-06-23 10:09:52,698 INFO Importado B.O.M. C:\Users\PRODUCAO-2.0\J I MONTADORA DE VEICULOS ESPECIAIS LTDA\JI Montadora - 02 Produção\01 Controle de Produção\01 - Projeto Cadastro\02 - B.O.M\01. CATEGORIA VIDRO\14 - VIDROS - VISTA - CJ VIDROS VISTA TRANSIT L2H3  - VIDROFORTE.xlsx
2026-06-23 10:09:52,852 INFO Importado B.O.M. C:\Users\PRODUCAO-2.0\J I MONTADORA DE VEICULOS ESPECIAIS LTDA\JI Montadora - 02 Produção\01 Controle de Produção\01 - Projeto Cadastro\02 - B.O.M\01. CATEGORIA VIDRO\15 - VIDROS - VISTA - CJ VIDROS VISTA SPRINTER 10 M  - VIDROFORTE.xlsx
2026-06-23 10:09:53,032 INFO Importado B.O.M. C:\Users\PRODUCAO-2.0\J I MONTADORA DE VEICULOS ESPECIAIS LTDA\JI Montadora - 02 Produção\01 Controle de Produção\01 - Projeto Cadastro\02 - B.O.M\01. CATEGORIA VIDRO\16 - VIDROS - VISTA - CJ VIDROS VISTA SPRINTER 14 M  - VIDROFORTE.xlsx
2026-06-23 10:09:53,263 INFO Importado B.O.M. C:\Users\PRODUCAO-2.0\J I MONTADORA DE VEICULOS ESPECIAIS LTDA\JI Montadora - 02 Produção\01 Controle de Produção\01 - Projeto Cadastro\02 - B.O.M\01. CATEGORIA VIDRO\17 - VIDROS - VISTA - CJ VIDROS VISTA EXPERT JUMPY SCUDO - VIDROFORTE.xlsx
2026-06-23 10:09:53,462 INFO Importado B.O.M. C:\Users\PRODUCAO-2.0\J I MONTADORA DE VEICULOS ESPECIAIS LTDA\JI Montadora - 02 Produção\01 Controle de Produção\01 - Projeto Cadastro\02 - B.O.M\01. CATEGORIA VIDRO\18 - VIDROS - VISTA - CJ VIDROS VISTA BOXER JUMPER DUCATO - VIDROFORTE.xlsx
2026-06-23 10:09:53,665 INFO Importado B.O.M. C:\Users\PRODUCAO-2.0\J I MONTADORA DE VEICULOS ESPECIAIS LTDA\JI Montadora - 02 Produção\01 Controle de Produção\01 - Projeto Cadastro\02 - B.O.M\01. CATEGORIA VIDRO\19 - VIDROS - SELADO - CJ VIDROS SELADO MASTER L2H2 - VETROEX.xlsx
2026-06-23 10:09:53,886 INFO Importado B.O.M. C:\Users\PRODUCAO-2.0\J I MONTADORA DE VEICULOS ESPECIAIS LTDA\JI Montadora - 02 Produção\01 Controle de Produção\01 - Projeto Cadastro\02 - B.O.M\01. CATEGORIA VIDRO\20 - VIDROS - SELADO - CJ VIDROS SELADO MASTER L3H2 - SELADO - VETROEX.xlsx
2026-06-23 10:09:54,110 INFO Importado B.O.M. C:\Users\PRODUCAO-2.0\J I MONTADORA DE VEICULOS ESPECIAIS LTDA\JI Montadora - 02 Produção\01 Controle de Produção\01 - Projeto Cadastro\02 - B.O.M\01. CATEGORIA VIDRO\21 - VIDROS - SELADO - CJ VIDROS SELADO MASTER L1H1 - SELADO - VETROEX.xlsx
2026-06-23 10:09:54,307 INFO Importado B.O.M. C:\Users\PRODUCAO-2.0\J I MONTADORA DE VEICULOS ESPECIAIS LTDA\JI Montadora - 02 Produção\01 Controle de Produção\01 - Projeto Cadastro\02 - B.O.M\01. CATEGORIA VIDRO\22 - VIDROS - SELADO - CJ VIDROS SELADO TRANSIT L3H3 - SELADO - VETROEX.xlsx
2026-06-23 10:09:54,527 INFO Importado B.O.M. C:\Users\PRODUCAO-2.0\J I MONTADORA DE VEICULOS ESPECIAIS LTDA\JI Montadora - 02 Produção\01 Controle de Produção\01 - Projeto Cadastro\02 - B.O.M\01. CATEGORIA VIDRO\23 - VIDROS - SELADO - CJ VIDROS SELADO TRANSIT L2H3 - SELADO - VETROEX.xlsx
2026-06-23 10:09:55,476 INFO Importado B.O.M. C:\Users\PRODUCAO-2.0\J I MONTADORA DE VEICULOS ESPECIAIS LTDA\JI Montadora - 02 Produção\01 Controle de Produção\01 - Projeto Cadastro\02 - B.O.M\01. CATEGORIA VIDRO\24 - VIDROS - SELADO - CJ VIDROS SELADO SPRINTER 10 M - SELADO - VETROEX.xlsx
2026-06-23 10:09:55,695 INFO Importado B.O.M. C:\Users\PRODUCAO-2.0\J I MONTADORA DE VEICULOS ESPECIAIS LTDA\JI Montadora - 02 Produção\01 Controle de Produção\01 - Projeto Cadastro\02 - B.O.M\01. CATEGORIA VIDRO\25 - VIDROS - SELADO - CJ VIDROS SELADO SPRINTER 14 M - SELADO - VETROEX.xlsx
2026-06-23 10:09:55,902 INFO Importado B.O.M. C:\Users\PRODUCAO-2.0\J I MONTADORA DE VEICULOS ESPECIAIS LTDA\JI Montadora - 02 Produção\01 Controle de Produção\01 - Projeto Cadastro\02 - B.O.M\01. CATEGORIA VIDRO\26 - VIDROS - SELADO - CJ VIDROS SELADO EXPERT JUMPY SCUDO - SELADO - VETROEX.xlsx
2026-06-23 10:09:56,100 INFO Importado B.O.M. C:\Users\PRODUCAO-2.0\J I MONTADORA DE VEICULOS ESPECIAIS LTDA\JI Montadora - 02 Produção\01 Controle de Produção\01 - Projeto Cadastro\02 - B.O.M\01. CATEGORIA VIDRO\27- VIDROS - SELADO - CJ VIDROS SELADO BOXER JUMPER DUCATO - SELADO - VETROEX.xlsx
2026-06-23 10:09:56,271 INFO Importado B.O.M. C:\Users\PRODUCAO-2.0\J I MONTADORA DE VEICULOS ESPECIAIS LTDA\JI Montadora - 02 Produção\01 Controle de Produção\01 - Projeto Cadastro\02 - B.O.M\01. CATEGORIA VIDRO\28 - VIDROS - VISTA - CJ VIDROS VISTA 1º LDLE 2º LE EXPERT JUMPY SCUDO - STYLLUS.xlsx
2026-06-23 10:09:56,505 INFO Importado B.O.M. C:\Users\PRODUCAO-2.0\J I MONTADORA DE VEICULOS ESPECIAIS LTDA\JI Montadora - 02 Produção\01 Controle de Produção\01 - Projeto Cadastro\02 - B.O.M\01. TEMPLATE PADRÃO COMPOSIÇÃO.xlsx
2026-06-23 10:09:56,718 INFO Importado B.O.M. C:\Users\PRODUCAO-2.0\J I MONTADORA DE VEICULOS ESPECIAIS LTDA\JI Montadora - 02 Produção\01 Controle de Produção\01 - Projeto Cadastro\02 - B.O.M\02. CATEGORIA ABS\01 - ABS - CJ REVESTIMENTO ESSENCIAL RENAULT MASTER L2H2.xlsx
2026-06-23 10:09:56,894 INFO Importado B.O.M. C:\Users\PRODUCAO-2.0\J I MONTADORA DE VEICULOS ESPECIAIS LTDA\JI Montadora - 02 Produção\01 Controle de Produção\01 - Projeto Cadastro\02 - B.O.M\02. CATEGORIA ABS\02 - ABS - CJ REVESTIMENTO ESSENCIAL RENAULT MASTER L3H2.xlsx
2026-06-23 10:09:57,068 INFO Importado B.O.M. C:\Users\PRODUCAO-2.0\J I MONTADORA DE VEICULOS ESPECIAIS LTDA\JI Montadora - 02 Produção\01 Controle de Produção\01 - Projeto Cadastro\02 - B.O.M\02. CATEGORIA ABS\03 - ABS - CJ REVESTIMENTO B-J-D.xlsx
2026-06-23 10:09:57,165 INFO Importado B.O.M. C:\Users\PRODUCAO-2.0\J I MONTADORA DE VEICULOS ESPECIAIS LTDA\JI Montadora - 02 Produção\01 Controle de Produção\01 - Projeto Cadastro\02 - B.O.M\02. CATEGORIA ABS\04 - ABS - CJ REVESTIMENTO E-S-J.xlsx
2026-06-23 10:09:57,356 INFO Importado B.O.M. C:\Users\PRODUCAO-2.0\J I MONTADORA DE VEICULOS ESPECIAIS LTDA\JI Montadora - 02 Produção\01 Controle de Produção\01 - Projeto Cadastro\02 - B.O.M\02. CATEGORIA ABS\05 - ABS - CJ REVESTIMENTO IVECO 50-180.xlsx
2026-06-23 10:09:57,548 INFO Importado B.O.M. C:\Users\PRODUCAO-2.0\J I MONTADORA DE VEICULOS ESPECIAIS LTDA\JI Montadora - 02 Produção\01 Controle de Produção\01 - Projeto Cadastro\02 - B.O.M\02. CATEGORIA ABS\06 - ABS - CJ REVESTIMENTO PLUS SPRINTER 417 10,5 M³.xlsx
2026-06-23 10:09:57,740 INFO Importado B.O.M. C:\Users\PRODUCAO-2.0\J I MONTADORA DE VEICULOS ESPECIAIS LTDA\JI Montadora - 02 Produção\01 Controle de Produção\01 - Projeto Cadastro\02 - B.O.M\02. CATEGORIA ABS\07 - ABS - CJ REVESTIMENTO PLUS SPRINTER 417 14 M³.xlsx
2026-06-23 10:09:57,968 INFO Importado B.O.M. C:\Users\PRODUCAO-2.0\J I MONTADORA DE VEICULOS ESPECIAIS LTDA\JI Montadora - 02 Produção\01 Controle de Produção\01 - Projeto Cadastro\02 - B.O.M\02. CATEGORIA ABS\08 - ABS - CJ REVESTIMENTO PLUS SPRINTER 517 15 M³.xlsx
2026-06-23 10:09:58,172 INFO Importado B.O.M. C:\Users\PRODUCAO-2.0\J I MONTADORA DE VEICULOS ESPECIAIS LTDA\JI Montadora - 02 Produção\01 Controle de Produção\01 - Projeto Cadastro\02 - B.O.M\02. CATEGORIA ABS\09 - ABS - CJ REVESTIMENTO TRANSIT L4H3.xlsx
2026-06-23 10:09:58,400 INFO Importado B.O.M. C:\Users\PRODUCAO-2.0\J I MONTADORA DE VEICULOS ESPECIAIS LTDA\JI Montadora - 02 Produção\01 Controle de Produção\01 - Projeto Cadastro\02 - B.O.M\02. CATEGORIA ABS\10 - ABS - CJ REVESTIMENTO TRANSIT L3H3.xlsx
2026-06-23 10:09:58,623 INFO Importado B.O.M. C:\Users\PRODUCAO-2.0\J I MONTADORA DE VEICULOS ESPECIAIS LTDA\JI Montadora - 02 Produção\01 Controle de Produção\01 - Projeto Cadastro\02 - B.O.M\02. CATEGORIA ABS\11 - ABS - CJ DUTO AR CONDICIONADO ABS PC PLUS SPRINTER 10,5M³.xlsx
2026-06-23 10:09:58,835 INFO Importado B.O.M. C:\Users\PRODUCAO-2.0\J I MONTADORA DE VEICULOS ESPECIAIS LTDA\JI Montadora - 02 Produção\01 Controle de Produção\01 - Projeto Cadastro\02 - B.O.M\02. CATEGORIA ABS\12 - ABS - CJ DUTO AR CONDICIONADO ABS PC PLUS SPRINTER 1415M³.xlsx
2026-06-23 10:09:59,074 INFO Importado B.O.M. C:\Users\PRODUCAO-2.0\J I MONTADORA DE VEICULOS ESPECIAIS LTDA\JI Montadora - 02 Produção\01 Controle de Produção\01 - Projeto Cadastro\02 - B.O.M\02. CATEGORIA ABS\13 - ABS - CJ REVESTIMENTO PLUS SPRINTER 517 14 M³.xlsx
2026-06-23 10:09:59,259 INFO Importado B.O.M. C:\Users\PRODUCAO-2.0\J I MONTADORA DE VEICULOS ESPECIAIS LTDA\JI Montadora - 02 Produção\01 Controle de Produção\01 - Projeto Cadastro\02 - B.O.M\02. CATEGORIA ABS\14 - CJ CONSOLE AC TRANSIT L3H3 ACABAMENTO MADEIRA REVESTIDA.xlsx
2026-06-23 10:09:59,480 INFO Importado B.O.M. C:\Users\PRODUCAO-2.0\J I MONTADORA DE VEICULOS ESPECIAIS LTDA\JI Montadora - 02 Produção\01 Controle de Produção\01 - Projeto Cadastro\02 - B.O.M\02. CATEGORIA ABS\15 - ABS - CJ REVESTIMENTO PLUS RENAULT MASTER L2H2.xlsx
2026-06-23 10:09:59,683 INFO Importado B.O.M. C:\Users\PRODUCAO-2.0\J I MONTADORA DE VEICULOS ESPECIAIS LTDA\JI Montadora - 02 Produção\01 Controle de Produção\01 - Projeto Cadastro\02 - B.O.M\02. CATEGORIA ABS\16 - ABS - CJ REVESTIMENTO PLUS RENAULT MASTER L3H2.xlsx
2026-06-23 10:09:59,880 INFO Importado B.O.M. C:\Users\PRODUCAO-2.0\J I MONTADORA DE VEICULOS ESPECIAIS LTDA\JI Montadora - 02 Produção\01 Controle de Produção\01 - Projeto Cadastro\02 - B.O.M\02. CATEGORIA ABS\17 - ABS - CJ REVESTIMENTO IVECO 50-180.xlsx
2026-06-23 10:09:59,994 INFO Importado B.O.M. C:\Users\PRODUCAO-2.0\J I MONTADORA DE VEICULOS ESPECIAIS LTDA\JI Montadora - 02 Produção\01 Controle de Produção\01 - Projeto Cadastro\02 - B.O.M\02. CATEGORIA ABS\18 - ABS - CJ. ACABAMENTO ABS ARO JANELAS ESJ.xlsx
2026-06-23 10:10:00,292 INFO Importado B.O.M. C:\Users\PRODUCAO-2.0\J I MONTADORA DE VEICULOS ESPECIAIS LTDA\JI Montadora - 02 Produção\01 Controle de Produção\01 - Projeto Cadastro\02 - B.O.M\02. CATEGORIA ABS\19 - CJ ABS FORROS E-S-J PL-PTS.xlsx
2026-06-23 10:10:00,531 INFO Importado B.O.M. C:\Users\PRODUCAO-2.0\J I MONTADORA DE VEICULOS ESPECIAIS LTDA\JI Montadora - 02 Produção\01 Controle de Produção\01 - Projeto Cadastro\02 - B.O.M\02. CATEGORIA ABS\20 - PP ABS TETO FLOCADO PRETO PC E-S-J TB.xlsx
2026-06-23 10:10:00,726 INFO Importado B.O.M. C:\Users\PRODUCAO-2.0\J I MONTADORA DE VEICULOS ESPECIAIS LTDA\JI Montadora - 02 Produção\01 Controle de Produção\01 - Projeto Cadastro\02 - B.O.M\02. CATEGORIA ABS\21 - PP ALCA PQP CABINE ORIGINAL LD E-S-J.xlsx
2026-06-23 10:10:00,935 INFO Importado B.O.M. C:\Users\PRODUCAO-2.0\J I MONTADORA DE VEICULOS ESPECIAIS LTDA\JI Montadora - 02 Produção\01 Controle de Produção\01 - Projeto Cadastro\02 - B.O.M\02. CATEGORIA ABS\22 - PP COLUNA B ORIGINAL CINTO SEGURANCA LE E-S-J PRETO FOSCO VINÍLICA.xlsx
2026-06-23 10:10:01,135 INFO Importado B.O.M. C:\Users\PRODUCAO-2.0\J I MONTADORA DE VEICULOS ESPECIAIS LTDA\JI Montadora - 02 Produção\01 Controle de Produção\01 - Projeto Cadastro\02 - B.O.M\02. CATEGORIA ABS\23 - PP COLUNA B ORIGINAL CINTO SEGURANCA LD E-S-J PRETO FOSCO VINÍLICA.xlsx
2026-06-23 10:10:01,378 INFO Importado B.O.M. C:\Users\PRODUCAO-2.0\J I MONTADORA DE VEICULOS ESPECIAIS LTDA\JI Montadora - 02 Produção\01 Controle de Produção\01 - Projeto Cadastro\02 - B.O.M\02. CATEGORIA ABS\24 - PP COLUNA A ORIGINAL LE E-S-J PRETO FOSCO VINÍLICA.xlsx
2026-06-23 10:10:01,605 INFO Importado B.O.M. C:\Users\PRODUCAO-2.0\J I MONTADORA DE VEICULOS ESPECIAIS LTDA\JI Montadora - 02 Produção\01 Controle de Produção\01 - Projeto Cadastro\02 - B.O.M\02. CATEGORIA ABS\25 - PP COLUNA A ORIGINAL LD E-S-J PRETO FOSCO VINÍLICA.xlsx
2026-06-23 10:10:01,845 INFO Importado B.O.M. C:\Users\PRODUCAO-2.0\J I MONTADORA DE VEICULOS ESPECIAIS LTDA\JI Montadora - 02 Produção\01 Controle de Produção\01 - Projeto Cadastro\02 - B.O.M\02. CATEGORIA ABS\26 - PP TETO ORIGINAL CABINE E-S-J PRETO FOSCO VINÍLICA.xlsx
2026-06-23 10:10:02,051 INFO Importado B.O.M. C:\Users\PRODUCAO-2.0\J I MONTADORA DE VEICULOS ESPECIAIS LTDA\JI Montadora - 02 Produção\01 Controle de Produção\01 - Projeto Cadastro\02 - B.O.M\02. CATEGORIA ABS\27 - PP QUEBRA SOL ORIGINAL CABINE E-S-J LD PRETO FOSCO VINÍLICA.xlsx
2026-06-23 10:10:02,280 INFO Importado B.O.M. C:\Users\PRODUCAO-2.0\J I MONTADORA DE VEICULOS ESPECIAIS LTDA\JI Montadora - 02 Produção\01 Controle de Produção\01 - Projeto Cadastro\02 - B.O.M\02. CATEGORIA ABS\27 - PP QUEBRA SOL ORIGINAL CABINE E-S-J LE PRETO FOSCO VINÍLICA.xlsx
2026-06-23 10:10:02,507 INFO Importado B.O.M. C:\Users\PRODUCAO-2.0\J I MONTADORA DE VEICULOS ESPECIAIS LTDA\JI Montadora - 02 Produção\01 Controle de Produção\01 - Projeto Cadastro\02 - B.O.M\02. CATEGORIA ABS\28 - PP SUPORTE QUEBRA SOL ORIGINAL CABINE E-S-J PRETO FOSCO VINÍLICA.xlsx
2026-06-23 10:10:02,731 INFO Importado B.O.M. C:\Users\PRODUCAO-2.0\J I MONTADORA DE VEICULOS ESPECIAIS LTDA\JI Montadora - 02 Produção\01 Controle de Produção\01 - Projeto Cadastro\02 - B.O.M\02. CATEGORIA ABS\29 - PP ACABAMENTO PLASTICO ORIGINAL MICROFONE SOM E-S-J.xlsx
2026-06-23 10:10:02,949 INFO Importado B.O.M. C:\Users\PRODUCAO-2.0\J I MONTADORA DE VEICULOS ESPECIAIS LTDA\JI Montadora - 02 Produção\01 Controle de Produção\01 - Projeto Cadastro\02 - B.O.M\02. CATEGORIA ABS\30 - PP LUMINARIA CABINE ORIGINAL E-S-J PRETO FOSCO VINÍLICA.xlsx
2026-06-23 10:10:03,151 INFO Importado B.O.M. C:\Users\PRODUCAO-2.0\J I MONTADORA DE VEICULOS ESPECIAIS LTDA\JI Montadora - 02 Produção\01 Controle de Produção\01 - Projeto Cadastro\02 - B.O.M\02. CATEGORIA ABS\31 - CJ TETO E-S-J VELUDO PRETO SALAO-CABINE-COLUNAB- COLUNAA-ACESSORIOS ORICAB.xlsx
2026-06-23 10:10:03,281 INFO Importado B.O.M. C:\Users\PRODUCAO-2.0\J I MONTADORA DE VEICULOS ESPECIAIS LTDA\JI Montadora - 02 Produção\01 Controle de Produção\01 - Projeto Cadastro\02 - B.O.M\02. CATEGORIA ABS\32 - CJ REVESTIMENTO E-S-J TB C. TETO VELUDO PRETO.xlsx
2026-06-23 10:10:03,383 INFO Importado B.O.M. C:\Users\PRODUCAO-2.0\J I MONTADORA DE VEICULOS ESPECIAIS LTDA\JI Montadora - 02 Produção\01 Controle de Produção\01 - Projeto Cadastro\02 - B.O.M\02. CATEGORIA ABS\33 - ABS - CJ REVESTIMENTO TRANSIT L3H2 VITRE.xlsx
2026-06-23 10:10:03,605 INFO Importado B.O.M. C:\Users\PRODUCAO-2.0\J I MONTADORA DE VEICULOS ESPECIAIS LTDA\JI Montadora - 02 Produção\01 Controle de Produção\01 - Projeto Cadastro\02 - B.O.M\02. CATEGORIA ABS\34 - PP ABS PC ALETA AR PRETA E-S-J TB PILAR.xlsx
2026-06-23 10:10:03,815 INFO Importado B.O.M. C:\Users\PRODUCAO-2.0\J I MONTADORA DE VEICULOS ESPECIAIS LTDA\JI Montadora - 02 Produção\01 Controle de Produção\01 - Projeto Cadastro\02 - B.O.M\02. CATEGORIA ABS\35 - PP ARO JANELA PVC 1º VAO LE ESJ C-CLASS.xlsx
2026-06-23 10:10:04,054 INFO Importado B.O.M. C:\Users\PRODUCAO-2.0\J I MONTADORA DE VEICULOS ESPECIAIS LTDA\JI Montadora - 02 Produção\01 Controle de Produção\01 - Projeto Cadastro\02 - B.O.M\02. CATEGORIA ABS\36 - PP ARO JANELA PVC 2º VAO LE ESJ C-CLASS.xlsx
2026-06-23 10:10:04,307 INFO Importado B.O.M. C:\Users\PRODUCAO-2.0\J I MONTADORA DE VEICULOS ESPECIAIS LTDA\JI Montadora - 02 Produção\01 Controle de Produção\01 - Projeto Cadastro\02 - B.O.M\02. CATEGORIA ABS\37 - PP ARO JANELA PVC 2º VAO LD ESJ C-CLASS.xlsx
2026-06-23 10:10:04,507 INFO Importado B.O.M. C:\Users\PRODUCAO-2.0\J I MONTADORA DE VEICULOS ESPECIAIS LTDA\JI Montadora - 02 Produção\01 Controle de Produção\01 - Projeto Cadastro\02 - B.O.M\02. CATEGORIA ABS\38 - CJ ABS ACABAMENTO ARO JANELAS ESJ C. CORTINA VELUDO PRETA.xlsx
2026-06-23 10:10:04,723 INFO Importado B.O.M. C:\Users\PRODUCAO-2.0\J I MONTADORA DE VEICULOS ESPECIAIS LTDA\JI Montadora - 02 Produção\01 Controle de Produção\01 - Projeto Cadastro\02 - B.O.M\02. CATEGORIA ABS\39 - PP ABS PC C. MOLDURA CORTINA PVC ESJ C-CLASS TB LATERAL MOTORISTA LE 1º2º VAO.xlsx
2026-06-23 10:10:04,953 INFO Importado B.O.M. C:\Users\PRODUCAO-2.0\J I MONTADORA DE VEICULOS ESPECIAIS LTDA\JI Montadora - 02 Produção\01 Controle de Produção\01 - Projeto Cadastro\02 - B.O.M\02. CATEGORIA ABS\40 - PP ABS PC C. MOLDURA CORTINA PVC ESJ C-CLASS TB LATERAL PASSAGEIRO LD 2º VAO.xlsx
2026-06-23 10:10:05,133 INFO Importado B.O.M. C:\Users\PRODUCAO-2.0\J I MONTADORA DE VEICULOS ESPECIAIS LTDA\JI Montadora - 02 Produção\01 Controle de Produção\01 - Projeto Cadastro\02 - B.O.M\02. CATEGORIA ABS\41 - PP ABS PC C. MOLDURA CORTINA PVC ESJ C-CLASS TB LATERAL MOTORISTA LE 1º2º VAO CINZA RAL 7021 PU - TI.01.J04.xlsx
2026-06-23 10:10:05,357 INFO Importado B.O.M. C:\Users\PRODUCAO-2.0\J I MONTADORA DE VEICULOS ESPECIAIS LTDA\JI Montadora - 02 Produção\01 Controle de Produção\01 - Projeto Cadastro\02 - B.O.M\02. CATEGORIA ABS\42 - PP ABS PC C. MOL COR ESJ C-CLAS LAT LD 2º CINZA RAL 7021 PU - TI.01.J04.xlsx
2026-06-23 10:10:05,612 INFO Importado B.O.M. C:\Users\PRODUCAO-2.0\J I MONTADORA DE VEICULOS ESPECIAIS LTDA\JI Montadora - 02 Produção\01 Controle de Produção\01 - Projeto Cadastro\02 - B.O.M\02. CATEGORIA ABS\43 - PP ABS ESJ ACAB INF PL LD CINZA RAL 7021 PU - TI.01.J04.xlsx
2026-06-23 10:10:05,814 INFO Importado B.O.M. C:\Users\PRODUCAO-2.0\J I MONTADORA DE VEICULOS ESPECIAIS LTDA\JI Montadora - 02 Produção\01 Controle de Produção\01 - Projeto Cadastro\02 - B.O.M\02. CATEGORIA ABS\44 - PP ABS ESJ ACAB INF PT LE CINZA RAL 7021 PU - TI.01.J04.xlsx
2026-06-23 10:10:06,024 INFO Importado B.O.M. C:\Users\PRODUCAO-2.0\J I MONTADORA DE VEICULOS ESPECIAIS LTDA\JI Montadora - 02 Produção\01 Controle de Produção\01 - Projeto Cadastro\02 - B.O.M\02. CATEGORIA ABS\45 - PP ABS ESJ ACAB INF PT LD CINZA RAL 7021 PU - TI.01.J04.xlsx
2026-06-23 10:10:06,245 INFO Importado B.O.M. C:\Users\PRODUCAO-2.0\J I MONTADORA DE VEICULOS ESPECIAIS LTDA\JI Montadora - 02 Produção\01 Controle de Produção\01 - Projeto Cadastro\02 - B.O.M\02. CATEGORIA ABS\46 - PP ABS ESJ ACAB ARO PL LD CINZA RAL 7021 PU - TI.01.J04.xlsx
2026-06-23 10:10:06,494 INFO Importado B.O.M. C:\Users\PRODUCAO-2.0\J I MONTADORA DE VEICULOS ESPECIAIS LTDA\JI Montadora - 02 Produção\01 Controle de Produção\01 - Projeto Cadastro\02 - B.O.M\02. CATEGORIA ABS\47 - PP ABS ESJ ACAB ARO PT LE CINZA RAL 7021 PU - TI.01.J04.xlsx
2026-06-23 10:10:06,714 INFO Importado B.O.M. C:\Users\PRODUCAO-2.0\J I MONTADORA DE VEICULOS ESPECIAIS LTDA\JI Montadora - 02 Produção\01 Controle de Produção\01 - Projeto Cadastro\02 - B.O.M\02. CATEGORIA ABS\48 - PP ABS ESJ ACAB ARO PT LD CINZA RAL 7021 PU - TI.01.J04.xlsx
2026-06-23 10:10:06,820 INFO Importado B.O.M. C:\Users\PRODUCAO-2.0\J I MONTADORA DE VEICULOS ESPECIAIS LTDA\JI Montadora - 02 Produção\01 Controle de Produção\01 - Projeto Cadastro\02 - B.O.M\02. CATEGORIA ABS\49 - PP ABS ESJ ACAB COLUNA CINTO SEGURANCA LD CINZA RAL 7021 PU - TI.01.J04.xlsx
2026-06-23 10:10:06,938 INFO Importado B.O.M. C:\Users\PRODUCAO-2.0\J I MONTADORA DE VEICULOS ESPECIAIS LTDA\JI Montadora - 02 Produção\01 Controle de Produção\01 - Projeto Cadastro\02 - B.O.M\02. CATEGORIA ABS\50 - CJ REVES ESJ CINZA RAL C. MOLD. P. CORTINAS EMBUT E TETO C. VELUDO PRETO.xlsx
2026-06-23 10:10:07,043 INFO Importado B.O.M. C:\Users\PRODUCAO-2.0\J I MONTADORA DE VEICULOS ESPECIAIS LTDA\JI Montadora - 02 Produção\01 Controle de Produção\01 - Projeto Cadastro\02 - B.O.M\02. CATEGORIA ABS\51 - CJ ABS ACAB ARO JANELAS ESJ CINZA RAL 7021 PU - TI.01.J04 C. CORT VEL PRE.xlsx
2026-06-23 10:10:07,146 INFO Importado B.O.M. C:\Users\PRODUCAO-2.0\J I MONTADORA DE VEICULOS ESPECIAIS LTDA\JI Montadora - 02 Produção\01 Controle de Produção\01 - Projeto Cadastro\02 - B.O.M\02. CATEGORIA ABS\52 - CJ ABS ACAB ARO JAN ESJ CINZA RAL 7021 PU - TI.01.J04.xlsx
2026-06-23 10:10:07,374 INFO Importado B.O.M. C:\Users\PRODUCAO-2.0\J I MONTADORA DE VEICULOS ESPECIAIS LTDA\JI Montadora - 02 Produção\01 Controle de Produção\01 - Projeto Cadastro\02 - B.O.M\03. CATEGORIA ISOLAMENTO\01 - CJ ISOLAMENTO TERMICO P. MASTER L3H2 C. MANTA AUTOADESIVA ALUMINIZADA.xlsx
2026-06-23 10:10:07,587 INFO Importado B.O.M. C:\Users\PRODUCAO-2.0\J I MONTADORA DE VEICULOS ESPECIAIS LTDA\JI Montadora - 02 Produção\01 Controle de Produção\01 - Projeto Cadastro\02 - B.O.M\03. CATEGORIA ISOLAMENTO\02 - CJ ISOLAMENTO TERMICO P E-S-J TB C MANTA AUTOADESIVA ALUMINIZADA.xlsx
2026-06-23 10:10:07,814 INFO Importado B.O.M. C:\Users\PRODUCAO-2.0\J I MONTADORA DE VEICULOS ESPECIAIS LTDA\JI Montadora - 02 Produção\01 Controle de Produção\01 - Projeto Cadastro\02 - B.O.M\03. CATEGORIA ISOLAMENTO\03 - CJ ISOLAMENTO TERMICO P E-S-J TA C MANTA AUTOADESIVA ALUMINIZADA.xlsx
2026-06-23 10:10:08,045 INFO Importado B.O.M. C:\Users\PRODUCAO-2.0\J I MONTADORA DE VEICULOS ESPECIAIS LTDA\JI Montadora - 02 Produção\01 Controle de Produção\01 - Projeto Cadastro\02 - B.O.M\03. CATEGORIA ISOLAMENTO\04 - CJ ISOLAMENTO TERMICO P MASTER L2H2 C MANTA AUTOADESIVA ALUMINIZADA.xlsx
2026-06-23 10:10:08,272 INFO Importado B.O.M. C:\Users\PRODUCAO-2.0\J I MONTADORA DE VEICULOS ESPECIAIS LTDA\JI Montadora - 02 Produção\01 Controle de Produção\01 - Projeto Cadastro\02 - B.O.M\03. CATEGORIA ISOLAMENTO\05 - CJ ISOLAMENTO TERMICO P SPRINTER 417 10 M C MANTA AUTOADESIVA ALUMINIZADA.xlsx
2026-06-23 10:10:08,479 INFO Importado B.O.M. C:\Users\PRODUCAO-2.0\J I MONTADORA DE VEICULOS ESPECIAIS LTDA\JI Montadora - 02 Produção\01 Controle de Produção\01 - Projeto Cadastro\02 - B.O.M\03. CATEGORIA ISOLAMENTO\06 - CJ ISOLAMENTO TERMICO P SPRINTER 417 14 M C MANTA AUTOADESIVA ALUMINIZADA.xlsx
2026-06-23 10:10:08,711 INFO Importado B.O.M. C:\Users\PRODUCAO-2.0\J I MONTADORA DE VEICULOS ESPECIAIS LTDA\JI Montadora - 02 Produção\01 Controle de Produção\01 - Projeto Cadastro\02 - B.O.M\03. CATEGORIA ISOLAMENTO\07 - CJ ISOLAMENTO TERMICO P SPRINTER 517 15 M C MANTA AUTOADESIVA ALUMINIZADA.xlsx
2026-06-23 10:10:08,890 INFO Importado B.O.M. C:\Users\PRODUCAO-2.0\J I MONTADORA DE VEICULOS ESPECIAIS LTDA\JI Montadora - 02 Produção\01 Controle de Produção\01 - Projeto Cadastro\02 - B.O.M\03. CATEGORIA ISOLAMENTO\08 - CJ ISOLAMENTO TERMICO P B-J-D C MANTA AUTOADESIVA ALUMINIZADA.xlsx
2026-06-23 10:10:09,104 INFO Importado B.O.M. C:\Users\PRODUCAO-2.0\J I MONTADORA DE VEICULOS ESPECIAIS LTDA\JI Montadora - 02 Produção\01 Controle de Produção\01 - Projeto Cadastro\02 - B.O.M\03. CATEGORIA ISOLAMENTO\09 - CJ ISOLAMENTO TERMICO P TRANSIT L3H3 C MANTA AUTOADESIVA.xlsx
2026-06-23 10:10:09,346 INFO Importado B.O.M. C:\Users\PRODUCAO-2.0\J I MONTADORA DE VEICULOS ESPECIAIS LTDA\JI Montadora - 02 Produção\01 Controle de Produção\01 - Projeto Cadastro\02 - B.O.M\03. CATEGORIA ISOLAMENTO\10 - CJ ISOLAMENTO TERMICO P TRANSIT L4H3 C MANTA AUTOADESIVA.xlsx
2026-06-23 10:10:09,465 INFO Importado B.O.M. C:\Users\PRODUCAO-2.0\J I MONTADORA DE VEICULOS ESPECIAIS LTDA\JI Montadora - 02 Produção\01 Controle de Produção\01 - Projeto Cadastro\02 - B.O.M\04. CATEGORIA PISO\01 - CJ PISO CN 12 MM MASTER L3H2 LG BRIGHT GRAFITE 92402 - UNIVERSAL - R00.xlsx
2026-06-23 10:10:09,684 INFO Importado B.O.M. C:\Users\PRODUCAO-2.0\J I MONTADORA DE VEICULOS ESPECIAIS LTDA\JI Montadora - 02 Produção\01 Controle de Produção\01 - Projeto Cadastro\02 - B.O.M\04. CATEGORIA PISO\01.1 - PP PISO CN 12 MM MASTER L3H2 - UNIVERSAL - R00.xlsx
2026-06-23 10:10:09,924 INFO Importado B.O.M. C:\Users\PRODUCAO-2.0\J I MONTADORA DE VEICULOS ESPECIAIS LTDA\JI Montadora - 02 Produção\01 Controle de Produção\01 - Projeto Cadastro\02 - B.O.M\04. CATEGORIA PISO\02 - CJ CANTONEIRA PVC PRETA PORTAS LATERAL E TRASEIRA RENAULT MASTER L2H2-L3H2.xlsx
2026-06-23 10:10:10,045 INFO Importado B.O.M. C:\Users\PRODUCAO-2.0\J I MONTADORA DE VEICULOS ESPECIAIS LTDA\JI Montadora - 02 Produção\01 Controle de Produção\01 - Projeto Cadastro\02 - B.O.M\04. CATEGORIA PISO\02.1 - PP CANTONEIRA PVC PRETA PORTA LATERAL CORREDICA RENAULT MASTER L2H2-L3H2.xlsx
2026-06-23 10:10:10,249 INFO Importado B.O.M. C:\Users\PRODUCAO-2.0\J I MONTADORA DE VEICULOS ESPECIAIS LTDA\JI Montadora - 02 Produção\01 Controle de Produção\01 - Projeto Cadastro\02 - B.O.M\04. CATEGORIA PISO\02.2 - PP CANTONEIRA PVC PRETA PORTA TRASEIRA RENAULT MASTER L2H2-L3H2.xlsx
2026-06-23 10:10:10,360 INFO Importado B.O.M. C:\Users\PRODUCAO-2.0\J I MONTADORA DE VEICULOS ESPECIAIS LTDA\JI Montadora - 02 Produção\01 Controle de Produção\01 - Projeto Cadastro\02 - B.O.M\04. CATEGORIA PISO\03 - CJ PISO CN 12 MM MASTER L2H2 LG BRIGHT GRAFITE 92402 - UNIVERSAL - R00.xlsx
2026-06-23 10:10:10,596 INFO Importado B.O.M. C:\Users\PRODUCAO-2.0\J I MONTADORA DE VEICULOS ESPECIAIS LTDA\JI Montadora - 02 Produção\01 Controle de Produção\01 - Projeto Cadastro\02 - B.O.M\04. CATEGORIA PISO\03.1 - PP PISO CN 12 MM MASTER L2H2 - UNIVERSAL - R00 - 311-20.01-02.01-0001.xlsx
2026-06-23 10:10:10,729 INFO Importado B.O.M. C:\Users\PRODUCAO-2.0\J I MONTADORA DE VEICULOS ESPECIAIS LTDA\JI Montadora - 02 Produção\01 Controle de Produção\01 - Projeto Cadastro\02 - B.O.M\04. CATEGORIA PISO\04 - CJ ACABAMENTO TUBULAÇÃO AC RENAULT MASTER L3H2 VITRE LG BRIGHT GRAFITE 92402.xlsx
2026-06-23 10:10:10,847 INFO Importado B.O.M. C:\Users\PRODUCAO-2.0\J I MONTADORA DE VEICULOS ESPECIAIS LTDA\JI Montadora - 02 Produção\01 Controle de Produção\01 - Projeto Cadastro\02 - B.O.M\04. CATEGORIA PISO\04.1 - PP CAIXA COMPENSADO NAVAL P ACABAMENTO TUBULAÇÃO AC RENAULT MASTER.xlsx
2026-06-23 10:10:11,087 INFO Importado B.O.M. C:\Users\PRODUCAO-2.0\J I MONTADORA DE VEICULOS ESPECIAIS LTDA\JI Montadora - 02 Produção\01 Controle de Produção\01 - Projeto Cadastro\02 - B.O.M\04. CATEGORIA PISO\05 - CJ ACABAMENTO TUBULAÇÃO AC RENAULT MASTER L3H2 VITRE PASSADEIRA AMADEIRADA TARKETT.xlsx
2026-06-23 10:10:11,313 INFO Importado B.O.M. C:\Users\PRODUCAO-2.0\J I MONTADORA DE VEICULOS ESPECIAIS LTDA\JI Montadora - 02 Produção\01 Controle de Produção\01 - Projeto Cadastro\02 - B.O.M\04. CATEGORIA PISO\05.1 - PP CAIXA COMPENSADO NAVAL P ACAB TUBU AC REN MAS L3H2 VITRE.xlsx
2026-06-23 10:10:11,431 INFO Importado B.O.M. C:\Users\PRODUCAO-2.0\J I MONTADORA DE VEICULOS ESPECIAIS LTDA\JI Montadora - 02 Produção\01 Controle de Produção\01 - Projeto Cadastro\02 - B.O.M\04. CATEGORIA PISO\06 - CJ CANTONEIRA PVC PRETA PORTA TRASEIRA SPRINTER.xlsx
2026-06-23 10:10:11,655 INFO Importado B.O.M. C:\Users\PRODUCAO-2.0\J I MONTADORA DE VEICULOS ESPECIAIS LTDA\JI Montadora - 02 Produção\01 Controle de Produção\01 - Projeto Cadastro\02 - B.O.M\04. CATEGORIA PISO\06.1 - PP CANTONEIRA PVC PRETA PORTA TRASEIRA SPRINTER.xlsx
2026-06-23 10:10:11,772 INFO Importado B.O.M. C:\Users\PRODUCAO-2.0\J I MONTADORA DE VEICULOS ESPECIAIS LTDA\JI Montadora - 02 Produção\01 Controle de Produção\01 - Projeto Cadastro\02 - B.O.M\04. CATEGORIA PISO\07 - CJ CANTONEIRA PVC PRETA PORTAS (LATERAL E TRASEIRA) B-J-D.xlsx
2026-06-23 10:10:12,008 INFO Importado B.O.M. C:\Users\PRODUCAO-2.0\J I MONTADORA DE VEICULOS ESPECIAIS LTDA\JI Montadora - 02 Produção\01 Controle de Produção\01 - Projeto Cadastro\02 - B.O.M\04. CATEGORIA PISO\07.2 - PP CANTONEIRA PVC PRETA PORTA LATERAL CORREDICA B-J-D.xlsx
2026-06-23 10:10:12,122 INFO Importado B.O.M. C:\Users\PRODUCAO-2.0\J I MONTADORA DE VEICULOS ESPECIAIS LTDA\JI Montadora - 02 Produção\01 Controle de Produção\01 - Projeto Cadastro\02 - B.O.M\04. CATEGORIA PISO\07.3 - PP CANTONEIRA PVC PRETA PORTA TRASEIRA RENAULT B-J-D.xlsx
2026-06-23 10:10:12,240 INFO Importado B.O.M. C:\Users\PRODUCAO-2.0\J I MONTADORA DE VEICULOS ESPECIAIS LTDA\JI Montadora - 02 Produção\01 Controle de Produção\01 - Projeto Cadastro\02 - B.O.M\04. CATEGORIA PISO\08 - CJ ASSOALHO DEGRAU ENTRADA COMPENSADO NAVAL 12 MM LG BRIGHT GRAFITE 92402.xlsx
2026-06-23 10:10:12,374 INFO Importado B.O.M. C:\Users\PRODUCAO-2.0\J I MONTADORA DE VEICULOS ESPECIAIS LTDA\JI Montadora - 02 Produção\01 Controle de Produção\01 - Projeto Cadastro\02 - B.O.M\04. CATEGORIA PISO\08.1 - PP ASSOALHO DEGRAU ENTRADA TRANSIT COMPENSADO NAVAL 12 MM.xlsx
2026-06-23 10:10:12,628 INFO Importado B.O.M. C:\Users\PRODUCAO-2.0\J I MONTADORA DE VEICULOS ESPECIAIS LTDA\JI Montadora - 02 Produção\01 Controle de Produção\01 - Projeto Cadastro\02 - B.O.M\04. CATEGORIA PISO\09 - CJ ASSOALHO DEGRAU ENTRADA TRANSIT COMPENSADO NAVAL 12 MM PASSADEIRA AMADEIRADA.xlsx
2026-06-23 10:10:12,753 INFO Importado B.O.M. C:\Users\PRODUCAO-2.0\J I MONTADORA DE VEICULOS ESPECIAIS LTDA\JI Montadora - 02 Produção\01 Controle de Produção\01 - Projeto Cadastro\02 - B.O.M\04. CATEGORIA PISO\10 - CJ PISO CN 12 MM MASTER L2H2 PASSADEIRA AMADEIRADA TARKETT DB-UNIVERSAL- R00.xlsx
2026-06-23 10:10:12,971 INFO Importado B.O.M. C:\Users\PRODUCAO-2.0\J I MONTADORA DE VEICULOS ESPECIAIS LTDA\JI Montadora - 02 Produção\01 Controle de Produção\01 - Projeto Cadastro\02 - B.O.M\04. CATEGORIA PISO\11 - CJ PISO CN 12 MM MASTER L3H2 PASSADEIRA AMADEIRADA TARKETT DARK BROWN - UNIVERSAL.xlsx
2026-06-23 10:10:13,077 INFO Importado B.O.M. C:\Users\PRODUCAO-2.0\J I MONTADORA DE VEICULOS ESPECIAIS LTDA\JI Montadora - 02 Produção\01 Controle de Produção\01 - Projeto Cadastro\02 - B.O.M\04. CATEGORIA PISO\12 - CJ PISO CN 12 MM SPRINTER 417 10,5 FG LG BRIGHTGRAFITE92402-UNIVERSAL-R00.xlsx
2026-06-23 10:10:13,183 INFO Importado B.O.M. C:\Users\PRODUCAO-2.0\J I MONTADORA DE VEICULOS ESPECIAIS LTDA\JI Montadora - 02 Produção\01 Controle de Produção\01 - Projeto Cadastro\02 - B.O.M\04. CATEGORIA PISO\12.1 - PP PISO CN 12 MM SPRINTER 417 10,5 FG - UNIVERSAL - R00.xlsx
2026-06-23 10:10:13,296 INFO Importado B.O.M. C:\Users\PRODUCAO-2.0\J I MONTADORA DE VEICULOS ESPECIAIS LTDA\JI Montadora - 02 Produção\01 Controle de Produção\01 - Projeto Cadastro\02 - B.O.M\04. CATEGORIA PISO\13 - CJ PISO CN 12 MM SPRINTER 417 10,5 VITRE LG BRIGHT GRAFITE 92402-UNIVERSAL-R00.xlsx
2026-06-23 10:10:13,522 INFO Importado B.O.M. C:\Users\PRODUCAO-2.0\J I MONTADORA DE VEICULOS ESPECIAIS LTDA\JI Montadora - 02 Produção\01 Controle de Produção\01 - Projeto Cadastro\02 - B.O.M\04. CATEGORIA PISO\13.1 - PP PISO CN 12 MM SPRINTER 417 10,5 VITRE - UNIVERSAL - R00.xlsx
2026-06-23 10:10:13,631 INFO Importado B.O.M. C:\Users\PRODUCAO-2.0\J I MONTADORA DE VEICULOS ESPECIAIS LTDA\JI Montadora - 02 Produção\01 Controle de Produção\01 - Projeto Cadastro\02 - B.O.M\04. CATEGORIA PISO\14 - CJ PISO CN 12 MM SPRINTER 417 10,5 PASSADEIRA AMADEIRADATARKETTDARKBROWN.xlsx
2026-06-23 10:10:13,754 INFO Importado B.O.M. C:\Users\PRODUCAO-2.0\J I MONTADORA DE VEICULOS ESPECIAIS LTDA\JI Montadora - 02 Produção\01 Controle de Produção\01 - Projeto Cadastro\02 - B.O.M\04. CATEGORIA PISO\15 - CJ PISO CN 12 MM SPRINTER 417 10,5 VITRE PASSADEIRA AMADEIRADA TARKETT DARK BROWN.xlsx
2026-06-23 10:10:13,885 INFO Importado B.O.M. C:\Users\PRODUCAO-2.0\J I MONTADORA DE VEICULOS ESPECIAIS LTDA\JI Montadora - 02 Produção\01 Controle de Produção\01 - Projeto Cadastro\02 - B.O.M\04. CATEGORIA PISO\16 - CJ PISO CN 12 MM SPRINTER 417 14 FG LG BRIGHT GRAFITE 92402 - UNIVERSAL - R00.xlsx
2026-06-23 10:10:14,105 INFO Importado B.O.M. C:\Users\PRODUCAO-2.0\J I MONTADORA DE VEICULOS ESPECIAIS LTDA\JI Montadora - 02 Produção\01 Controle de Produção\01 - Projeto Cadastro\02 - B.O.M\04. CATEGORIA PISO\16.1 - PP PISO CN 12 MM SPRINTER 417 14 FG - UNIVERSAL - R00.xlsx
2026-06-23 10:10:14,287 INFO Importado B.O.M. C:\Users\PRODUCAO-2.0\J I MONTADORA DE VEICULOS ESPECIAIS LTDA\JI Montadora - 02 Produção\01 Controle de Produção\01 - Projeto Cadastro\02 - B.O.M\04. CATEGORIA PISO\17 - CJ PISO CN 12 MM SPRINTER 417 14 VITRE LG BRIGHT GRAFITE 92402 - UNIV - R00.xlsx
2026-06-23 10:10:14,485 INFO Importado B.O.M. C:\Users\PRODUCAO-2.0\J I MONTADORA DE VEICULOS ESPECIAIS LTDA\JI Montadora - 02 Produção\01 Controle de Produção\01 - Projeto Cadastro\02 - B.O.M\04. CATEGORIA PISO\17.1 - PP PISO CN 12 MM SPRINTER 417 14 VITRE - UNIVERSAL - R00.xlsx
2026-06-23 10:10:14,703 INFO Importado B.O.M. C:\Users\PRODUCAO-2.0\J I MONTADORA DE VEICULOS ESPECIAIS LTDA\JI Montadora - 02 Produção\01 Controle de Produção\01 - Projeto Cadastro\02 - B.O.M\04. CATEGORIA PISO\18 - CJ PISO CN 12 MM SPRINTER 417 14 FG PASSADEIRA AMADEIRADA TARKETT DARK.xlsx
2026-06-23 10:10:14,804 INFO Importado B.O.M. C:\Users\PRODUCAO-2.0\J I MONTADORA DE VEICULOS ESPECIAIS LTDA\JI Montadora - 02 Produção\01 Controle de Produção\01 - Projeto Cadastro\02 - B.O.M\04. CATEGORIA PISO\19 - CJ PISO CN 12 MM SPRINTER 417 14 VITRE PASSADEIRA AMADEIRADA TARKETT DARK.xlsx
2026-06-23 10:10:14,921 INFO Importado B.O.M. C:\Users\PRODUCAO-2.0\J I MONTADORA DE VEICULOS ESPECIAIS LTDA\JI Montadora - 02 Produção\01 Controle de Produção\01 - Projeto Cadastro\02 - B.O.M\04. CATEGORIA PISO\20 - CJ PISO CN 12 MM SPRINTER 517 14 FG LG BRIGHT GRAFITE 92402 - UNIVERSAL - R00.xlsx
2026-06-23 10:10:15,163 INFO Importado B.O.M. C:\Users\PRODUCAO-2.0\J I MONTADORA DE VEICULOS ESPECIAIS LTDA\JI Montadora - 02 Produção\01 Controle de Produção\01 - Projeto Cadastro\02 - B.O.M\04. CATEGORIA PISO\20.1 - PP PISO CN 12 MM SPRINTER 517 14 FG - UNIVERSAL - R00.xlsx
2026-06-23 10:10:15,283 INFO Importado B.O.M. C:\Users\PRODUCAO-2.0\J I MONTADORA DE VEICULOS ESPECIAIS LTDA\JI Montadora - 02 Produção\01 Controle de Produção\01 - Projeto Cadastro\02 - B.O.M\04. CATEGORIA PISO\21 - CJ PISO CN 12 MM SPRINTER 517 14 VITRE LG BRIGHT GRAFITE 92402 - UNIV - R00.xlsx
2026-06-23 10:10:15,504 INFO Importado B.O.M. C:\Users\PRODUCAO-2.0\J I MONTADORA DE VEICULOS ESPECIAIS LTDA\JI Montadora - 02 Produção\01 Controle de Produção\01 - Projeto Cadastro\02 - B.O.M\04. CATEGORIA PISO\21.1 - PP PISO CN 12 MM SPRINTER 517 14 VITRE - UNIVERSAL - R00.xlsx
2026-06-23 10:10:15,604 INFO Importado B.O.M. C:\Users\PRODUCAO-2.0\J I MONTADORA DE VEICULOS ESPECIAIS LTDA\JI Montadora - 02 Produção\01 Controle de Produção\01 - Projeto Cadastro\02 - B.O.M\04. CATEGORIA PISO\22 - CJ PISO CN 12 MM SPRINTER 517 14 FG PASSADEIRA AMADEIRADA TAR DARK-UNIVER00.xlsx
2026-06-23 10:10:15,706 INFO Importado B.O.M. C:\Users\PRODUCAO-2.0\J I MONTADORA DE VEICULOS ESPECIAIS LTDA\JI Montadora - 02 Produção\01 Controle de Produção\01 - Projeto Cadastro\02 - B.O.M\04. CATEGORIA PISO\23 - CJ PISO CN 12 MM SPRINTER 517 14 VITRE PASSADEIRA AMADEIRADA TARDARK-UNIVER00.xlsx
2026-06-23 10:10:15,828 INFO Importado B.O.M. C:\Users\PRODUCAO-2.0\J I MONTADORA DE VEICULOS ESPECIAIS LTDA\JI Montadora - 02 Produção\01 Controle de Produção\01 - Projeto Cadastro\02 - B.O.M\04. CATEGORIA PISO\24 - CJ PISO CN 12 MM SPRINTER 517 15 FG LG BRIGHT GRAFITE 92402 - UNIVERSAL - R00.xlsx
2026-06-23 10:10:15,934 INFO Importado B.O.M. C:\Users\PRODUCAO-2.0\J I MONTADORA DE VEICULOS ESPECIAIS LTDA\JI Montadora - 02 Produção\01 Controle de Produção\01 - Projeto Cadastro\02 - B.O.M\04. CATEGORIA PISO\24.1 - PP PISO CN 12 MM SPRINTER 517 15 FG - UNIVERSAL - R00.xlsx
2026-06-23 10:10:16,047 INFO Importado B.O.M. C:\Users\PRODUCAO-2.0\J I MONTADORA DE VEICULOS ESPECIAIS LTDA\JI Montadora - 02 Produção\01 Controle de Produção\01 - Projeto Cadastro\02 - B.O.M\04. CATEGORIA PISO\25 - CJ PISO CN 12 MM SPRINTER 517 15 VITRE LG BRIGHT GRAFITE 92402 - UNIVE-R00.xlsx
2026-06-23 10:10:16,281 INFO Importado B.O.M. C:\Users\PRODUCAO-2.0\J I MONTADORA DE VEICULOS ESPECIAIS LTDA\JI Montadora - 02 Produção\01 Controle de Produção\01 - Projeto Cadastro\02 - B.O.M\04. CATEGORIA PISO\25.1 - PP PISO CN 12 MM SPRINTER 517 15 VITRE - UNIVERSAL - R00.xlsx
2026-06-23 10:10:16,400 INFO Importado B.O.M. C:\Users\PRODUCAO-2.0\J I MONTADORA DE VEICULOS ESPECIAIS LTDA\JI Montadora - 02 Produção\01 Controle de Produção\01 - Projeto Cadastro\02 - B.O.M\04. CATEGORIA PISO\26 - CJ PISO CN 12 MM SPRINTER 517 15 FG AMA TARKETT DARK BROWN - UNIVERSAL - R00.xlsx
2026-06-23 10:10:16,522 INFO Importado B.O.M. C:\Users\PRODUCAO-2.0\J I MONTADORA DE VEICULOS ESPECIAIS LTDA\JI Montadora - 02 Produção\01 Controle de Produção\01 - Projeto Cadastro\02 - B.O.M\04. CATEGORIA PISO\27 - CJ PISO CN 12 MM SPRINTER 517 15 VITRE AMA TARKETT DA BR - UNIVERSAL - R00.xlsx
2026-06-23 10:10:16,657 INFO Importado B.O.M. C:\Users\PRODUCAO-2.0\J I MONTADORA DE VEICULOS ESPECIAIS LTDA\JI Montadora - 02 Produção\01 Controle de Produção\01 - Projeto Cadastro\02 - B.O.M\04. CATEGORIA PISO\28 - CJ PISO CN 12 MM E-S-J TB LG BRIGHT GRAFITE 92402 - UNIVERSAL - R00.xlsx
2026-06-23 10:10:16,881 INFO Importado B.O.M. C:\Users\PRODUCAO-2.0\J I MONTADORA DE VEICULOS ESPECIAIS LTDA\JI Montadora - 02 Produção\01 Controle de Produção\01 - Projeto Cadastro\02 - B.O.M\04. CATEGORIA PISO\28.1 - PP PISO CN 12 MM E-S-J TB - UNIVERSAL - R00.xlsx
2026-06-23 10:10:17,014 INFO Importado B.O.M. C:\Users\PRODUCAO-2.0\J I MONTADORA DE VEICULOS ESPECIAIS LTDA\JI Montadora - 02 Produção\01 Controle de Produção\01 - Projeto Cadastro\02 - B.O.M\04. CATEGORIA PISO\29 - CJ PISO CN 12 MM E-S-J TA LG BRIGHT GRAFITE 92402 - UNIVERSAL - R00.xlsx
2026-06-23 10:10:17,271 INFO Importado B.O.M. C:\Users\PRODUCAO-2.0\J I MONTADORA DE VEICULOS ESPECIAIS LTDA\JI Montadora - 02 Produção\01 Controle de Produção\01 - Projeto Cadastro\02 - B.O.M\04. CATEGORIA PISO\29.1 - PP PISO CN 12 MM E-S-J TA - UNIVERSAL - R00.xlsx
2026-06-23 10:10:17,390 INFO Importado B.O.M. C:\Users\PRODUCAO-2.0\J I MONTADORA DE VEICULOS ESPECIAIS LTDA\JI Montadora - 02 Produção\01 Controle de Produção\01 - Projeto Cadastro\02 - B.O.M\04. CATEGORIA PISO\30 - CJ PISO CN 12 MM E-S-J TB AMADEIRADA TARKETT DARK BROWN - UNIVERSAL - R00.xlsx
2026-06-23 10:10:17,620 INFO Importado B.O.M. C:\Users\PRODUCAO-2.0\J I MONTADORA DE VEICULOS ESPECIAIS LTDA\JI Montadora - 02 Produção\01 Controle de Produção\01 - Projeto Cadastro\02 - B.O.M\04. CATEGORIA PISO\31 - CJ PISO CN 12 MM E-S-J TA PASSADEIRA AMADEIRADA TARKETT DARK BROWN - UNIVERSAL.xlsx
2026-06-23 10:10:17,719 INFO Importado B.O.M. C:\Users\PRODUCAO-2.0\J I MONTADORA DE VEICULOS ESPECIAIS LTDA\JI Montadora - 02 Produção\01 Controle de Produção\01 - Projeto Cadastro\02 - B.O.M\04. CATEGORIA PISO\32 - CJ PISO CN 12 MM B-J-D FG LG BRIGHT GRAFITE 92402 - UNIVERSAL - R00.xlsx
2026-06-23 10:10:17,950 INFO Importado B.O.M. C:\Users\PRODUCAO-2.0\J I MONTADORA DE VEICULOS ESPECIAIS LTDA\JI Montadora - 02 Produção\01 Controle de Produção\01 - Projeto Cadastro\02 - B.O.M\04. CATEGORIA PISO\32.1 - PP PISO CN 12 MM B-J-D FG - UNIVERSAL - R00.xlsx
2026-06-23 10:10:18,061 INFO Importado B.O.M. C:\Users\PRODUCAO-2.0\J I MONTADORA DE VEICULOS ESPECIAIS LTDA\JI Montadora - 02 Produção\01 Controle de Produção\01 - Projeto Cadastro\02 - B.O.M\04. CATEGORIA PISO\33 - CJ PISO CN 12 MM B-J-D VITRE LG BRIGHT GRAFITE 92402 - UNIVERSAL - R00.xlsx
2026-06-23 10:10:18,347 INFO Importado B.O.M. C:\Users\PRODUCAO-2.0\J I MONTADORA DE VEICULOS ESPECIAIS LTDA\JI Montadora - 02 Produção\01 Controle de Produção\01 - Projeto Cadastro\02 - B.O.M\04. CATEGORIA PISO\33.1 - PP PISO CN 12 MM B-J-D VITRE - UNIVERSAL - R00.xlsx
2026-06-23 10:10:18,472 INFO Importado B.O.M. C:\Users\PRODUCAO-2.0\J I MONTADORA DE VEICULOS ESPECIAIS LTDA\JI Montadora - 02 Produção\01 Controle de Produção\01 - Projeto Cadastro\02 - B.O.M\04. CATEGORIA PISO\34 - CJ PISO CN 12 MM B-J-D FG AMADE TARKETT DARK BROWN - UNIVER00.xlsx
2026-06-23 10:10:18,689 INFO Importado B.O.M. C:\Users\PRODUCAO-2.0\J I MONTADORA DE VEICULOS ESPECIAIS LTDA\JI Montadora - 02 Produção\01 Controle de Produção\01 - Projeto Cadastro\02 - B.O.M\04. CATEGORIA PISO\35 - CJ PISO CN 12 MM B-J-D VITRE PASSADEIRA AMADEIRADA TARKETT DARK BROWN - UNIVERSAL.xlsx
2026-06-23 10:10:18,813 INFO Importado B.O.M. C:\Users\PRODUCAO-2.0\J I MONTADORA DE VEICULOS ESPECIAIS LTDA\JI Montadora - 02 Produção\01 Controle de Produção\01 - Projeto Cadastro\02 - B.O.M\04. CATEGORIA PISO\36 - CJ PISO CN 12 MM TRANSIT L3H2 VITRE LG BRIGHT GRAFITE 92402 - UNIVERSAL.xlsx
2026-06-23 10:10:19,013 INFO Importado B.O.M. C:\Users\PRODUCAO-2.0\J I MONTADORA DE VEICULOS ESPECIAIS LTDA\JI Montadora - 02 Produção\01 Controle de Produção\01 - Projeto Cadastro\02 - B.O.M\04. CATEGORIA PISO\36.1 - PP PISO CN 12 MM TRANSIT L3H2 VITRE - UNIVERSAL - R00.xlsx
2026-06-23 10:10:19,124 INFO Importado B.O.M. C:\Users\PRODUCAO-2.0\J I MONTADORA DE VEICULOS ESPECIAIS LTDA\JI Montadora - 02 Produção\01 Controle de Produção\01 - Projeto Cadastro\02 - B.O.M\04. CATEGORIA PISO\37 - CJ PISO CN 12 MM TRANSIT L3H2 VITRE AMAD TARKETT DARK BROWN - UNIVR00.xlsx
2026-06-23 10:10:19,232 INFO Importado B.O.M. C:\Users\PRODUCAO-2.0\J I MONTADORA DE VEICULOS ESPECIAIS LTDA\JI Montadora - 02 Produção\01 Controle de Produção\01 - Projeto Cadastro\02 - B.O.M\04. CATEGORIA PISO\38 - CJ PISO CN 12 MM TRANSIT L4H3 VITRE LG BRIGHT GRAFITE 92402 - UNIVERSAL - R00.xlsx
2026-06-23 10:10:19,451 INFO Importado B.O.M. C:\Users\PRODUCAO-2.0\J I MONTADORA DE VEICULOS ESPECIAIS LTDA\JI Montadora - 02 Produção\01 Controle de Produção\01 - Projeto Cadastro\02 - B.O.M\04. CATEGORIA PISO\38.1 - PP PISO CN 12 MM TRANSIT L4H3 VITRE - UNIVERSAL - R00.xlsx
2026-06-23 10:10:19,578 INFO Importado B.O.M. C:\Users\PRODUCAO-2.0\J I MONTADORA DE VEICULOS ESPECIAIS LTDA\JI Montadora - 02 Produção\01 Controle de Produção\01 - Projeto Cadastro\02 - B.O.M\04. CATEGORIA PISO\39 - CJ PISO CN 12 MM TRANSIT L4H3 VITRE AMAD TARKETT DARK BROWN - UNIVR00.xlsx
2026-06-23 10:10:19,681 INFO Importado B.O.M. C:\Users\PRODUCAO-2.0\J I MONTADORA DE VEICULOS ESPECIAIS LTDA\JI Montadora - 02 Produção\01 Controle de Produção\01 - Projeto Cadastro\02 - B.O.M\04. CATEGORIA PISO\40 - CJ PISO CN 12 MM TRANSIT L3H3 LG BRIGHT GRAFITE 92402 - UNIVERSAL - R00.xlsx
2026-06-23 10:10:19,794 INFO Importado B.O.M. C:\Users\PRODUCAO-2.0\J I MONTADORA DE VEICULOS ESPECIAIS LTDA\JI Montadora - 02 Produção\01 Controle de Produção\01 - Projeto Cadastro\02 - B.O.M\04. CATEGORIA PISO\40.1 - PP PISO CN 12 MM TRANSIT L3H3 - UNIVERSAL - R00.xlsx
2026-06-23 10:10:20,000 INFO Importado B.O.M. C:\Users\PRODUCAO-2.0\J I MONTADORA DE VEICULOS ESPECIAIS LTDA\JI Montadora - 02 Produção\01 Controle de Produção\01 - Projeto Cadastro\02 - B.O.M\04. CATEGORIA PISO\41 - CJ PISO CN 12 MM TRANSIT L3H3 PASSADEIRA AMADEIRADA TARKETT DARK BROWN - UNIVERSAL.xlsx
2026-06-23 10:10:20,132 INFO Importado B.O.M. C:\Users\PRODUCAO-2.0\J I MONTADORA DE VEICULOS ESPECIAIS LTDA\JI Montadora - 02 Produção\01 Controle de Produção\01 - Projeto Cadastro\02 - B.O.M\04. CATEGORIA PISO\42 - PP NIVELADOR DE PISO.xlsx
2026-06-23 10:10:20,235 INFO Importado B.O.M. C:\Users\PRODUCAO-2.0\J I MONTADORA DE VEICULOS ESPECIAIS LTDA\JI Montadora - 02 Produção\01 Controle de Produção\01 - Projeto Cadastro\02 - B.O.M\04. CATEGORIA PISO\43 - PP ASSOALHO COMPENSADO NAVAL 700X60.xlsx
2026-06-23 10:10:20,340 INFO Importado B.O.M. C:\Users\PRODUCAO-2.0\J I MONTADORA DE VEICULOS ESPECIAIS LTDA\JI Montadora - 02 Produção\01 Controle de Produção\01 - Projeto Cadastro\02 - B.O.M\04. CATEGORIA PISO\44 - PP ASSOALHO COMPENSADO NAVAL 700X100.xlsx
2026-06-23 10:10:20,457 INFO Importado B.O.M. C:\Users\PRODUCAO-2.0\J I MONTADORA DE VEICULOS ESPECIAIS LTDA\JI Montadora - 02 Produção\01 Controle de Produção\01 - Projeto Cadastro\02 - B.O.M\04. CATEGORIA PISO\45 - CJ APOIO LATERAL PISO.xlsx
2026-06-23 10:10:20,647 INFO Importado B.O.M. C:\Users\PRODUCAO-2.0\J I MONTADORA DE VEICULOS ESPECIAIS LTDA\JI Montadora - 02 Produção\01 Controle de Produção\01 - Projeto Cadastro\02 - B.O.M\04. CATEGORIA PISO\46 - PP SOLEIRA PORTA MALA EXPERT LB 11L ESJ.xlsx
2026-06-23 10:10:20,852 INFO Importado B.O.M. C:\Users\PRODUCAO-2.0\J I MONTADORA DE VEICULOS ESPECIAIS LTDA\JI Montadora - 02 Produção\01 Controle de Produção\01 - Projeto Cadastro\02 - B.O.M\04. CATEGORIA PISO\47 - CJ SOLEIRA PORTA MALA EXPERT LB 11L ESJ LG.xlsx
2026-06-23 10:10:21,047 INFO Importado B.O.M. C:\Users\PRODUCAO-2.0\J I MONTADORA DE VEICULOS ESPECIAIS LTDA\JI Montadora - 02 Produção\01 Controle de Produção\01 - Projeto Cadastro\02 - B.O.M\04. CATEGORIA PISO\48 - PP CANTONEIRA PVC PRETA PORTA TRASEIRA ESJ.xlsx
2026-06-23 10:10:21,293 INFO Importado B.O.M. C:\Users\PRODUCAO-2.0\J I MONTADORA DE VEICULOS ESPECIAIS LTDA\JI Montadora - 02 Produção\01 Controle de Produção\01 - Projeto Cadastro\02 - B.O.M\04. CATEGORIA PISO\49 - PP SOLEIRA PORTA MALA EXPERT LB 9L ESJ.xlsx
2026-06-23 10:10:21,516 INFO Importado B.O.M. C:\Users\PRODUCAO-2.0\J I MONTADORA DE VEICULOS ESPECIAIS LTDA\JI Montadora - 02 Produção\01 Controle de Produção\01 - Projeto Cadastro\02 - B.O.M\04. CATEGORIA PISO\50 - CJ SOLEIRA PORTA MALA EXPERT LB 9L ESJ LG.xlsx
2026-06-23 10:10:21,679 INFO Importado B.O.M. C:\Users\PRODUCAO-2.0\J I MONTADORA DE VEICULOS ESPECIAIS LTDA\JI Montadora - 02 Produção\01 Controle de Produção\01 - Projeto Cadastro\02 - B.O.M\04. CATEGORIA PISO\51 - CJ SOLEIRA PORTA MALA EXPERT LB 9L ESJ - AMA.xlsx
2026-06-23 10:10:21,839 INFO Importado B.O.M. C:\Users\PRODUCAO-2.0\J I MONTADORA DE VEICULOS ESPECIAIS LTDA\JI Montadora - 02 Produção\01 Controle de Produção\01 - Projeto Cadastro\02 - B.O.M\04. CATEGORIA PISO\52 - CJ SOLEIRA PORTA MALA EXPERT LB 11L ESJ - AMA.xlsx
2026-06-23 10:10:21,993 INFO Importado B.O.M. C:\Users\PRODUCAO-2.0\J I MONTADORA DE VEICULOS ESPECIAIS LTDA\JI Montadora - 02 Produção\01 Controle de Produção\01 - Projeto Cadastro\02 - B.O.M\04. CATEGORIA PISO\53 - PP SOLEIRA PORTA MALA ESJ LE 8,9 L.xlsx
2026-06-23 10:10:22,167 INFO Importado B.O.M. C:\Users\PRODUCAO-2.0\J I MONTADORA DE VEICULOS ESPECIAIS LTDA\JI Montadora - 02 Produção\01 Controle de Produção\01 - Projeto Cadastro\02 - B.O.M\04. CATEGORIA PISO\54 - PP CANTONEIRA PVC PRETA SOLEIRA PORTA MALA LE ESJ C. LED.xlsx
2026-06-23 10:10:22,353 INFO Importado B.O.M. C:\Users\PRODUCAO-2.0\J I MONTADORA DE VEICULOS ESPECIAIS LTDA\JI Montadora - 02 Produção\01 Controle de Produção\01 - Projeto Cadastro\02 - B.O.M\04. CATEGORIA PISO\55 - CJ SOLEIRA PORTA MALA ESJ LE 8,9 L - AMADEIRADO.xlsx
2026-06-23 10:10:22,513 INFO Importado B.O.M. C:\Users\PRODUCAO-2.0\J I MONTADORA DE VEICULOS ESPECIAIS LTDA\JI Montadora - 02 Produção\01 Controle de Produção\01 - Projeto Cadastro\02 - B.O.M\04. CATEGORIA PISO\56 - CJ SOLEIRA PORTA MALA ESJ LE 8,9 L - LG BRIGHT.xlsx
2026-06-23 10:10:22,673 INFO Importado B.O.M. C:\Users\PRODUCAO-2.0\J I MONTADORA DE VEICULOS ESPECIAIS LTDA\JI Montadora - 02 Produção\01 Controle de Produção\01 - Projeto Cadastro\02 - B.O.M\05. ACESSORIOS\01 - ACESSORIO CJ EXTINTOR COM SUPORTE ABC 4KG.xlsx
2026-06-23 10:10:22,761 INFO Importado B.O.M. C:\Users\PRODUCAO-2.0\J I MONTADORA DE VEICULOS ESPECIAIS LTDA\JI Montadora - 02 Produção\01 Controle de Produção\01 - Projeto Cadastro\02 - B.O.M\05. ACESSORIOS\02 - CJ TRILHO ALUMINIO FIXACAO 417 14 - 4,3,3,2,2-1 DPM FOCA.xlsx
2026-06-23 10:10:22,849 INFO Importado B.O.M. C:\Users\PRODUCAO-2.0\J I MONTADORA DE VEICULOS ESPECIAIS LTDA\JI Montadora - 02 Produção\01 Controle de Produção\01 - Projeto Cadastro\02 - B.O.M\05. ACESSORIOS\03 - PP TRILHO ALUMINIO FIXACAO BANCO  3300 MM.xlsx
2026-06-23 10:10:22,935 INFO Importado B.O.M. C:\Users\PRODUCAO-2.0\J I MONTADORA DE VEICULOS ESPECIAIS LTDA\JI Montadora - 02 Produção\01 Controle de Produção\01 - Projeto Cadastro\02 - B.O.M\05. ACESSORIOS\04 - PP TRILHO ALUMINIO FIXACAO BANCO  3870 MM.xlsx
2026-06-23 10:10:23,021 INFO Importado B.O.M. C:\Users\PRODUCAO-2.0\J I MONTADORA DE VEICULOS ESPECIAIS LTDA\JI Montadora - 02 Produção\01 Controle de Produção\01 - Projeto Cadastro\02 - B.O.M\05. ACESSORIOS\05 - PP TRILHO ALUMINIO FIXACAO BANCO  600 MM.xlsx
2026-06-23 10:10:23,108 INFO Importado B.O.M. C:\Users\PRODUCAO-2.0\J I MONTADORA DE VEICULOS ESPECIAIS LTDA\JI Montadora - 02 Produção\01 Controle de Produção\01 - Projeto Cadastro\02 - B.O.M\05. ACESSORIOS\06 - CJ TRILHO ALUMINIO FIXACAO 417 10 - 4,3,3,3.xlsx
2026-06-23 10:10:23,198 INFO Importado B.O.M. C:\Users\PRODUCAO-2.0\J I MONTADORA DE VEICULOS ESPECIAIS LTDA\JI Montadora - 02 Produção\01 Controle de Produção\01 - Projeto Cadastro\02 - B.O.M\05. ACESSORIOS\07 - PP TRILHO ALUMINIO FIXACAO BANCO  2900 MM.xlsx
2026-06-23 10:10:23,293 INFO Importado B.O.M. C:\Users\PRODUCAO-2.0\J I MONTADORA DE VEICULOS ESPECIAIS LTDA\JI Montadora - 02 Produção\01 Controle de Produção\01 - Projeto Cadastro\02 - B.O.M\05. ACESSORIOS\08 - PP TRILHO ALUMINIO FIXACAO BANCO  2400 MM.xlsx
2026-06-23 10:10:23,387 INFO Importado B.O.M. C:\Users\PRODUCAO-2.0\J I MONTADORA DE VEICULOS ESPECIAIS LTDA\JI Montadora - 02 Produção\01 Controle de Produção\01 - Projeto Cadastro\02 - B.O.M\05. ACESSORIOS\09 - PP TRILHO ALUMINIO FIXACAO BANCO  500 MM.xlsx
2026-06-23 10:10:23,607 INFO Importado B.O.M. C:\Users\PRODUCAO-2.0\J I MONTADORA DE VEICULOS ESPECIAIS LTDA\JI Montadora - 02 Produção\01 Controle de Produção\01 - Projeto Cadastro\02 - B.O.M\05. ACESSORIOS\10 - CJ ARANDELA PLASTICA JI MONTADORA.xlsx
2026-06-23 10:10:23,765 INFO Importado B.O.M. C:\Users\PRODUCAO-2.0\J I MONTADORA DE VEICULOS ESPECIAIS LTDA\JI Montadora - 02 Produção\01 Controle de Produção\01 - Projeto Cadastro\02 - B.O.M\05. ACESSORIOS\11 - PP CAIXA MADEIRA SUPORTE GELADEIRA CAB 18L ESJ.xlsx
2026-06-23 10:10:23,927 INFO Importado B.O.M. C:\Users\PRODUCAO-2.0\J I MONTADORA DE VEICULOS ESPECIAIS LTDA\JI Montadora - 02 Produção\01 Controle de Produção\01 - Projeto Cadastro\02 - B.O.M\05. ACESSORIOS\12 - PP CAPACHO ESJ PORTA LATERAL MOTORISTA LE.xlsx
2026-06-23 10:10:24,089 INFO Importado B.O.M. C:\Users\PRODUCAO-2.0\J I MONTADORA DE VEICULOS ESPECIAIS LTDA\JI Montadora - 02 Produção\01 Controle de Produção\01 - Projeto Cadastro\02 - B.O.M\05. ACESSORIOS\13 - PP CAPACHO ESJ PORTA LATERAL CARONA LD.xlsx
2026-06-23 10:10:24,249 INFO Importado B.O.M. C:\Users\PRODUCAO-2.0\J I MONTADORA DE VEICULOS ESPECIAIS LTDA\JI Montadora - 02 Produção\01 Controle de Produção\01 - Projeto Cadastro\02 - B.O.M\05. ACESSORIOS\14 - PP CAPACHO ESJ PORTA LATERAL LE ESJ.xlsx
2026-06-23 10:10:24,427 INFO Importado B.O.M. C:\Users\PRODUCAO-2.0\J I MONTADORA DE VEICULOS ESPECIAIS LTDA\JI Montadora - 02 Produção\01 Controle de Produção\01 - Projeto Cadastro\02 - B.O.M\05. ACESSORIOS\15 - CJ COMPLETO CAPACHO PORTAS ESJ.xlsx
2026-06-23 10:10:24,601 INFO Importado B.O.M. C:\Users\PRODUCAO-2.0\J I MONTADORA DE VEICULOS ESPECIAIS LTDA\JI Montadora - 02 Produção\01 Controle de Produção\01 - Projeto Cadastro\02 - B.O.M\05. ACESSORIOS\16 - ACESSORIO CJ TAPETE SALAO BOUCLE ESJ.xlsx
2026-06-23 10:10:24,775 INFO Importado B.O.M. C:\Users\PRODUCAO-2.0\J I MONTADORA DE VEICULOS ESPECIAIS LTDA\JI Montadora - 02 Produção\01 Controle de Produção\01 - Projeto Cadastro\02 - B.O.M\05. ACESSORIOS\17 - CJ CORTINA VELUDO PRETA PORTAS ESJ.xlsx
2026-06-23 10:10:24,947 INFO Importado B.O.M. C:\Users\PRODUCAO-2.0\J I MONTADORA DE VEICULOS ESPECIAIS LTDA\JI Montadora - 02 Produção\01 Controle de Produção\01 - Projeto Cadastro\02 - B.O.M\05. ACESSORIOS\18 - CJ TUBO ALUMINIO DOBRADO CORTINA ESJ EMBUTIDA C-CLASS.xlsx
2026-06-23 10:10:25,114 INFO Importado B.O.M. C:\Users\PRODUCAO-2.0\J I MONTADORA DE VEICULOS ESPECIAIS LTDA\JI Montadora - 02 Produção\01 Controle de Produção\01 - Projeto Cadastro\02 - B.O.M\05. ACESSORIOS\19 - CJ CORTINA VELUDO PRETA SALAO ESJ C-CLASS SEM PORTAS.xlsx
2026-06-23 10:10:25,339 INFO Importado B.O.M. C:\Users\PRODUCAO-2.0\J I MONTADORA DE VEICULOS ESPECIAIS LTDA\JI Montadora - 02 Produção\01 Controle de Produção\01 - Projeto Cadastro\02 - B.O.M\05. ACESSORIOS\20 - PP TUBO INFERIOR ALUMINIO CORTINA 1º VAO LE ESJ C-CLASS.xlsx
2026-06-23 10:10:25,615 INFO Importado B.O.M. C:\Users\PRODUCAO-2.0\J I MONTADORA DE VEICULOS ESPECIAIS LTDA\JI Montadora - 02 Produção\01 Controle de Produção\01 - Projeto Cadastro\02 - B.O.M\05. ACESSORIOS\21 - PP TUBO INFERIOR ALUMINIO CORTINA 2º VAO LE ESJ C-CLASS.xlsx
2026-06-23 10:10:25,850 INFO Importado B.O.M. C:\Users\PRODUCAO-2.0\J I MONTADORA DE VEICULOS ESPECIAIS LTDA\JI Montadora - 02 Produção\01 Controle de Produção\01 - Projeto Cadastro\02 - B.O.M\05. ACESSORIOS\22 - PP TUBO INFERIOR ALUMINIO CORTINA 2º VAO LD ESJ C-CLASS.xlsx
2026-06-23 10:10:26,086 INFO Importado B.O.M. C:\Users\PRODUCAO-2.0\J I MONTADORA DE VEICULOS ESPECIAIS LTDA\JI Montadora - 02 Produção\01 Controle de Produção\01 - Projeto Cadastro\02 - B.O.M\05. ACESSORIOS\23 - PP TUBO SUPERIOR ALUMINIO CORTINA 1º VAO LE ESJ C-CLASS.xlsx
2026-06-23 10:10:26,312 INFO Importado B.O.M. C:\Users\PRODUCAO-2.0\J I MONTADORA DE VEICULOS ESPECIAIS LTDA\JI Montadora - 02 Produção\01 Controle de Produção\01 - Projeto Cadastro\02 - B.O.M\05. ACESSORIOS\24 - PP TUBO SUPERIOR ALUMINIO CORTINA 2º VAO LE ESJ C-CLASS.xlsx
2026-06-23 10:10:26,489 INFO Importado B.O.M. C:\Users\PRODUCAO-2.0\J I MONTADORA DE VEICULOS ESPECIAIS LTDA\JI Montadora - 02 Produção\01 Controle de Produção\01 - Projeto Cadastro\02 - B.O.M\05. ACESSORIOS\25 - PP TUBO SUPERIOR ALUMINIO CORTINA 2º VAO LD ESJ C-CLASS.xlsx
2026-06-23 10:10:26,674 INFO Importado B.O.M. C:\Users\PRODUCAO-2.0\J I MONTADORA DE VEICULOS ESPECIAIS LTDA\JI Montadora - 02 Produção\01 Controle de Produção\01 - Projeto Cadastro\02 - B.O.M\05. ACESSORIOS\26 - PP TUBO INFERIOR ALUMINIO CORTINA PORTA LATERAL ESJ.xlsx
2026-06-23 10:10:26,842 INFO Importado B.O.M. C:\Users\PRODUCAO-2.0\J I MONTADORA DE VEICULOS ESPECIAIS LTDA\JI Montadora - 02 Produção\01 Controle de Produção\01 - Projeto Cadastro\02 - B.O.M\05. ACESSORIOS\27 - PP TUBO SUPERIOR ALUMINIO CORTINA PORTA LATERAL ESJ.xlsx
2026-06-23 10:10:27,021 INFO Importado B.O.M. C:\Users\PRODUCAO-2.0\J I MONTADORA DE VEICULOS ESPECIAIS LTDA\JI Montadora - 02 Produção\01 Controle de Produção\01 - Projeto Cadastro\02 - B.O.M\05. ACESSORIOS\28 - PP TUBO INFERIOR ALUMINIO CORTINA PORTA TRASEIRA LE ESJ.xlsx
2026-06-23 10:10:27,281 INFO Importado B.O.M. C:\Users\PRODUCAO-2.0\J I MONTADORA DE VEICULOS ESPECIAIS LTDA\JI Montadora - 02 Produção\01 Controle de Produção\01 - Projeto Cadastro\02 - B.O.M\05. ACESSORIOS\29 - PP TUBO INFERIOR ALUMINIO CORTINA PORTA TRASEIRA LD ESJ.xlsx
2026-06-23 10:10:27,524 INFO Importado B.O.M. C:\Users\PRODUCAO-2.0\J I MONTADORA DE VEICULOS ESPECIAIS LTDA\JI Montadora - 02 Produção\01 Controle de Produção\01 - Projeto Cadastro\02 - B.O.M\05. ACESSORIOS\30 - PP TUBO SUPERIOR ALUMINIO CORTINA PORTA TRASEIRA LE ESJ.xlsx
2026-06-23 10:10:27,703 INFO Importado B.O.M. C:\Users\PRODUCAO-2.0\J I MONTADORA DE VEICULOS ESPECIAIS LTDA\JI Montadora - 02 Produção\01 Controle de Produção\01 - Projeto Cadastro\02 - B.O.M\05. ACESSORIOS\31 - PP TUBO SUPERIOR ALUMINIO CORTINA PORTA TRASEIRA LD ESJ.xlsx
2026-06-23 10:10:27,877 INFO Importado B.O.M. C:\Users\PRODUCAO-2.0\J I MONTADORA DE VEICULOS ESPECIAIS LTDA\JI Montadora - 02 Produção\01 Controle de Produção\01 - Projeto Cadastro\02 - B.O.M\05. ACESSORIOS\32 - PP SUPORTE FIXO CABIDE - GANCHO CABIDEIRO MARCOPOLO CINZA RAL 7021 PU - TI.01.J04.xlsx
2026-06-23 10:10:28,042 INFO Importado B.O.M. C:\Users\PRODUCAO-2.0\J I MONTADORA DE VEICULOS ESPECIAIS LTDA\JI Montadora - 02 Produção\01 Controle de Produção\01 - Projeto Cadastro\02 - B.O.M\05. ACESSORIOS\33 - PP PC REVIS MOVEL LAT PRFV ESJ C-CLA 1º VAO LE INT REVE CARP.xlsx
2026-06-23 10:10:28,209 INFO Importado B.O.M. C:\Users\PRODUCAO-2.0\J I MONTADORA DE VEICULOS ESPECIAIS LTDA\JI Montadora - 02 Produção\01 Controle de Produção\01 - Projeto Cadastro\02 - B.O.M\05. ACESSORIOS\34 - PP PC FUNDO MOVEL LAT PRFV ESJ C-CLA 1º VAO LE REVE CARP.xlsx
2026-06-23 10:10:28,379 INFO Importado B.O.M. C:\Users\PRODUCAO-2.0\J I MONTADORA DE VEICULOS ESPECIAIS LTDA\JI Montadora - 02 Produção\01 Controle de Produção\01 - Projeto Cadastro\02 - B.O.M\05. ACESSORIOS\35 - PP FUNDO MOVEL LAT PRFV ESJ C-CLA 2º VAO LD INT REVE CARP.xlsx
2026-06-23 10:10:28,583 INFO Importado B.O.M. C:\Users\PRODUCAO-2.0\J I MONTADORA DE VEICULOS ESPECIAIS LTDA\JI Montadora - 02 Produção\01 Controle de Produção\01 - Projeto Cadastro\02 - B.O.M\05. ACESSORIOS\36 - PP MOVEL LAT PRFV ESJ C-CLA 2º VAO LD INT REVE CARP.xlsx
2026-06-23 10:10:28,819 INFO Importado B.O.M. C:\Users\PRODUCAO-2.0\J I MONTADORA DE VEICULOS ESPECIAIS LTDA\JI Montadora - 02 Produção\01 Controle de Produção\01 - Projeto Cadastro\02 - B.O.M\05. ACESSORIOS\37 - PP MOVEL LAT PRFV ESJ C-CLA 1º VAO LE REVE CARP.xlsx
2026-06-23 10:10:29,051 INFO Importado B.O.M. C:\Users\PRODUCAO-2.0\J I MONTADORA DE VEICULOS ESPECIAIS LTDA\JI Montadora - 02 Produção\01 Controle de Produção\01 - Projeto Cadastro\02 - B.O.M\05. ACESSORIOS\38 - PP PC MOVEL LAT PRFV ESJ C-CLA 1º VAO LE REVE MARROM.xlsx
2026-06-23 10:10:29,295 INFO Importado B.O.M. C:\Users\PRODUCAO-2.0\J I MONTADORA DE VEICULOS ESPECIAIS LTDA\JI Montadora - 02 Produção\01 Controle de Produção\01 - Projeto Cadastro\02 - B.O.M\05. ACESSORIOS\39 - PP PC REVIS MOVEL LAT PRFV ESJ C-CLA 1º VAO LE REVE MARROM.xlsx
2026-06-23 10:10:29,498 INFO Importado B.O.M. C:\Users\PRODUCAO-2.0\J I MONTADORA DE VEICULOS ESPECIAIS LTDA\JI Montadora - 02 Produção\01 Controle de Produção\01 - Projeto Cadastro\02 - B.O.M\05. ACESSORIOS\40 - PP PC MOVEL LAT PRFV ESJ C-CLA 2º VAO LE REVE MARROM.xlsx
2026-06-23 10:10:29,754 INFO Importado B.O.M. C:\Users\PRODUCAO-2.0\J I MONTADORA DE VEICULOS ESPECIAIS LTDA\JI Montadora - 02 Produção\01 Controle de Produção\01 - Projeto Cadastro\02 - B.O.M\05. ACESSORIOS\41 - PP MOVEL LAT PRFV ESJ C-CLA 2º VAO LD REVE MARROM.xlsx
2026-06-23 10:10:29,997 INFO Importado B.O.M. C:\Users\PRODUCAO-2.0\J I MONTADORA DE VEICULOS ESPECIAIS LTDA\JI Montadora - 02 Produção\01 Controle de Produção\01 - Projeto Cadastro\02 - B.O.M\05. ACESSORIOS\42 - PP PC MOVEL LAT PRFV ESJ C-CLA 1º VAO LE REVE PRETO.xlsx
2026-06-23 10:10:30,243 INFO Importado B.O.M. C:\Users\PRODUCAO-2.0\J I MONTADORA DE VEICULOS ESPECIAIS LTDA\JI Montadora - 02 Produção\01 Controle de Produção\01 - Projeto Cadastro\02 - B.O.M\05. ACESSORIOS\43 - PP PC REVIS MOVEL LAT PRFV ESJ C-CLA 1º VAO LE REVE PRETO.xlsx
2026-06-23 10:10:30,446 INFO Importado B.O.M. C:\Users\PRODUCAO-2.0\J I MONTADORA DE VEICULOS ESPECIAIS LTDA\JI Montadora - 02 Produção\01 Controle de Produção\01 - Projeto Cadastro\02 - B.O.M\05. ACESSORIOS\44 - PP PC MOVEL LAT PRFV ESJ C-CLA 2º VAO LE REVE PRETO.xlsx
2026-06-23 10:10:30,663 INFO Importado B.O.M. C:\Users\PRODUCAO-2.0\J I MONTADORA DE VEICULOS ESPECIAIS LTDA\JI Montadora - 02 Produção\01 Controle de Produção\01 - Projeto Cadastro\02 - B.O.M\05. ACESSORIOS\45 - PP MOVEL LAT PRFV ESJ C-CLA 2º VAO LD REVE PRETO.xlsx
2026-06-23 10:10:30,938 INFO Importado B.O.M. C:\Users\PRODUCAO-2.0\J I MONTADORA DE VEICULOS ESPECIAIS LTDA\JI Montadora - 02 Produção\01 Controle de Produção\01 - Projeto Cadastro\02 - B.O.M\05. ACESSORIOS\46 - PP PC MOVEL LAT PRFV ESJ C-CLA 1º VAO LE REVE BEGE.xlsx
2026-06-23 10:10:31,197 INFO Importado B.O.M. C:\Users\PRODUCAO-2.0\J I MONTADORA DE VEICULOS ESPECIAIS LTDA\JI Montadora - 02 Produção\01 Controle de Produção\01 - Projeto Cadastro\02 - B.O.M\05. ACESSORIOS\47 - PP PC REVIS MOVEL LAT PRFV ESJ C-CLA 1º VAO LE REVE BEGE.xlsx
2026-06-23 10:10:31,438 INFO Importado B.O.M. C:\Users\PRODUCAO-2.0\J I MONTADORA DE VEICULOS ESPECIAIS LTDA\JI Montadora - 02 Produção\01 Controle de Produção\01 - Projeto Cadastro\02 - B.O.M\05. ACESSORIOS\48 - PP PC MOVEL LAT PRFV ESJ C-CLA 2º VAO LE REVE BEGE.xlsx
2026-06-23 10:10:31,649 INFO Importado B.O.M. C:\Users\PRODUCAO-2.0\J I MONTADORA DE VEICULOS ESPECIAIS LTDA\JI Montadora - 02 Produção\01 Controle de Produção\01 - Projeto Cadastro\02 - B.O.M\05. ACESSORIOS\49 - PP MOVEL LAT PRFV ESJ C-CLA 2º VAO LD REVE BEGE.xlsx
2026-06-23 10:10:31,848 INFO Importado B.O.M. C:\Users\PRODUCAO-2.0\J I MONTADORA DE VEICULOS ESPECIAIS LTDA\JI Montadora - 02 Produção\01 Controle de Produção\01 - Projeto Cadastro\02 - B.O.M\05. ACESSORIOS\50 - PP PC TAMPO SUP ACRILICO PRETO MOVEL LATERAL ESJ C-CLASS 1º VAO LE.xlsx
2026-06-23 10:10:32,055 INFO Importado B.O.M. C:\Users\PRODUCAO-2.0\J I MONTADORA DE VEICULOS ESPECIAIS LTDA\JI Montadora - 02 Produção\01 Controle de Produção\01 - Projeto Cadastro\02 - B.O.M\05. ACESSORIOS\51 - PP PC TAMPO INF ACRILICO PRETO MOVEL LATERAL ESJ C-CLASS 1º VAO LE.xlsx
2026-06-23 10:10:32,282 INFO Importado B.O.M. C:\Users\PRODUCAO-2.0\J I MONTADORA DE VEICULOS ESPECIAIS LTDA\JI Montadora - 02 Produção\01 Controle de Produção\01 - Projeto Cadastro\02 - B.O.M\05. ACESSORIOS\52 - PP PC TAMPO SUP ACRILICO PRETO MOVEL LATERAL ESJ C-CLASS 2º VAO LD.xlsx
2026-06-23 10:10:32,492 INFO Importado B.O.M. C:\Users\PRODUCAO-2.0\J I MONTADORA DE VEICULOS ESPECIAIS LTDA\JI Montadora - 02 Produção\01 Controle de Produção\01 - Projeto Cadastro\02 - B.O.M\05. ACESSORIOS\53 - PP PC TAMPO INF ACRILICO PRETO MOVEL LATERAL ESJ C-CLASS 2º VAO LD.xlsx
2026-06-23 10:10:32,735 INFO Importado B.O.M. C:\Users\PRODUCAO-2.0\J I MONTADORA DE VEICULOS ESPECIAIS LTDA\JI Montadora - 02 Produção\01 Controle de Produção\01 - Projeto Cadastro\02 - B.O.M\05. ACESSORIOS\54 - PP PC TAMPO SUP ACRILICO PRETO MOVEL LATERAL ESJ C-CLASS 2º VAO LE.xlsx
2026-06-23 10:10:32,945 INFO Importado B.O.M. C:\Users\PRODUCAO-2.0\J I MONTADORA DE VEICULOS ESPECIAIS LTDA\JI Montadora - 02 Produção\01 Controle de Produção\01 - Projeto Cadastro\02 - B.O.M\05. ACESSORIOS\55 - PP PC TAMPO INF ACRILICO PRETO MOVEL LATERAL ESJ C-CLASS 2º VAO LE.xlsx
2026-06-23 10:10:33,187 INFO Importado B.O.M. C:\Users\PRODUCAO-2.0\J I MONTADORA DE VEICULOS ESPECIAIS LTDA\JI Montadora - 02 Produção\01 Controle de Produção\01 - Projeto Cadastro\02 - B.O.M\05. ACESSORIOS\56 - PP PC TAMPO CENTRAL ACRILICO CRISTAL MOVEL LATERAL ESJ C-CLA 1º VAO LE.xlsx
2026-06-23 10:10:33,419 INFO Importado B.O.M. C:\Users\PRODUCAO-2.0\J I MONTADORA DE VEICULOS ESPECIAIS LTDA\JI Montadora - 02 Produção\01 Controle de Produção\01 - Projeto Cadastro\02 - B.O.M\05. ACESSORIOS\57 - PP PC TAMPO CENTRAL ACRILICO CRISTAL MOVEL LATERAL ESJ C-CLA 2º VAO LD.xlsx
2026-06-23 10:10:33,666 INFO Importado B.O.M. C:\Users\PRODUCAO-2.0\J I MONTADORA DE VEICULOS ESPECIAIS LTDA\JI Montadora - 02 Produção\01 Controle de Produção\01 - Projeto Cadastro\02 - B.O.M\05. ACESSORIOS\58 - PP PC TAMPO CENTRAL ACRILICO CRISTAL MOVEL LATERAL ESJ C-CLA 2º VAO LE.xlsx
2026-06-23 10:10:33,898 INFO Importado B.O.M. C:\Users\PRODUCAO-2.0\J I MONTADORA DE VEICULOS ESPECIAIS LTDA\JI Montadora - 02 Produção\01 Controle de Produção\01 - Projeto Cadastro\02 - B.O.M\05. ACESSORIOS\59 - CJ TAMPO ACRIL MOVEL LAT ESJ C-CLA 1º VAO LE.xlsx
2026-06-23 10:10:34,154 INFO Importado B.O.M. C:\Users\PRODUCAO-2.0\J I MONTADORA DE VEICULOS ESPECIAIS LTDA\JI Montadora - 02 Produção\01 Controle de Produção\01 - Projeto Cadastro\02 - B.O.M\05. ACESSORIOS\60 - CJ TAMPO ACRIL MOVEL LAT ESJ C-CLA 2º VAO LE.xlsx
2026-06-23 10:10:34,390 INFO Importado B.O.M. C:\Users\PRODUCAO-2.0\J I MONTADORA DE VEICULOS ESPECIAIS LTDA\JI Montadora - 02 Produção\01 Controle de Produção\01 - Projeto Cadastro\02 - B.O.M\05. ACESSORIOS\61 - CJ TAMPO ACRIL MOVEL LAT ESJ C-CLA 2º VAO LD.xlsx
2026-06-23 10:10:34,627 INFO Importado B.O.M. C:\Users\PRODUCAO-2.0\J I MONTADORA DE VEICULOS ESPECIAIS LTDA\JI Montadora - 02 Produção\01 Controle de Produção\01 - Projeto Cadastro\02 - B.O.M\05. ACESSORIOS\62 - CJ MOVEL LATERAL MARROM ESJ C-CLASS 1º VAO LE.xlsx
2026-06-23 10:10:34,879 INFO Importado B.O.M. C:\Users\PRODUCAO-2.0\J I MONTADORA DE VEICULOS ESPECIAIS LTDA\JI Montadora - 02 Produção\01 Controle de Produção\01 - Projeto Cadastro\02 - B.O.M\05. ACESSORIOS\62 - CJ MOVEL LATERAL PRETO ESJ C-CLASS 1º VAO LE.xlsx
2026-06-23 10:10:35,119 INFO Importado B.O.M. C:\Users\PRODUCAO-2.0\J I MONTADORA DE VEICULOS ESPECIAIS LTDA\JI Montadora - 02 Produção\01 Controle de Produção\01 - Projeto Cadastro\02 - B.O.M\05. ACESSORIOS\63 - CJ MOVEL LATERAL BEGE ESJ C-CLASS 1º VAO LE.xlsx
2026-06-23 10:10:35,350 INFO Importado B.O.M. C:\Users\PRODUCAO-2.0\J I MONTADORA DE VEICULOS ESPECIAIS LTDA\JI Montadora - 02 Produção\01 Controle de Produção\01 - Projeto Cadastro\02 - B.O.M\05. ACESSORIOS\64 - CJ MOVEL LATERAL MARROM ESJ C-CLASS 2º VAO LE.xlsx
2026-06-23 10:10:35,591 INFO Importado B.O.M. C:\Users\PRODUCAO-2.0\J I MONTADORA DE VEICULOS ESPECIAIS LTDA\JI Montadora - 02 Produção\01 Controle de Produção\01 - Projeto Cadastro\02 - B.O.M\05. ACESSORIOS\64 - CJ MOVEL LATERAL PRETO ESJ C-CLASS 2º VAO LE.xlsx
2026-06-23 10:10:35,813 INFO Importado B.O.M. C:\Users\PRODUCAO-2.0\J I MONTADORA DE VEICULOS ESPECIAIS LTDA\JI Montadora - 02 Produção\01 Controle de Produção\01 - Projeto Cadastro\02 - B.O.M\05. ACESSORIOS\65 - CJ MOVEL LATERAL BEGE ESJ C-CLASS 2º VAO LE.xlsx
2026-06-23 10:10:36,045 INFO Importado B.O.M. C:\Users\PRODUCAO-2.0\J I MONTADORA DE VEICULOS ESPECIAIS LTDA\JI Montadora - 02 Produção\01 Controle de Produção\01 - Projeto Cadastro\02 - B.O.M\05. ACESSORIOS\66 - CJ MOVEL LATERAL MARROM ESJ C-CLASS 2º VAO LD.xlsx
2026-06-23 10:10:36,270 INFO Importado B.O.M. C:\Users\PRODUCAO-2.0\J I MONTADORA DE VEICULOS ESPECIAIS LTDA\JI Montadora - 02 Produção\01 Controle de Produção\01 - Projeto Cadastro\02 - B.O.M\05. ACESSORIOS\67 - CJ MOVEL LATERAL PRETO ESJ C-CLASS 2º VAO LD.xlsx
2026-06-23 10:10:36,510 INFO Importado B.O.M. C:\Users\PRODUCAO-2.0\J I MONTADORA DE VEICULOS ESPECIAIS LTDA\JI Montadora - 02 Produção\01 Controle de Produção\01 - Projeto Cadastro\02 - B.O.M\05. ACESSORIOS\68 - CJ MOVEL LATERAL BEGE ESJ C-CLASS 2º VAO LD.xlsx
2026-06-23 10:10:36,729 INFO Importado B.O.M. C:\Users\PRODUCAO-2.0\J I MONTADORA DE VEICULOS ESPECIAIS LTDA\JI Montadora - 02 Produção\01 Controle de Produção\01 - Projeto Cadastro\02 - B.O.M\05. ACESSORIOS\69 - CJ COMPLETO LIGACAO GELADEIRA ELBER CAB 18L ESJ.xlsx
2026-06-23 10:10:36,857 INFO Importado B.O.M. C:\Users\PRODUCAO-2.0\J I MONTADORA DE VEICULOS ESPECIAIS LTDA\JI Montadora - 02 Produção\01 Controle de Produção\01 - Projeto Cadastro\02 - B.O.M\05. ACESSORIOS\70 - CJ TRILHO ALUMINIO FIXACAO 417 14 - 1E,1E,1E,1D PTA.xlsx
2026-06-23 10:10:36,967 INFO Importado B.O.M. C:\Users\PRODUCAO-2.0\J I MONTADORA DE VEICULOS ESPECIAIS LTDA\JI Montadora - 02 Produção\01 Controle de Produção\01 - Projeto Cadastro\02 - B.O.M\05. ACESSORIOS\71 - CJ TRILHO ALUMINIO FIXACAO 417 10 - 4,3,3,2-1 DPM.xlsx
2026-06-23 10:10:37,095 INFO Importado B.O.M. C:\Users\PRODUCAO-2.0\J I MONTADORA DE VEICULOS ESPECIAIS LTDA\JI Montadora - 02 Produção\01 Controle de Produção\01 - Projeto Cadastro\02 - B.O.M\05. ACESSORIOS\72 - CJ TRILHO ALUMINIO FIXACAO 517 15 - 4,2-1,2,3,3,3.xlsx
2026-06-23 10:10:37,211 INFO Importado B.O.M. C:\Users\PRODUCAO-2.0\J I MONTADORA DE VEICULOS ESPECIAIS LTDA\JI Montadora - 02 Produção\01 Controle de Produção\01 - Projeto Cadastro\02 - B.O.M\06. TRANSFORMAÇÃO\01 - JI CONFORT MASTER L3H2 SELADO ESSENCIAL.xlsx
2026-06-23 10:10:37,347 INFO Importado B.O.M. C:\Users\PRODUCAO-2.0\J I MONTADORA DE VEICULOS ESPECIAIS LTDA\JI Montadora - 02 Produção\01 Controle de Produção\01 - Projeto Cadastro\02 - B.O.M\06. TRANSFORMAÇÃO\02 - JI CONFORT MASTER L3H2 VISTA ESSENCIAL.xlsx
2026-06-23 10:10:37,474 INFO Importado B.O.M. C:\Users\PRODUCAO-2.0\J I MONTADORA DE VEICULOS ESPECIAIS LTDA\JI Montadora - 02 Produção\01 Controle de Produção\01 - Projeto Cadastro\02 - B.O.M\06. TRANSFORMAÇÃO\03 - JI CONFORT MASTER L3H2 VISTA PLUS.xlsx
2026-06-23 10:10:37,588 INFO Importado B.O.M. C:\Users\PRODUCAO-2.0\J I MONTADORA DE VEICULOS ESPECIAIS LTDA\JI Montadora - 02 Produção\01 Controle de Produção\01 - Projeto Cadastro\02 - B.O.M\06. TRANSFORMAÇÃO\04 - JI CONFORT MASTER L3H2 VITRE ESSENCIAL.xlsx
2026-06-23 10:10:37,722 INFO Importado B.O.M. C:\Users\PRODUCAO-2.0\J I MONTADORA DE VEICULOS ESPECIAIS LTDA\JI Montadora - 02 Produção\01 Controle de Produção\01 - Projeto Cadastro\02 - B.O.M\06. TRANSFORMAÇÃO\05 - JI CONFORT MASTER L3H2 VITRE PLUS.xlsx
2026-06-23 10:10:37,853 INFO Importado B.O.M. C:\Users\PRODUCAO-2.0\J I MONTADORA DE VEICULOS ESPECIAIS LTDA\JI Montadora - 02 Produção\01 Controle de Produção\01 - Projeto Cadastro\02 - B.O.M\06. TRANSFORMAÇÃO\06 - JI CONFORT MASTER L3H2 SELADO PLUS.xlsx
2026-06-23 10:10:37,967 INFO Importado B.O.M. C:\Users\PRODUCAO-2.0\J I MONTADORA DE VEICULOS ESPECIAIS LTDA\JI Montadora - 02 Produção\01 Controle de Produção\01 - Projeto Cadastro\02 - B.O.M\06. TRANSFORMAÇÃO\07 - JI CONFORT MASTER L2H2 SELADO ESSENCIAL.xlsx
2026-06-23 10:10:38,075 INFO Importado B.O.M. C:\Users\PRODUCAO-2.0\J I MONTADORA DE VEICULOS ESPECIAIS LTDA\JI Montadora - 02 Produção\01 Controle de Produção\01 - Projeto Cadastro\02 - B.O.M\06. TRANSFORMAÇÃO\08 - JI CONFORT MASTER L2H2 SELADO PLUS.xlsx
2026-06-23 10:10:38,195 INFO Importado B.O.M. C:\Users\PRODUCAO-2.0\J I MONTADORA DE VEICULOS ESPECIAIS LTDA\JI Montadora - 02 Produção\01 Controle de Produção\01 - Projeto Cadastro\02 - B.O.M\06. TRANSFORMAÇÃO\09 - JI CONFORT MASTER L2H2 VISTA ESSENCIAL.xlsx
2026-06-23 10:10:38,310 INFO Importado B.O.M. C:\Users\PRODUCAO-2.0\J I MONTADORA DE VEICULOS ESPECIAIS LTDA\JI Montadora - 02 Produção\01 Controle de Produção\01 - Projeto Cadastro\02 - B.O.M\06. TRANSFORMAÇÃO\10 - JI CONFORT MASTER L2H2 VISTA PLUS.xlsx
2026-06-23 10:10:38,436 INFO Importado B.O.M. C:\Users\PRODUCAO-2.0\J I MONTADORA DE VEICULOS ESPECIAIS LTDA\JI Montadora - 02 Produção\01 Controle de Produção\01 - Projeto Cadastro\02 - B.O.M\06. TRANSFORMAÇÃO\11 - JI CONFORT E-S-J TB SELADO.xlsx
2026-06-23 10:10:38,545 INFO Importado B.O.M. C:\Users\PRODUCAO-2.0\J I MONTADORA DE VEICULOS ESPECIAIS LTDA\JI Montadora - 02 Produção\01 Controle de Produção\01 - Projeto Cadastro\02 - B.O.M\06. TRANSFORMAÇÃO\12 - JI CONFORT E-S-J TB VISTA.xlsx
2026-06-23 10:10:38,665 INFO Importado B.O.M. C:\Users\PRODUCAO-2.0\J I MONTADORA DE VEICULOS ESPECIAIS LTDA\JI Montadora - 02 Produção\01 Controle de Produção\01 - Projeto Cadastro\02 - B.O.M\06. TRANSFORMAÇÃO\13 - JI CONFORT E-S-J TB VITRE.xlsx
2026-06-23 10:10:38,782 INFO Importado B.O.M. C:\Users\PRODUCAO-2.0\J I MONTADORA DE VEICULOS ESPECIAIS LTDA\JI Montadora - 02 Produção\01 Controle de Produção\01 - Projeto Cadastro\02 - B.O.M\06. TRANSFORMAÇÃO\14 - JI URBAN E-S-J TB SELADO.xlsx
2026-06-23 10:10:38,898 INFO Importado B.O.M. C:\Users\PRODUCAO-2.0\J I MONTADORA DE VEICULOS ESPECIAIS LTDA\JI Montadora - 02 Produção\01 Controle de Produção\01 - Projeto Cadastro\02 - B.O.M\06. TRANSFORMAÇÃO\15 - JI URBAN E-S-J TB VISTA.xlsx
2026-06-23 10:10:39,011 INFO Importado B.O.M. C:\Users\PRODUCAO-2.0\J I MONTADORA DE VEICULOS ESPECIAIS LTDA\JI Montadora - 02 Produção\01 Controle de Produção\01 - Projeto Cadastro\02 - B.O.M\06. TRANSFORMAÇÃO\16 - JI URBAN E-S-J TB VITRE.xlsx
2026-06-23 10:10:39,120 INFO Importado B.O.M. C:\Users\PRODUCAO-2.0\J I MONTADORA DE VEICULOS ESPECIAIS LTDA\JI Montadora - 02 Produção\01 Controle de Produção\01 - Projeto Cadastro\02 - B.O.M\06. TRANSFORMAÇÃO\17 - JI CONFORT E-J TA SELADO.xlsx
2026-06-23 10:10:39,247 INFO Importado B.O.M. C:\Users\PRODUCAO-2.0\J I MONTADORA DE VEICULOS ESPECIAIS LTDA\JI Montadora - 02 Produção\01 Controle de Produção\01 - Projeto Cadastro\02 - B.O.M\06. TRANSFORMAÇÃO\18 - JI CONFORT E-J TA VISTA.xlsx
2026-06-23 10:10:39,360 INFO Importado B.O.M. C:\Users\PRODUCAO-2.0\J I MONTADORA DE VEICULOS ESPECIAIS LTDA\JI Montadora - 02 Produção\01 Controle de Produção\01 - Projeto Cadastro\02 - B.O.M\06. TRANSFORMAÇÃO\19 - JI CONFORT E-J TA VITRE.xlsx
2026-06-23 10:10:39,473 INFO Importado B.O.M. C:\Users\PRODUCAO-2.0\J I MONTADORA DE VEICULOS ESPECIAIS LTDA\JI Montadora - 02 Produção\01 Controle de Produção\01 - Projeto Cadastro\02 - B.O.M\06. TRANSFORMAÇÃO\20 - JI URBAN E-J TA SELADO.xlsx
2026-06-23 10:10:39,593 INFO Importado B.O.M. C:\Users\PRODUCAO-2.0\J I MONTADORA DE VEICULOS ESPECIAIS LTDA\JI Montadora - 02 Produção\01 Controle de Produção\01 - Projeto Cadastro\02 - B.O.M\06. TRANSFORMAÇÃO\21 - JI URBAN E-J TA VISTA.xlsx
2026-06-23 10:10:39,721 INFO Importado B.O.M. C:\Users\PRODUCAO-2.0\J I MONTADORA DE VEICULOS ESPECIAIS LTDA\JI Montadora - 02 Produção\01 Controle de Produção\01 - Projeto Cadastro\02 - B.O.M\06. TRANSFORMAÇÃO\22 - JI URBAN E-J TA VITRE.xlsx
2026-06-23 10:10:39,836 INFO Importado B.O.M. C:\Users\PRODUCAO-2.0\J I MONTADORA DE VEICULOS ESPECIAIS LTDA\JI Montadora - 02 Produção\01 Controle de Produção\01 - Projeto Cadastro\02 - B.O.M\06. TRANSFORMAÇÃO\23 - JI CONFORT 417 10 M SELADO PLUS.xlsx
2026-06-23 10:10:39,956 INFO Importado B.O.M. C:\Users\PRODUCAO-2.0\J I MONTADORA DE VEICULOS ESPECIAIS LTDA\JI Montadora - 02 Produção\01 Controle de Produção\01 - Projeto Cadastro\02 - B.O.M\06. TRANSFORMAÇÃO\24 - JI CONFORT 417 10 M VISTA PLUS.xlsx
2026-06-23 10:10:40,058 INFO Importado B.O.M. C:\Users\PRODUCAO-2.0\J I MONTADORA DE VEICULOS ESPECIAIS LTDA\JI Montadora - 02 Produção\01 Controle de Produção\01 - Projeto Cadastro\02 - B.O.M\06. TRANSFORMAÇÃO\25 - JI CONFORT 417 10 M VITRE REVESTIDA.xlsx
2026-06-23 10:10:40,167 INFO Importado B.O.M. C:\Users\PRODUCAO-2.0\J I MONTADORA DE VEICULOS ESPECIAIS LTDA\JI Montadora - 02 Produção\01 Controle de Produção\01 - Projeto Cadastro\02 - B.O.M\06. TRANSFORMAÇÃO\26 - JI CONFORT 417 14 M SELADO PLUS.xlsx
2026-06-23 10:10:40,285 INFO Importado B.O.M. C:\Users\PRODUCAO-2.0\J I MONTADORA DE VEICULOS ESPECIAIS LTDA\JI Montadora - 02 Produção\01 Controle de Produção\01 - Projeto Cadastro\02 - B.O.M\06. TRANSFORMAÇÃO\27 - JI CONFORT 417 14 M VISTA PLUS.xlsx
2026-06-23 10:10:40,390 INFO Importado B.O.M. C:\Users\PRODUCAO-2.0\J I MONTADORA DE VEICULOS ESPECIAIS LTDA\JI Montadora - 02 Produção\01 Controle de Produção\01 - Projeto Cadastro\02 - B.O.M\06. TRANSFORMAÇÃO\28 - JI CONFORT 417 14 M VITRE REVESTIDA.xlsx
2026-06-23 10:10:40,502 INFO Importado B.O.M. C:\Users\PRODUCAO-2.0\J I MONTADORA DE VEICULOS ESPECIAIS LTDA\JI Montadora - 02 Produção\01 Controle de Produção\01 - Projeto Cadastro\02 - B.O.M\06. TRANSFORMAÇÃO\29 - JI CONFORT 517 15 M SELADO PLUS.xlsx
2026-06-23 10:10:40,622 INFO Importado B.O.M. C:\Users\PRODUCAO-2.0\J I MONTADORA DE VEICULOS ESPECIAIS LTDA\JI Montadora - 02 Produção\01 Controle de Produção\01 - Projeto Cadastro\02 - B.O.M\06. TRANSFORMAÇÃO\30 - JI CONFORT 517 15 M VISTA PLUS.xlsx
2026-06-23 10:10:40,729 INFO Importado B.O.M. C:\Users\PRODUCAO-2.0\J I MONTADORA DE VEICULOS ESPECIAIS LTDA\JI Montadora - 02 Produção\01 Controle de Produção\01 - Projeto Cadastro\02 - B.O.M\06. TRANSFORMAÇÃO\31 - JI CONFORT 517 15 M VITRE REVESTIDA.xlsx
2026-06-23 10:10:40,839 INFO Importado B.O.M. C:\Users\PRODUCAO-2.0\J I MONTADORA DE VEICULOS ESPECIAIS LTDA\JI Montadora - 02 Produção\01 Controle de Produção\01 - Projeto Cadastro\02 - B.O.M\06. TRANSFORMAÇÃO\32 - JI CONFORT 517 14 M SELADO PLUS.xlsx
2026-06-23 10:10:40,949 INFO Importado B.O.M. C:\Users\PRODUCAO-2.0\J I MONTADORA DE VEICULOS ESPECIAIS LTDA\JI Montadora - 02 Produção\01 Controle de Produção\01 - Projeto Cadastro\02 - B.O.M\06. TRANSFORMAÇÃO\33 - JI CONFORT 517 14 M VISTA PLUS.xlsx
2026-06-23 10:10:41,061 INFO Importado B.O.M. C:\Users\PRODUCAO-2.0\J I MONTADORA DE VEICULOS ESPECIAIS LTDA\JI Montadora - 02 Produção\01 Controle de Produção\01 - Projeto Cadastro\02 - B.O.M\06. TRANSFORMAÇÃO\34 - JI CONFORT 517 14 M VITRE REVESTIDA.xlsx
2026-06-23 10:10:41,183 INFO Importado B.O.M. C:\Users\PRODUCAO-2.0\J I MONTADORA DE VEICULOS ESPECIAIS LTDA\JI Montadora - 02 Produção\01 Controle de Produção\01 - Projeto Cadastro\02 - B.O.M\06. TRANSFORMAÇÃO\35 - JI CONFORT B-J-D SELADO.xlsx
2026-06-23 10:10:41,304 INFO Importado B.O.M. C:\Users\PRODUCAO-2.0\J I MONTADORA DE VEICULOS ESPECIAIS LTDA\JI Montadora - 02 Produção\01 Controle de Produção\01 - Projeto Cadastro\02 - B.O.M\06. TRANSFORMAÇÃO\36 - JI CONFORT B-J-D VISTA.xlsx
2026-06-23 10:10:41,422 INFO Importado B.O.M. C:\Users\PRODUCAO-2.0\J I MONTADORA DE VEICULOS ESPECIAIS LTDA\JI Montadora - 02 Produção\01 Controle de Produção\01 - Projeto Cadastro\02 - B.O.M\06. TRANSFORMAÇÃO\37 - JI CONFORT B-J-D VITRE.xlsx
2026-06-23 10:10:41,538 INFO Importado B.O.M. C:\Users\PRODUCAO-2.0\J I MONTADORA DE VEICULOS ESPECIAIS LTDA\JI Montadora - 02 Produção\01 Controle de Produção\01 - Projeto Cadastro\02 - B.O.M\06. TRANSFORMAÇÃO\38 - JI CONFORT TRANSIT L3H3 SELADO.xlsx
2026-06-23 10:10:41,648 INFO Importado B.O.M. C:\Users\PRODUCAO-2.0\J I MONTADORA DE VEICULOS ESPECIAIS LTDA\JI Montadora - 02 Produção\01 Controle de Produção\01 - Projeto Cadastro\02 - B.O.M\06. TRANSFORMAÇÃO\39 - JI CONFORT TRANSIT L3H3 VISTA.xlsx
2026-06-23 10:10:41,758 INFO Importado B.O.M. C:\Users\PRODUCAO-2.0\J I MONTADORA DE VEICULOS ESPECIAIS LTDA\JI Montadora - 02 Produção\01 Controle de Produção\01 - Projeto Cadastro\02 - B.O.M\06. TRANSFORMAÇÃO\40 - JI CONFORT TRANSIT L4H3 VITRE.xlsx
2026-06-23 10:10:41,880 INFO Importado B.O.M. C:\Users\PRODUCAO-2.0\J I MONTADORA DE VEICULOS ESPECIAIS LTDA\JI Montadora - 02 Produção\01 Controle de Produção\01 - Projeto Cadastro\02 - B.O.M\06. TRANSFORMAÇÃO\41 - JI URBAN E-S-J TB SELADO TETO C. VELUDO PRETO.xlsx
2026-06-23 10:10:41,995 INFO Importado B.O.M. C:\Users\PRODUCAO-2.0\J I MONTADORA DE VEICULOS ESPECIAIS LTDA\JI Montadora - 02 Produção\01 Controle de Produção\01 - Projeto Cadastro\02 - B.O.M\06. TRANSFORMAÇÃO\42 - JI URBAN E-S-J TB VISTA TETO C. VELUDO PRETO.xlsx
2026-06-23 10:10:42,106 INFO Importado B.O.M. C:\Users\PRODUCAO-2.0\J I MONTADORA DE VEICULOS ESPECIAIS LTDA\JI Montadora - 02 Produção\01 Controle de Produção\01 - Projeto Cadastro\02 - B.O.M\06. TRANSFORMAÇÃO\43 - JI URBAN E-S-J VITRE TB TETO C. VELUDO PRETO.xlsx
2026-06-23 10:10:42,228 INFO Importado B.O.M. C:\Users\PRODUCAO-2.0\J I MONTADORA DE VEICULOS ESPECIAIS LTDA\JI Montadora - 02 Produção\01 Controle de Produção\01 - Projeto Cadastro\02 - B.O.M\06. TRANSFORMAÇÃO\44 - JI CONFORT TRANSIT L3H2 VITRE.xlsx
2026-06-23 10:10:42,330 INFO Importado B.O.M. C:\Users\PRODUCAO-2.0\J I MONTADORA DE VEICULOS ESPECIAIS LTDA\JI Montadora - 02 Produção\01 Controle de Produção\01 - Projeto Cadastro\02 - B.O.M\07. REFORÇOS\01 - CJ REFORÇO EM ACO ARQUEAMENTO E-J TETO ALTO.xlsx
2026-06-23 10:10:42,524 INFO Importado B.O.M. C:\Users\PRODUCAO-2.0\J I MONTADORA DE VEICULOS ESPECIAIS LTDA\JI Montadora - 02 Produção\01 Controle de Produção\01 - Projeto Cadastro\02 - B.O.M\07. REFORÇOS\02 - CJ CHAPA PRONTA TRILHO ALUMÍNIO BCO INCOR. FIXO - SPRINTER 517 - 4,2-1,2,3,3,3.xlsx
2026-06-23 10:10:42,736 INFO Importado B.O.M. C:\Users\PRODUCAO-2.0\J I MONTADORA DE VEICULOS ESPECIAIS LTDA\JI Montadora - 02 Produção\01 Controle de Produção\01 - Projeto Cadastro\02 - B.O.M\07. REFORÇOS\03 - CJ CHAPA PRONTA TRILHO ALUMÍNIO BCO INCOR. RECLINAVEL - SPRINTER 517 - 4,2-1,2,3,3,3.xlsx
2026-06-23 10:10:42,950 INFO Importado B.O.M. C:\Users\PRODUCAO-2.0\J I MONTADORA DE VEICULOS ESPECIAIS LTDA\JI Montadora - 02 Produção\01 Controle de Produção\01 - Projeto Cadastro\02 - B.O.M\07. REFORÇOS\04 - CJ CHAPA PRONTA TRILHO ALUMÍNIO BCO INCOR. FIXO - UNIVERSAL - 4,3,3,3.xlsx
2026-06-23 10:10:43,052 INFO Importado B.O.M. C:\Users\PRODUCAO-2.0\J I MONTADORA DE VEICULOS ESPECIAIS LTDA\JI Montadora - 02 Produção\01 Controle de Produção\01 - Projeto Cadastro\02 - B.O.M\07. REFORÇOS\05 - CJ CHAPA PRONTA TRILHO ALUMÍNIO BCO INCOR. RECLINAVEL - UNIVERSAL - 4,3,3,3.xlsx
2026-06-23 10:10:43,161 INFO Importado B.O.M. C:\Users\PRODUCAO-2.0\J I MONTADORA DE VEICULOS ESPECIAIS LTDA\JI Montadora - 02 Produção\01 Controle de Produção\01 - Projeto Cadastro\02 - B.O.M\07. REFORÇOS\06 - PP REFORÇO SUPORTE METALON 40X20 - Copia.xlsx
2026-06-23 10:10:43,261 INFO Importado B.O.M. C:\Users\PRODUCAO-2.0\J I MONTADORA DE VEICULOS ESPECIAIS LTDA\JI Montadora - 02 Produção\01 Controle de Produção\01 - Projeto Cadastro\02 - B.O.M\07. REFORÇOS\06 - PP REFORÇO SUPORTE METALON 40X20.xlsx
2026-06-23 10:10:43,362 INFO Importado B.O.M. C:\Users\PRODUCAO-2.0\J I MONTADORA DE VEICULOS ESPECIAIS LTDA\JI Montadora - 02 Produção\01 Controle de Produção\01 - Projeto Cadastro\02 - B.O.M\08. BANCOS\01 - CJ BANCOS FIXOS - MC - LB - 4,3,3,3 - 2P - TECIDO - BJD.xlsx
2026-06-23 10:10:43,470 INFO Importado B.O.M. C:\Users\PRODUCAO-2.0\J I MONTADORA DE VEICULOS ESPECIAIS LTDA\JI Montadora - 02 Produção\01 Controle de Produção\01 - Projeto Cadastro\02 - B.O.M\08. BANCOS\02 - CJ BANCOS REC - MC - LB - 3,2,3 - 3P - COURVIN - EXPERT.xlsx
2026-06-23 10:10:43,578 INFO Importado B.O.M. C:\Users\PRODUCAO-2.0\J I MONTADORA DE VEICULOS ESPECIAIS LTDA\JI Montadora - 02 Produção\01 Controle de Produção\01 - Projeto Cadastro\02 - B.O.M\08. BANCOS\03 - CJ BANCOS REC - MC - LB - 3,2,3 - 3P - TECIDO - EXPERT.xlsx
2026-06-23 10:10:43,687 INFO Importado B.O.M. C:\Users\PRODUCAO-2.0\J I MONTADORA DE VEICULOS ESPECIAIS LTDA\JI Montadora - 02 Produção\01 Controle de Produção\01 - Projeto Cadastro\02 - B.O.M\08. BANCOS\04 - CJ BANCOS REC - MC - LB - 3,3 - 3P - TECIDO - EXPERT.xlsx
2026-06-23 10:10:43,796 INFO Importado B.O.M. C:\Users\PRODUCAO-2.0\J I MONTADORA DE VEICULOS ESPECIAIS LTDA\JI Montadora - 02 Produção\01 Controle de Produção\01 - Projeto Cadastro\02 - B.O.M\08. BANCOS\05 - CJ BANCOS FIXOS - MC - LB - 3,3 - 3P - TECIDO - EXPERT.xlsx
2026-06-23 10:10:43,927 INFO Importado B.O.M. C:\Users\PRODUCAO-2.0\J I MONTADORA DE VEICULOS ESPECIAIS LTDA\JI Montadora - 02 Produção\01 Controle de Produção\01 - Projeto Cadastro\02 - B.O.M\08. BANCOS\06 - CJ BANCOS REC - MC - LB - 3,3 - 3P - COURVIN- EXPERT.xlsx
2026-06-23 10:10:44,045 INFO Importado B.O.M. C:\Users\PRODUCAO-2.0\J I MONTADORA DE VEICULOS ESPECIAIS LTDA\JI Montadora - 02 Produção\01 Controle de Produção\01 - Projeto Cadastro\02 - B.O.M\08. BANCOS\07 - CJ BANCOS FIXOS - MC - LB - 3,2,3 - 3P - COURVIN- EXPERT.xlsx
2026-06-23 10:10:44,156 INFO Importado B.O.M. C:\Users\PRODUCAO-2.0\J I MONTADORA DE VEICULOS ESPECIAIS LTDA\JI Montadora - 02 Produção\01 Controle de Produção\01 - Projeto Cadastro\02 - B.O.M\08. BANCOS\08 - CJ BANCOS FIXOS - MC - LB - 3,2,3 - 2P - COURVIN - EXPERT.xlsx
2026-06-23 10:10:44,266 INFO Importado B.O.M. C:\Users\PRODUCAO-2.0\J I MONTADORA DE VEICULOS ESPECIAIS LTDA\JI Montadora - 02 Produção\01 Controle de Produção\01 - Projeto Cadastro\02 - B.O.M\08. BANCOS\09 - CJ BANCOS FIXOS - MC - LB - 3,2,3 - 3P - TECIDO - EXPERT.xlsx
2026-06-23 10:10:44,385 INFO Importado B.O.M. C:\Users\PRODUCAO-2.0\J I MONTADORA DE VEICULOS ESPECIAIS LTDA\JI Montadora - 02 Produção\01 Controle de Produção\01 - Projeto Cadastro\02 - B.O.M\08. BANCOS\10 - CJ BANCOS FIXOS - MC - LB - 3,2,3 - 2P - TECIDO - EXPERT.xlsx
2026-06-23 10:10:44,503 INFO Importado B.O.M. C:\Users\PRODUCAO-2.0\J I MONTADORA DE VEICULOS ESPECIAIS LTDA\JI Montadora - 02 Produção\01 Controle de Produção\01 - Projeto Cadastro\02 - B.O.M\08. BANCOS\11 - CJ BANCOS REC - MC - LB - 4,3,3,2,2-1 - 2P - TECIDO - TRILHO - FOCA.xlsx
2026-06-23 10:10:44,616 INFO Importado B.O.M. C:\Users\PRODUCAO-2.0\J I MONTADORA DE VEICULOS ESPECIAIS LTDA\JI Montadora - 02 Produção\01 Controle de Produção\01 - Projeto Cadastro\02 - B.O.M\08. BANCOS\12 - CJ BANCOS REC - MC - LB - 4,3,3,3 - 2P - TECIDO - BJD.xlsx
2026-06-23 10:10:44,724 INFO Importado B.O.M. C:\Users\PRODUCAO-2.0\J I MONTADORA DE VEICULOS ESPECIAIS LTDA\JI Montadora - 02 Produção\01 Controle de Produção\01 - Projeto Cadastro\02 - B.O.M\08. BANCOS\13 - CJ BANCOS FIXOS - MC - LB - 4,3,3,3 - 2P - TECIDO - TRILHO.xlsx
2026-06-23 10:10:44,834 INFO Importado B.O.M. C:\Users\PRODUCAO-2.0\J I MONTADORA DE VEICULOS ESPECIAIS LTDA\JI Montadora - 02 Produção\01 Controle de Produção\01 - Projeto Cadastro\02 - B.O.M\08. BANCOS\14 - CJ BANCOS REC- MC - LB - 1E,1E,1E,1D - 3P - COURVIN- NORMAL.xlsx
2026-06-23 10:10:44,943 INFO Importado B.O.M. C:\Users\PRODUCAO-2.0\J I MONTADORA DE VEICULOS ESPECIAIS LTDA\JI Montadora - 02 Produção\01 Controle de Produção\01 - Projeto Cadastro\02 - B.O.M\08. BANCOS\15 - CJ BANCOS FIXOS - MC - LB - 4,3,3,2-1 - 2P - TECIDO - NORMAL - FOCA.xlsx
2026-06-23 10:10:45,042 INFO Importado B.O.M. C:\Users\PRODUCAO-2.0\J I MONTADORA DE VEICULOS ESPECIAIS LTDA\JI Montadora - 02 Produção\01 Controle de Produção\01 - Projeto Cadastro\02 - B.O.M\08. BANCOS\16 - CJ BANCOS REC - MC - LB - 4,2,2,3,3,3 - REC - 3P - COURVIN - NORMAL.xlsx
2026-06-23 10:10:45,150 INFO Importado B.O.M. C:\Users\PRODUCAO-2.0\J I MONTADORA DE VEICULOS ESPECIAIS LTDA\JI Montadora - 02 Produção\01 Controle de Produção\01 - Projeto Cadastro\02 - B.O.M\08. BANCOS\17 - CJ BANCOS REC - MC - LB - 4,2,3,3,3 - REC - 2P - COURVIN - PME 2A.xlsx
2026-06-23 10:10:45,253 INFO Importado B.O.M. C:\Users\PRODUCAO-2.0\J I MONTADORA DE VEICULOS ESPECIAIS LTDA\JI Montadora - 02 Produção\01 Controle de Produção\01 - Projeto Cadastro\02 - B.O.M\08. BANCOS\18 - CJ BANCOS REC - LB - 1 E,1 E,1 D,1 D,3,3 - REC - 3P - TECIDO - BJD.xlsx
2026-06-23 10:10:45,352 INFO Importado B.O.M. C:\Users\PRODUCAO-2.0\J I MONTADORA DE VEICULOS ESPECIAIS LTDA\JI Montadora - 02 Produção\01 Controle de Produção\01 - Projeto Cadastro\02 - B.O.M\08. BANCOS\19 - CJ BANCOS REC - LB - 4,2-1,2,3,3,3 - REC - 2P - TECIDO - NORMAL.xlsx
2026-06-23 10:10:45,460 INFO Importado B.O.M. C:\Users\PRODUCAO-2.0\J I MONTADORA DE VEICULOS ESPECIAIS LTDA\JI Montadora - 02 Produção\01 Controle de Produção\01 - Projeto Cadastro\02 - B.O.M\08. BANCOS\20 - CJ BANCOS FIXOS - LB - 1E,1E,1E,1D - 2P - TECIDO - TRILHO.xlsx
2026-06-23 10:10:45,566 INFO Importado B.O.M. C:\Users\PRODUCAO-2.0\J I MONTADORA DE VEICULOS ESPECIAIS LTDA\JI Montadora - 02 Produção\01 Controle de Produção\01 - Projeto Cadastro\02 - B.O.M\08. BANCOS\21 - CJ BANCOS FIXO - MC - LB - 4,3,3,2-1 - 2P - TECIDO - TRILHO - ELEVITTA.xlsx
2026-06-23 10:10:45,679 INFO Importado B.O.M. C:\Users\PRODUCAO-2.0\J I MONTADORA DE VEICULOS ESPECIAIS LTDA\JI Montadora - 02 Produção\01 Controle de Produção\01 - Projeto Cadastro\02 - B.O.M\08. BANCOS\22 - CJ BANCOS REC - LB - 4,2-1,2,3,3,3 - REC - 2P - TECIDO - TRILHO.xlsx
2026-06-23 10:10:45,894 INFO Importado B.O.M. C:\Users\PRODUCAO-2.0\J I MONTADORA DE VEICULOS ESPECIAIS LTDA\JI Montadora - 02 Produção\01 Controle de Produção\01 - Projeto Cadastro\02 - B.O.M\09. ELETRICA\01 - CJ CHICOTE ELETRICO CABINE E-S-J P. LIGAÇÃO ACESSORIOS.xlsx
2026-06-23 10:10:46,117 INFO Importado B.O.M. C:\Users\PRODUCAO-2.0\J I MONTADORA DE VEICULOS ESPECIAIS LTDA\JI Montadora - 02 Produção\01 Controle de Produção\01 - Projeto Cadastro\02 - B.O.M\09. ELETRICA\02 - CJ BOTOEIRA PLASTICA JI E-S-J CABINE 8 TECLAS.xlsx
2026-06-23 10:10:46,315 INFO Importado B.O.M. C:\Users\PRODUCAO-2.0\J I MONTADORA DE VEICULOS ESPECIAIS LTDA\JI Montadora - 02 Produção\01 Controle de Produção\01 - Projeto Cadastro\02 - B.O.M\09. ELETRICA\03 - CJ 3 TOMADAS USB ORBE DUPLA E-S-J.xlsx
2026-06-23 10:10:46,519 INFO Importado B.O.M. C:\Users\PRODUCAO-2.0\J I MONTADORA DE VEICULOS ESPECIAIS LTDA\JI Montadora - 02 Produção\01 Controle de Produção\01 - Projeto Cadastro\02 - B.O.M\09. ELETRICA\04 - CJ LUZ CORTESIA E-S-J - DEGRAU, SOLEIRA PM, SOB BCO 1º FIL.xlsx
2026-06-23 10:10:46,717 INFO Importado B.O.M. C:\Users\PRODUCAO-2.0\J I MONTADORA DE VEICULOS ESPECIAIS LTDA\JI Montadora - 02 Produção\01 Controle de Produção\01 - Projeto Cadastro\02 - B.O.M\09. ELETRICA\05 - CJ LUZ CORTESIA CABINE ESJ SOB PAINEL.xlsx
2026-06-23 10:10:46,921 INFO Importado B.O.M. C:\Users\PRODUCAO-2.0\J I MONTADORA DE VEICULOS ESPECIAIS LTDA\JI Montadora - 02 Produção\01 Controle de Produção\01 - Projeto Cadastro\02 - B.O.M\09. ELETRICA\06 - CJ LUZ LED RGB MOVEIS LATERAIS JI C-CLASS ESJ.xlsx
2026-06-23 10:10:47,156 INFO Importado B.O.M. C:\Users\PRODUCAO-2.0\J I MONTADORA DE VEICULOS ESPECIAIS LTDA\JI Montadora - 02 Produção\01 Controle de Produção\01 - Projeto Cadastro\02 - B.O.M\09. ELETRICA\07 - CJ LUZ AZUL 4 ARANDELAS LATERAIS JI.xlsx
2026-06-23 10:10:47,362 INFO Importado B.O.M. C:\Users\PRODUCAO-2.0\J I MONTADORA DE VEICULOS ESPECIAIS LTDA\JI Montadora - 02 Produção\01 Controle de Produção\01 - Projeto Cadastro\02 - B.O.M\09. ELETRICA\08 - CJ LUZ BALIZADORA INFERIOR E-S-J.xlsx
2026-06-23 10:10:47,579 INFO Importado B.O.M. C:\Users\PRODUCAO-2.0\J I MONTADORA DE VEICULOS ESPECIAIS LTDA\JI Montadora - 02 Produção\01 Controle de Produção\01 - Projeto Cadastro\02 - B.O.M\10. BANCOS FORNECEDOR JL\01 - BCO JL LE RECLINAVEL 3 L NORMAL C. AP BRACO LD 255 MM 3P MISTO.xlsx
2026-06-23 10:10:47,794 INFO Importado B.O.M. C:\Users\PRODUCAO-2.0\J I MONTADORA DE VEICULOS ESPECIAIS LTDA\JI Montadora - 02 Produção\01 Controle de Produção\01 - Projeto Cadastro\02 - B.O.M\10. BANCOS FORNECEDOR JL\02 - BCO JL LE RECLINAVEL 1 L PME S. AP BRACO 65 MM 3P MISTO.xlsx
2026-06-23 10:10:48,010 INFO Importado B.O.M. C:\Users\PRODUCAO-2.0\J I MONTADORA DE VEICULOS ESPECIAIS LTDA\JI Montadora - 02 Produção\01 Controle de Produção\01 - Projeto Cadastro\02 - B.O.M\10. BANCOS FORNECEDOR JL\03 - BCO JL LE RECLINAVEL 2 L PME S. AP BRACO 120 MM 3P MISTO.xlsx
2026-06-23 10:10:48,282 INFO Importado B.O.M. C:\Users\PRODUCAO-2.0\J I MONTADORA DE VEICULOS ESPECIAIS LTDA\JI Montadora - 02 Produção\01 Controle de Produção\01 - Projeto Cadastro\02 - B.O.M\10. BANCOS FORNECEDOR JL\04 - BCO JL LE RECLINAVEL 1 L PME S. AP BRACO 120 MM 3P MISTO.xlsx
2026-06-23 10:10:48,491 INFO Importado B.O.M. C:\Users\PRODUCAO-2.0\J I MONTADORA DE VEICULOS ESPECIAIS LTDA\JI Montadora - 02 Produção\01 Controle de Produção\01 - Projeto Cadastro\02 - B.O.M\10. BANCOS FORNECEDOR JL\05 - BCO JL LE RECLINAVEL 2 L NORMAL S. AP BRACO 330 MM 3P MISTO.xlsx
2026-06-23 10:10:48,694 INFO Importado B.O.M. C:\Users\PRODUCAO-2.0\J I MONTADORA DE VEICULOS ESPECIAIS LTDA\JI Montadora - 02 Produção\01 Controle de Produção\01 - Projeto Cadastro\02 - B.O.M\10. BANCOS FORNECEDOR JL\06 - BCO JL LE RECLINAVEL 1 L NORMAL S. AP BRACO 330 MM 3P MISTO.xlsx
2026-06-23 10:10:48,888 INFO Importado B.O.M. C:\Users\PRODUCAO-2.0\J I MONTADORA DE VEICULOS ESPECIAIS LTDA\JI Montadora - 02 Produção\01 Controle de Produção\01 - Projeto Cadastro\02 - B.O.M\10. BANCOS FORNECEDOR JL\07 - BCO JL LE RECLINAVEL 4 L PME S. AP BRACO 3P MISTO.xlsx
2026-06-23 10:10:49,096 INFO Importado B.O.M. C:\Users\PRODUCAO-2.0\J I MONTADORA DE VEICULOS ESPECIAIS LTDA\JI Montadora - 02 Produção\01 Controle de Produção\01 - Projeto Cadastro\02 - B.O.M\10. BANCOS FORNECEDOR JL\08 - BCO JL LE RECLINAVEL 3 L NORMAL C. AP BRACO LD 330 MM 3P MISTO.xlsx
2026-06-23 10:10:49,285 INFO Importado B.O.M. C:\Users\PRODUCAO-2.0\J I MONTADORA DE VEICULOS ESPECIAIS LTDA\JI Montadora - 02 Produção\01 Controle de Produção\01 - Projeto Cadastro\02 - B.O.M\10. BANCOS FORNECEDOR JL\09 - BCO CARONA JL LE RECLINAVEL 2 L SPRINTER S. AP BRACO 270 MM 3P MISTO.xlsx
2026-06-23 10:10:49,518 INFO Importado B.O.M. C:\Users\PRODUCAO-2.0\J I MONTADORA DE VEICULOS ESPECIAIS LTDA\JI Montadora - 02 Produção\01 Controle de Produção\01 - Projeto Cadastro\02 - B.O.M\10. BANCOS FORNECEDOR JL\10 - BCO CARONA JL LE RECLINAVEL 2 L MASTER S. AP BRACO 262 MM 3P MISTO.xlsx
2026-06-23 10:16:03,781 WARNING B.O.M. ignorada porque nao esta mais acessivel: C:\Users\PRODUCAO-2.0\J I MONTADORA DE VEICULOS ESPECIAIS LTDA\JI Montadora - 02 Produção\01 Controle de Produção\01 - Projeto Cadastro\02 - B.O.M\02. CATEGORIA ABS\41 - PP ABS PC C. MOLDURA CORTINA PVC ESJ C-CLASS TB LATERAL MOTORISTA LE 1º2º VAO CINZA RAL 7021 PU - TI.01.J04.xlsx
2026-06-23 10:20:42,597 WARNING B.O.M. ignorada porque nao esta mais acessivel: C:\Users\PRODUCAO-2.0\J I MONTADORA DE VEICULOS ESPECIAIS LTDA\JI Montadora - 02 Produção\01 Controle de Produção\01 - Projeto Cadastro\02 - B.O.M\02. CATEGORIA ABS\41 - PP ABS PC C. MOLDURA CORTINA PVC ESJ C-CLASS TB LATERAL MOTORISTA LE 1º2º VAO CINZA RAL 7021 PU - TI.01.J04.xlsx
2026-06-23 10:58:17,495 WARNING B.O.M. ignorada porque nao esta mais acessivel: C:\Users\PRODUCAO-2.0\J I MONTADORA DE VEICULOS ESPECIAIS LTDA\JI Montadora - 02 Produção\01 Controle de Produção\01 - Projeto Cadastro\02 - B.O.M\02. CATEGORIA ABS\41 - PP ABS PC C. MOLDURA CORTINA PVC ESJ C-CLASS TB LATERAL MOTORISTA LE 1º2º VAO CINZA RAL 7021 PU - TI.01.J04.xlsx
2026-06-24 09:50:21,057 INFO Log iniciado em C:\Users\PRODUCAO-2.0\Music\modulo-suprimentos-main (1)\modulo-suprimentos-main\compras_app\data\emissor_documentos.log
2026-06-24 09:51:16,951 INFO Importado B.O.M. C:\Users\PRODUCAO-2.0\J I MONTADORA DE VEICULOS ESPECIAIS LTDA\JI Montadora - 02 Produção\01 Controle de Produção\01 - Projeto Cadastro\02 - B.O.M\00. OBSOLETO\Consolidado B.O.M\consolidacao_bom\BOM_Onde_Usa.xlsx
2026-06-24 09:51:17,042 INFO Importado B.O.M. C:\Users\PRODUCAO-2.0\J I MONTADORA DE VEICULOS ESPECIAIS LTDA\JI Montadora - 02 Produção\01 Controle de Produção\01 - Projeto Cadastro\02 - B.O.M\01. CATEGORIA VIDRO\01 - VIDROS - SELADO - CJ VIDROS SELADO MASTER L2H2 - VIDROFORTE.xlsx
2026-06-24 09:51:17,177 INFO Importado B.O.M. C:\Users\PRODUCAO-2.0\J I MONTADORA DE VEICULOS ESPECIAIS LTDA\JI Montadora - 02 Produção\01 Controle de Produção\01 - Projeto Cadastro\02 - B.O.M\01. CATEGORIA VIDRO\02 - VIDROS - SELADO - CJ VIDROS SELADO MASTER L3H2 - SELADO - VIDROFORTE.xlsx
2026-06-24 09:51:17,328 INFO Importado B.O.M. C:\Users\PRODUCAO-2.0\J I MONTADORA DE VEICULOS ESPECIAIS LTDA\JI Montadora - 02 Produção\01 Controle de Produção\01 - Projeto Cadastro\02 - B.O.M\01. CATEGORIA VIDRO\03 - VIDROS - SELADO - CJ VIDROS SELADO MASTER L1H1 - SELADO - VIDROFORTE.xlsx
2026-06-24 09:51:17,479 INFO Importado B.O.M. C:\Users\PRODUCAO-2.0\J I MONTADORA DE VEICULOS ESPECIAIS LTDA\JI Montadora - 02 Produção\01 Controle de Produção\01 - Projeto Cadastro\02 - B.O.M\01. CATEGORIA VIDRO\04 - VIDROS - SELADO - CJ VIDROS SELADO TRANSIT L3H3 - SELADO - VIDROFORTE.xlsx
2026-06-24 09:51:17,630 INFO Importado B.O.M. C:\Users\PRODUCAO-2.0\J I MONTADORA DE VEICULOS ESPECIAIS LTDA\JI Montadora - 02 Produção\01 Controle de Produção\01 - Projeto Cadastro\02 - B.O.M\01. CATEGORIA VIDRO\05 - VIDROS - SELADO - CJ VIDROS SELADO TRANSIT L2H3 - SELADO - VIDROFORTE.xlsx
2026-06-24 09:51:17,782 INFO Importado B.O.M. C:\Users\PRODUCAO-2.0\J I MONTADORA DE VEICULOS ESPECIAIS LTDA\JI Montadora - 02 Produção\01 Controle de Produção\01 - Projeto Cadastro\02 - B.O.M\01. CATEGORIA VIDRO\06 - VIDROS - SELADO - CJ VIDROS SELADO SPRINTER 10 M - SELADO - VIDROFORTE.xlsx
2026-06-24 09:51:17,937 INFO Importado B.O.M. C:\Users\PRODUCAO-2.0\J I MONTADORA DE VEICULOS ESPECIAIS LTDA\JI Montadora - 02 Produção\01 Controle de Produção\01 - Projeto Cadastro\02 - B.O.M\01. CATEGORIA VIDRO\07 - VIDROS - SELADO - CJ VIDROS SELADO SPRINTER 14 M - SELADO - VIDROFORTE.xlsx
2026-06-24 09:51:18,109 INFO Importado B.O.M. C:\Users\PRODUCAO-2.0\J I MONTADORA DE VEICULOS ESPECIAIS LTDA\JI Montadora - 02 Produção\01 Controle de Produção\01 - Projeto Cadastro\02 - B.O.M\01. CATEGORIA VIDRO\08 - VIDROS - SELADO - CJ VIDROS SELADO EXPERT JUMPY SCUDO - SELADO - VIDROFORTE.xlsx
2026-06-24 09:51:18,264 INFO Importado B.O.M. C:\Users\PRODUCAO-2.0\J I MONTADORA DE VEICULOS ESPECIAIS LTDA\JI Montadora - 02 Produção\01 Controle de Produção\01 - Projeto Cadastro\02 - B.O.M\01. CATEGORIA VIDRO\09 - VIDROS - SELADO - CJ VIDROS SELADO BOXER JUMPER DUCATO - SELADO - VIDROFORTE.xlsx
2026-06-24 09:51:18,452 INFO Importado B.O.M. C:\Users\PRODUCAO-2.0\J I MONTADORA DE VEICULOS ESPECIAIS LTDA\JI Montadora - 02 Produção\01 Controle de Produção\01 - Projeto Cadastro\02 - B.O.M\01. CATEGORIA VIDRO\10 - VIDROS - VISTA - CJ VIDROS VISTA MASTER L2H2 - VIDROFORTE.xlsx
2026-06-24 09:51:18,670 INFO Importado B.O.M. C:\Users\PRODUCAO-2.0\J I MONTADORA DE VEICULOS ESPECIAIS LTDA\JI Montadora - 02 Produção\01 Controle de Produção\01 - Projeto Cadastro\02 - B.O.M\01. CATEGORIA VIDRO\11 - VIDROS - VISTA - CJ VIDROS VISTA MASTER L3H2  - VIDROFORTE.xlsx
2026-06-24 09:51:18,873 INFO Importado B.O.M. C:\Users\PRODUCAO-2.0\J I MONTADORA DE VEICULOS ESPECIAIS LTDA\JI Montadora - 02 Produção\01 Controle de Produção\01 - Projeto Cadastro\02 - B.O.M\01. CATEGORIA VIDRO\12 - VIDROS - VISTA - CJ VIDROS VISTA MASTER L1H1  - VIDROFORTE.xlsx
2026-06-24 09:51:19,086 INFO Importado B.O.M. C:\Users\PRODUCAO-2.0\J I MONTADORA DE VEICULOS ESPECIAIS LTDA\JI Montadora - 02 Produção\01 Controle de Produção\01 - Projeto Cadastro\02 - B.O.M\01. CATEGORIA VIDRO\13 - VIDROS - VISTA - CJ VIDROS VISTA TRANSIT L3H3  - VIDROFORTE.xlsx
2026-06-24 09:51:19,286 INFO Importado B.O.M. C:\Users\PRODUCAO-2.0\J I MONTADORA DE VEICULOS ESPECIAIS LTDA\JI Montadora - 02 Produção\01 Controle de Produção\01 - Projeto Cadastro\02 - B.O.M\01. CATEGORIA VIDRO\14 - VIDROS - VISTA - CJ VIDROS VISTA TRANSIT L2H3  - VIDROFORTE.xlsx
2026-06-24 09:51:19,527 INFO Importado B.O.M. C:\Users\PRODUCAO-2.0\J I MONTADORA DE VEICULOS ESPECIAIS LTDA\JI Montadora - 02 Produção\01 Controle de Produção\01 - Projeto Cadastro\02 - B.O.M\01. CATEGORIA VIDRO\15 - VIDROS - VISTA - CJ VIDROS VISTA SPRINTER 10 M  - VIDROFORTE.xlsx
2026-06-24 09:51:19,776 INFO Importado B.O.M. C:\Users\PRODUCAO-2.0\J I MONTADORA DE VEICULOS ESPECIAIS LTDA\JI Montadora - 02 Produção\01 Controle de Produção\01 - Projeto Cadastro\02 - B.O.M\01. CATEGORIA VIDRO\16 - VIDROS - VISTA - CJ VIDROS VISTA SPRINTER 14 M  - VIDROFORTE.xlsx
2026-06-24 09:51:20,007 INFO Importado B.O.M. C:\Users\PRODUCAO-2.0\J I MONTADORA DE VEICULOS ESPECIAIS LTDA\JI Montadora - 02 Produção\01 Controle de Produção\01 - Projeto Cadastro\02 - B.O.M\01. CATEGORIA VIDRO\17 - VIDROS - VISTA - CJ VIDROS VISTA EXPERT JUMPY SCUDO - VIDROFORTE.xlsx
2026-06-24 09:51:20,199 INFO Importado B.O.M. C:\Users\PRODUCAO-2.0\J I MONTADORA DE VEICULOS ESPECIAIS LTDA\JI Montadora - 02 Produção\01 Controle de Produção\01 - Projeto Cadastro\02 - B.O.M\01. CATEGORIA VIDRO\18 - VIDROS - VISTA - CJ VIDROS VISTA BOXER JUMPER DUCATO - VIDROFORTE.xlsx
2026-06-24 09:51:21,229 INFO Importado B.O.M. C:\Users\PRODUCAO-2.0\J I MONTADORA DE VEICULOS ESPECIAIS LTDA\JI Montadora - 02 Produção\01 Controle de Produção\01 - Projeto Cadastro\02 - B.O.M\01. CATEGORIA VIDRO\19 - VIDROS - SELADO - CJ VIDROS SELADO MASTER L2H2 - VETROEX.xlsx
2026-06-24 09:51:21,440 INFO Importado B.O.M. C:\Users\PRODUCAO-2.0\J I MONTADORA DE VEICULOS ESPECIAIS LTDA\JI Montadora - 02 Produção\01 Controle de Produção\01 - Projeto Cadastro\02 - B.O.M\01. CATEGORIA VIDRO\20 - VIDROS - SELADO - CJ VIDROS SELADO MASTER L3H2 - SELADO - VETROEX.xlsx
2026-06-24 09:51:21,645 INFO Importado B.O.M. C:\Users\PRODUCAO-2.0\J I MONTADORA DE VEICULOS ESPECIAIS LTDA\JI Montadora - 02 Produção\01 Controle de Produção\01 - Projeto Cadastro\02 - B.O.M\01. CATEGORIA VIDRO\21 - VIDROS - SELADO - CJ VIDROS SELADO MASTER L1H1 - SELADO - VETROEX.xlsx
2026-06-24 09:51:21,867 INFO Importado B.O.M. C:\Users\PRODUCAO-2.0\J I MONTADORA DE VEICULOS ESPECIAIS LTDA\JI Montadora - 02 Produção\01 Controle de Produção\01 - Projeto Cadastro\02 - B.O.M\01. CATEGORIA VIDRO\22 - VIDROS - SELADO - CJ VIDROS SELADO TRANSIT L3H3 - SELADO - VETROEX.xlsx
2026-06-24 09:51:22,097 INFO Importado B.O.M. C:\Users\PRODUCAO-2.0\J I MONTADORA DE VEICULOS ESPECIAIS LTDA\JI Montadora - 02 Produção\01 Controle de Produção\01 - Projeto Cadastro\02 - B.O.M\01. CATEGORIA VIDRO\23 - VIDROS - SELADO - CJ VIDROS SELADO TRANSIT L2H3 - SELADO - VETROEX.xlsx
2026-06-24 09:51:22,270 INFO Importado B.O.M. C:\Users\PRODUCAO-2.0\J I MONTADORA DE VEICULOS ESPECIAIS LTDA\JI Montadora - 02 Produção\01 Controle de Produção\01 - Projeto Cadastro\02 - B.O.M\01. CATEGORIA VIDRO\24 - VIDROS - SELADO - CJ VIDROS SELADO SPRINTER 10 M - SELADO - VETROEX.xlsx
2026-06-24 09:51:22,472 INFO Importado B.O.M. C:\Users\PRODUCAO-2.0\J I MONTADORA DE VEICULOS ESPECIAIS LTDA\JI Montadora - 02 Produção\01 Controle de Produção\01 - Projeto Cadastro\02 - B.O.M\01. CATEGORIA VIDRO\25 - VIDROS - SELADO - CJ VIDROS SELADO SPRINTER 14 M - SELADO - VETROEX.xlsx
2026-06-24 09:51:22,653 INFO Importado B.O.M. C:\Users\PRODUCAO-2.0\J I MONTADORA DE VEICULOS ESPECIAIS LTDA\JI Montadora - 02 Produção\01 Controle de Produção\01 - Projeto Cadastro\02 - B.O.M\01. CATEGORIA VIDRO\26 - VIDROS - SELADO - CJ VIDROS SELADO EXPERT JUMPY SCUDO - SELADO - VETROEX.xlsx
2026-06-24 09:51:22,831 INFO Importado B.O.M. C:\Users\PRODUCAO-2.0\J I MONTADORA DE VEICULOS ESPECIAIS LTDA\JI Montadora - 02 Produção\01 Controle de Produção\01 - Projeto Cadastro\02 - B.O.M\01. CATEGORIA VIDRO\27- VIDROS - SELADO - CJ VIDROS SELADO BOXER JUMPER DUCATO - SELADO - VETROEX.xlsx
2026-06-24 09:51:23,035 INFO Importado B.O.M. C:\Users\PRODUCAO-2.0\J I MONTADORA DE VEICULOS ESPECIAIS LTDA\JI Montadora - 02 Produção\01 Controle de Produção\01 - Projeto Cadastro\02 - B.O.M\01. CATEGORIA VIDRO\28 - VIDROS - VISTA - CJ VIDROS VISTA 1º LDLE 2º LE EXPERT JUMPY SCUDO - STYLLUS.xlsx
2026-06-24 09:51:23,304 INFO Importado B.O.M. C:\Users\PRODUCAO-2.0\J I MONTADORA DE VEICULOS ESPECIAIS LTDA\JI Montadora - 02 Produção\01 Controle de Produção\01 - Projeto Cadastro\02 - B.O.M\01. TEMPLATE PADRÃO COMPOSIÇÃO.xlsx
2026-06-24 09:51:23,527 INFO Importado B.O.M. C:\Users\PRODUCAO-2.0\J I MONTADORA DE VEICULOS ESPECIAIS LTDA\JI Montadora - 02 Produção\01 Controle de Produção\01 - Projeto Cadastro\02 - B.O.M\02. CATEGORIA ABS\01 - ABS - CJ REVESTIMENTO ESSENCIAL RENAULT MASTER L2H2.xlsx
2026-06-24 09:51:23,760 INFO Importado B.O.M. C:\Users\PRODUCAO-2.0\J I MONTADORA DE VEICULOS ESPECIAIS LTDA\JI Montadora - 02 Produção\01 Controle de Produção\01 - Projeto Cadastro\02 - B.O.M\02. CATEGORIA ABS\02 - ABS - CJ REVESTIMENTO ESSENCIAL RENAULT MASTER L3H2.xlsx
2026-06-24 09:51:23,910 INFO Importado B.O.M. C:\Users\PRODUCAO-2.0\J I MONTADORA DE VEICULOS ESPECIAIS LTDA\JI Montadora - 02 Produção\01 Controle de Produção\01 - Projeto Cadastro\02 - B.O.M\02. CATEGORIA ABS\03 - ABS - CJ REVESTIMENTO B-J-D.xlsx
2026-06-24 09:51:24,031 INFO Importado B.O.M. C:\Users\PRODUCAO-2.0\J I MONTADORA DE VEICULOS ESPECIAIS LTDA\JI Montadora - 02 Produção\01 Controle de Produção\01 - Projeto Cadastro\02 - B.O.M\02. CATEGORIA ABS\04 - ABS - CJ REVESTIMENTO E-S-J.xlsx
2026-06-24 09:51:24,270 INFO Importado B.O.M. C:\Users\PRODUCAO-2.0\J I MONTADORA DE VEICULOS ESPECIAIS LTDA\JI Montadora - 02 Produção\01 Controle de Produção\01 - Projeto Cadastro\02 - B.O.M\02. CATEGORIA ABS\05 - ABS - CJ REVESTIMENTO IVECO 50-180.xlsx
2026-06-24 09:51:24,484 INFO Importado B.O.M. C:\Users\PRODUCAO-2.0\J I MONTADORA DE VEICULOS ESPECIAIS LTDA\JI Montadora - 02 Produção\01 Controle de Produção\01 - Projeto Cadastro\02 - B.O.M\02. CATEGORIA ABS\06 - ABS - CJ REVESTIMENTO PLUS SPRINTER 417 10,5 M³.xlsx
2026-06-24 09:51:24,735 INFO Importado B.O.M. C:\Users\PRODUCAO-2.0\J I MONTADORA DE VEICULOS ESPECIAIS LTDA\JI Montadora - 02 Produção\01 Controle de Produção\01 - Projeto Cadastro\02 - B.O.M\02. CATEGORIA ABS\07 - ABS - CJ REVESTIMENTO PLUS SPRINTER 417 14 M³.xlsx
2026-06-24 09:51:24,989 INFO Importado B.O.M. C:\Users\PRODUCAO-2.0\J I MONTADORA DE VEICULOS ESPECIAIS LTDA\JI Montadora - 02 Produção\01 Controle de Produção\01 - Projeto Cadastro\02 - B.O.M\02. CATEGORIA ABS\08 - ABS - CJ REVESTIMENTO PLUS SPRINTER 517 15 M³.xlsx
2026-06-24 09:51:25,241 INFO Importado B.O.M. C:\Users\PRODUCAO-2.0\J I MONTADORA DE VEICULOS ESPECIAIS LTDA\JI Montadora - 02 Produção\01 Controle de Produção\01 - Projeto Cadastro\02 - B.O.M\02. CATEGORIA ABS\09 - ABS - CJ REVESTIMENTO TRANSIT L4H3.xlsx
2026-06-24 09:51:25,467 INFO Importado B.O.M. C:\Users\PRODUCAO-2.0\J I MONTADORA DE VEICULOS ESPECIAIS LTDA\JI Montadora - 02 Produção\01 Controle de Produção\01 - Projeto Cadastro\02 - B.O.M\02. CATEGORIA ABS\10 - ABS - CJ REVESTIMENTO TRANSIT L3H3.xlsx
2026-06-24 09:51:25,688 INFO Importado B.O.M. C:\Users\PRODUCAO-2.0\J I MONTADORA DE VEICULOS ESPECIAIS LTDA\JI Montadora - 02 Produção\01 Controle de Produção\01 - Projeto Cadastro\02 - B.O.M\02. CATEGORIA ABS\11 - ABS - CJ DUTO AR CONDICIONADO ABS PC PLUS SPRINTER 10,5M³.xlsx
2026-06-24 09:51:25,935 INFO Importado B.O.M. C:\Users\PRODUCAO-2.0\J I MONTADORA DE VEICULOS ESPECIAIS LTDA\JI Montadora - 02 Produção\01 Controle de Produção\01 - Projeto Cadastro\02 - B.O.M\02. CATEGORIA ABS\12 - ABS - CJ DUTO AR CONDICIONADO ABS PC PLUS SPRINTER 1415M³.xlsx
2026-06-24 09:51:26,227 INFO Importado B.O.M. C:\Users\PRODUCAO-2.0\J I MONTADORA DE VEICULOS ESPECIAIS LTDA\JI Montadora - 02 Produção\01 Controle de Produção\01 - Projeto Cadastro\02 - B.O.M\02. CATEGORIA ABS\13 - ABS - CJ REVESTIMENTO PLUS SPRINTER 517 14 M³.xlsx
2026-06-24 09:51:26,461 INFO Importado B.O.M. C:\Users\PRODUCAO-2.0\J I MONTADORA DE VEICULOS ESPECIAIS LTDA\JI Montadora - 02 Produção\01 Controle de Produção\01 - Projeto Cadastro\02 - B.O.M\02. CATEGORIA ABS\14 - CJ CONSOLE AC TRANSIT L3H3 ACABAMENTO MADEIRA REVESTIDA.xlsx
2026-06-24 09:51:26,746 INFO Importado B.O.M. C:\Users\PRODUCAO-2.0\J I MONTADORA DE VEICULOS ESPECIAIS LTDA\JI Montadora - 02 Produção\01 Controle de Produção\01 - Projeto Cadastro\02 - B.O.M\02. CATEGORIA ABS\15 - ABS - CJ REVESTIMENTO PLUS RENAULT MASTER L2H2.xlsx
2026-06-24 09:51:26,985 INFO Importado B.O.M. C:\Users\PRODUCAO-2.0\J I MONTADORA DE VEICULOS ESPECIAIS LTDA\JI Montadora - 02 Produção\01 Controle de Produção\01 - Projeto Cadastro\02 - B.O.M\02. CATEGORIA ABS\16 - ABS - CJ REVESTIMENTO PLUS RENAULT MASTER L3H2.xlsx
2026-06-24 09:51:27,196 INFO Importado B.O.M. C:\Users\PRODUCAO-2.0\J I MONTADORA DE VEICULOS ESPECIAIS LTDA\JI Montadora - 02 Produção\01 Controle de Produção\01 - Projeto Cadastro\02 - B.O.M\02. CATEGORIA ABS\17 - ABS - CJ REVESTIMENTO IVECO 50-180.xlsx
2026-06-24 09:51:27,293 INFO Importado B.O.M. C:\Users\PRODUCAO-2.0\J I MONTADORA DE VEICULOS ESPECIAIS LTDA\JI Montadora - 02 Produção\01 Controle de Produção\01 - Projeto Cadastro\02 - B.O.M\02. CATEGORIA ABS\18 - ABS - CJ. ACABAMENTO ABS ARO JANELAS ESJ.xlsx
2026-06-24 09:51:27,468 INFO Importado B.O.M. C:\Users\PRODUCAO-2.0\J I MONTADORA DE VEICULOS ESPECIAIS LTDA\JI Montadora - 02 Produção\01 Controle de Produção\01 - Projeto Cadastro\02 - B.O.M\02. CATEGORIA ABS\19 - CJ ABS FORROS E-S-J PL-PTS.xlsx
2026-06-24 09:51:27,649 INFO Importado B.O.M. C:\Users\PRODUCAO-2.0\J I MONTADORA DE VEICULOS ESPECIAIS LTDA\JI Montadora - 02 Produção\01 Controle de Produção\01 - Projeto Cadastro\02 - B.O.M\02. CATEGORIA ABS\20 - PP ABS TETO FLOCADO PRETO PC E-S-J TB.xlsx
2026-06-24 09:51:27,826 INFO Importado B.O.M. C:\Users\PRODUCAO-2.0\J I MONTADORA DE VEICULOS ESPECIAIS LTDA\JI Montadora - 02 Produção\01 Controle de Produção\01 - Projeto Cadastro\02 - B.O.M\02. CATEGORIA ABS\21 - PP ALCA PQP CABINE ORIGINAL LD E-S-J.xlsx
2026-06-24 09:51:28,021 INFO Importado B.O.M. C:\Users\PRODUCAO-2.0\J I MONTADORA DE VEICULOS ESPECIAIS LTDA\JI Montadora - 02 Produção\01 Controle de Produção\01 - Projeto Cadastro\02 - B.O.M\02. CATEGORIA ABS\22 - PP COLUNA B ORIGINAL CINTO SEGURANCA LE E-S-J PRETO FOSCO VINÍLICA.xlsx
2026-06-24 09:51:28,178 INFO Importado B.O.M. C:\Users\PRODUCAO-2.0\J I MONTADORA DE VEICULOS ESPECIAIS LTDA\JI Montadora - 02 Produção\01 Controle de Produção\01 - Projeto Cadastro\02 - B.O.M\02. CATEGORIA ABS\23 - PP COLUNA B ORIGINAL CINTO SEGURANCA LD E-S-J PRETO FOSCO VINÍLICA.xlsx
2026-06-24 09:51:28,338 INFO Importado B.O.M. C:\Users\PRODUCAO-2.0\J I MONTADORA DE VEICULOS ESPECIAIS LTDA\JI Montadora - 02 Produção\01 Controle de Produção\01 - Projeto Cadastro\02 - B.O.M\02. CATEGORIA ABS\24 - PP COLUNA A ORIGINAL LE E-S-J PRETO FOSCO VINÍLICA.xlsx
2026-06-24 09:51:28,501 INFO Importado B.O.M. C:\Users\PRODUCAO-2.0\J I MONTADORA DE VEICULOS ESPECIAIS LTDA\JI Montadora - 02 Produção\01 Controle de Produção\01 - Projeto Cadastro\02 - B.O.M\02. CATEGORIA ABS\25 - PP COLUNA A ORIGINAL LD E-S-J PRETO FOSCO VINÍLICA.xlsx
2026-06-24 09:51:28,716 INFO Importado B.O.M. C:\Users\PRODUCAO-2.0\J I MONTADORA DE VEICULOS ESPECIAIS LTDA\JI Montadora - 02 Produção\01 Controle de Produção\01 - Projeto Cadastro\02 - B.O.M\02. CATEGORIA ABS\26 - PP TETO ORIGINAL CABINE E-S-J PRETO FOSCO VINÍLICA.xlsx
2026-06-24 09:51:28,945 INFO Importado B.O.M. C:\Users\PRODUCAO-2.0\J I MONTADORA DE VEICULOS ESPECIAIS LTDA\JI Montadora - 02 Produção\01 Controle de Produção\01 - Projeto Cadastro\02 - B.O.M\02. CATEGORIA ABS\27 - PP QUEBRA SOL ORIGINAL CABINE E-S-J LD PRETO FOSCO VINÍLICA.xlsx
2026-06-24 09:51:29,095 INFO Importado B.O.M. C:\Users\PRODUCAO-2.0\J I MONTADORA DE VEICULOS ESPECIAIS LTDA\JI Montadora - 02 Produção\01 Controle de Produção\01 - Projeto Cadastro\02 - B.O.M\02. CATEGORIA ABS\27 - PP QUEBRA SOL ORIGINAL CABINE E-S-J LE PRETO FOSCO VINÍLICA.xlsx
2026-06-24 09:51:29,195 INFO Importado B.O.M. C:\Users\PRODUCAO-2.0\J I MONTADORA DE VEICULOS ESPECIAIS LTDA\JI Montadora - 02 Produção\01 Controle de Produção\01 - Projeto Cadastro\02 - B.O.M\02. CATEGORIA ABS\28 - PP SUPORTE QUEBRA SOL ORIGINAL CABINE E-S-J PRETO FOSCO VINÍLICA.xlsx
2026-06-24 09:51:29,306 INFO Importado B.O.M. C:\Users\PRODUCAO-2.0\J I MONTADORA DE VEICULOS ESPECIAIS LTDA\JI Montadora - 02 Produção\01 Controle de Produção\01 - Projeto Cadastro\02 - B.O.M\02. CATEGORIA ABS\29 - PP ACABAMENTO PLASTICO ORIGINAL MICROFONE SOM E-S-J.xlsx
2026-06-24 09:51:29,422 INFO Importado B.O.M. C:\Users\PRODUCAO-2.0\J I MONTADORA DE VEICULOS ESPECIAIS LTDA\JI Montadora - 02 Produção\01 Controle de Produção\01 - Projeto Cadastro\02 - B.O.M\02. CATEGORIA ABS\30 - PP LUMINARIA CABINE ORIGINAL E-S-J PRETO FOSCO VINÍLICA.xlsx
2026-06-24 09:51:29,538 INFO Importado B.O.M. C:\Users\PRODUCAO-2.0\J I MONTADORA DE VEICULOS ESPECIAIS LTDA\JI Montadora - 02 Produção\01 Controle de Produção\01 - Projeto Cadastro\02 - B.O.M\02. CATEGORIA ABS\31 - CJ TETO E-S-J VELUDO PRETO SALAO-CABINE-COLUNAB- COLUNAA-ACESSORIOS ORICAB.xlsx
2026-06-24 09:51:29,595 INFO Importado B.O.M. C:\Users\PRODUCAO-2.0\J I MONTADORA DE VEICULOS ESPECIAIS LTDA\JI Montadora - 02 Produção\01 Controle de Produção\01 - Projeto Cadastro\02 - B.O.M\02. CATEGORIA ABS\32 - CJ REVESTIMENTO E-S-J TB C. TETO VELUDO PRETO.xlsx
2026-06-24 09:51:29,649 INFO Importado B.O.M. C:\Users\PRODUCAO-2.0\J I MONTADORA DE VEICULOS ESPECIAIS LTDA\JI Montadora - 02 Produção\01 Controle de Produção\01 - Projeto Cadastro\02 - B.O.M\02. CATEGORIA ABS\33 - ABS - CJ REVESTIMENTO TRANSIT L3H2 VITRE.xlsx
2026-06-24 09:51:29,751 INFO Importado B.O.M. C:\Users\PRODUCAO-2.0\J I MONTADORA DE VEICULOS ESPECIAIS LTDA\JI Montadora - 02 Produção\01 Controle de Produção\01 - Projeto Cadastro\02 - B.O.M\02. CATEGORIA ABS\34 - PP ABS PC ALETA AR PRETA E-S-J TB PILAR.xlsx
2026-06-24 09:51:29,850 INFO Importado B.O.M. C:\Users\PRODUCAO-2.0\J I MONTADORA DE VEICULOS ESPECIAIS LTDA\JI Montadora - 02 Produção\01 Controle de Produção\01 - Projeto Cadastro\02 - B.O.M\02. CATEGORIA ABS\35 - PP ARO JANELA PVC 1º VAO LE ESJ C-CLASS.xlsx
2026-06-24 09:51:29,960 INFO Importado B.O.M. C:\Users\PRODUCAO-2.0\J I MONTADORA DE VEICULOS ESPECIAIS LTDA\JI Montadora - 02 Produção\01 Controle de Produção\01 - Projeto Cadastro\02 - B.O.M\02. CATEGORIA ABS\36 - PP ARO JANELA PVC 2º VAO LE ESJ C-CLASS.xlsx
2026-06-24 09:51:30,078 INFO Importado B.O.M. C:\Users\PRODUCAO-2.0\J I MONTADORA DE VEICULOS ESPECIAIS LTDA\JI Montadora - 02 Produção\01 Controle de Produção\01 - Projeto Cadastro\02 - B.O.M\02. CATEGORIA ABS\37 - PP ARO JANELA PVC 2º VAO LD ESJ C-CLASS.xlsx
2026-06-24 09:51:30,172 INFO Importado B.O.M. C:\Users\PRODUCAO-2.0\J I MONTADORA DE VEICULOS ESPECIAIS LTDA\JI Montadora - 02 Produção\01 Controle de Produção\01 - Projeto Cadastro\02 - B.O.M\02. CATEGORIA ABS\38 - CJ ABS ACABAMENTO ARO JANELAS ESJ C. CORTINA VELUDO PRETA.xlsx
2026-06-24 09:51:30,271 INFO Importado B.O.M. C:\Users\PRODUCAO-2.0\J I MONTADORA DE VEICULOS ESPECIAIS LTDA\JI Montadora - 02 Produção\01 Controle de Produção\01 - Projeto Cadastro\02 - B.O.M\02. CATEGORIA ABS\39 - PP ABS PC C. MOLDURA CORTINA PVC ESJ C-CLASS TB LATERAL MOTORISTA LE 1º2º VAO.xlsx
2026-06-24 09:51:30,371 INFO Importado B.O.M. C:\Users\PRODUCAO-2.0\J I MONTADORA DE VEICULOS ESPECIAIS LTDA\JI Montadora - 02 Produção\01 Controle de Produção\01 - Projeto Cadastro\02 - B.O.M\02. CATEGORIA ABS\40 - PP ABS PC C. MOLDURA CORTINA PVC ESJ C-CLASS TB LATERAL PASSAGEIRO LD 2º VAO.xlsx
2026-06-24 09:51:30,473 INFO Importado B.O.M. C:\Users\PRODUCAO-2.0\J I MONTADORA DE VEICULOS ESPECIAIS LTDA\JI Montadora - 02 Produção\01 Controle de Produção\01 - Projeto Cadastro\02 - B.O.M\02. CATEGORIA ABS\41 - PP ABS PC C. MOLDURA CORTINA PVC ESJ C-CLASS TB LATERAL MOTORISTA LE 1º2º VAO CINZA RAL 7021 PU - TI.01.J04.xlsx
2026-06-24 09:51:30,584 INFO Importado B.O.M. C:\Users\PRODUCAO-2.0\J I MONTADORA DE VEICULOS ESPECIAIS LTDA\JI Montadora - 02 Produção\01 Controle de Produção\01 - Projeto Cadastro\02 - B.O.M\02. CATEGORIA ABS\42 - PP ABS PC C. MOL COR ESJ C-CLAS LAT LD 2º CINZA RAL 7021 PU - TI.01.J04.xlsx
2026-06-24 09:51:30,695 INFO Importado B.O.M. C:\Users\PRODUCAO-2.0\J I MONTADORA DE VEICULOS ESPECIAIS LTDA\JI Montadora - 02 Produção\01 Controle de Produção\01 - Projeto Cadastro\02 - B.O.M\02. CATEGORIA ABS\43 - PP ABS ESJ ACAB INF PL LD CINZA RAL 7021 PU - TI.01.J04.xlsx
2026-06-24 09:51:30,803 INFO Importado B.O.M. C:\Users\PRODUCAO-2.0\J I MONTADORA DE VEICULOS ESPECIAIS LTDA\JI Montadora - 02 Produção\01 Controle de Produção\01 - Projeto Cadastro\02 - B.O.M\02. CATEGORIA ABS\44 - PP ABS ESJ ACAB INF PT LE CINZA RAL 7021 PU - TI.01.J04.xlsx
2026-06-24 09:51:30,903 INFO Importado B.O.M. C:\Users\PRODUCAO-2.0\J I MONTADORA DE VEICULOS ESPECIAIS LTDA\JI Montadora - 02 Produção\01 Controle de Produção\01 - Projeto Cadastro\02 - B.O.M\02. CATEGORIA ABS\45 - PP ABS ESJ ACAB INF PT LD CINZA RAL 7021 PU - TI.01.J04.xlsx
2026-06-24 09:51:31,008 INFO Importado B.O.M. C:\Users\PRODUCAO-2.0\J I MONTADORA DE VEICULOS ESPECIAIS LTDA\JI Montadora - 02 Produção\01 Controle de Produção\01 - Projeto Cadastro\02 - B.O.M\02. CATEGORIA ABS\46 - PP ABS ESJ ACAB ARO PL LD CINZA RAL 7021 PU - TI.01.J04.xlsx
2026-06-24 09:51:31,115 INFO Importado B.O.M. C:\Users\PRODUCAO-2.0\J I MONTADORA DE VEICULOS ESPECIAIS LTDA\JI Montadora - 02 Produção\01 Controle de Produção\01 - Projeto Cadastro\02 - B.O.M\02. CATEGORIA ABS\47 - PP ABS ESJ ACAB ARO PT LE CINZA RAL 7021 PU - TI.01.J04.xlsx
2026-06-24 09:51:31,229 INFO Importado B.O.M. C:\Users\PRODUCAO-2.0\J I MONTADORA DE VEICULOS ESPECIAIS LTDA\JI Montadora - 02 Produção\01 Controle de Produção\01 - Projeto Cadastro\02 - B.O.M\02. CATEGORIA ABS\48 - PP ABS ESJ ACAB ARO PT LD CINZA RAL 7021 PU - TI.01.J04.xlsx
2026-06-24 09:51:31,286 INFO Importado B.O.M. C:\Users\PRODUCAO-2.0\J I MONTADORA DE VEICULOS ESPECIAIS LTDA\JI Montadora - 02 Produção\01 Controle de Produção\01 - Projeto Cadastro\02 - B.O.M\02. CATEGORIA ABS\49 - PP ABS ESJ ACAB COLUNA CINTO SEGURANCA LD CINZA RAL 7021 PU - TI.01.J04.xlsx
2026-06-24 09:51:31,342 INFO Importado B.O.M. C:\Users\PRODUCAO-2.0\J I MONTADORA DE VEICULOS ESPECIAIS LTDA\JI Montadora - 02 Produção\01 Controle de Produção\01 - Projeto Cadastro\02 - B.O.M\02. CATEGORIA ABS\50 - CJ REVES ESJ CINZA RAL C. MOLD. P. CORTINAS EMBUT E TETO C. VELUDO PRETO.xlsx
2026-06-24 09:51:31,402 INFO Importado B.O.M. C:\Users\PRODUCAO-2.0\J I MONTADORA DE VEICULOS ESPECIAIS LTDA\JI Montadora - 02 Produção\01 Controle de Produção\01 - Projeto Cadastro\02 - B.O.M\02. CATEGORIA ABS\51 - CJ ABS ACAB ARO JANELAS ESJ CINZA RAL 7021 PU - TI.01.J04 C. CORT VEL PRE.xlsx
2026-06-24 09:51:31,460 INFO Importado B.O.M. C:\Users\PRODUCAO-2.0\J I MONTADORA DE VEICULOS ESPECIAIS LTDA\JI Montadora - 02 Produção\01 Controle de Produção\01 - Projeto Cadastro\02 - B.O.M\02. CATEGORIA ABS\52 - CJ ABS ACAB ARO JAN ESJ CINZA RAL 7021 PU - TI.01.J04.xlsx
2026-06-24 09:51:31,556 INFO Importado B.O.M. C:\Users\PRODUCAO-2.0\J I MONTADORA DE VEICULOS ESPECIAIS LTDA\JI Montadora - 02 Produção\01 Controle de Produção\01 - Projeto Cadastro\02 - B.O.M\03. CATEGORIA ISOLAMENTO\01 - CJ ISOLAMENTO TERMICO P. MASTER L3H2 C. MANTA AUTOADESIVA ALUMINIZADA.xlsx
2026-06-24 09:51:31,648 INFO Importado B.O.M. C:\Users\PRODUCAO-2.0\J I MONTADORA DE VEICULOS ESPECIAIS LTDA\JI Montadora - 02 Produção\01 Controle de Produção\01 - Projeto Cadastro\02 - B.O.M\03. CATEGORIA ISOLAMENTO\02 - CJ ISOLAMENTO TERMICO P E-S-J TB C MANTA AUTOADESIVA ALUMINIZADA.xlsx
2026-06-24 09:51:31,755 INFO Importado B.O.M. C:\Users\PRODUCAO-2.0\J I MONTADORA DE VEICULOS ESPECIAIS LTDA\JI Montadora - 02 Produção\01 Controle de Produção\01 - Projeto Cadastro\02 - B.O.M\03. CATEGORIA ISOLAMENTO\03 - CJ ISOLAMENTO TERMICO P E-S-J TA C MANTA AUTOADESIVA ALUMINIZADA.xlsx
2026-06-24 09:51:31,867 INFO Importado B.O.M. C:\Users\PRODUCAO-2.0\J I MONTADORA DE VEICULOS ESPECIAIS LTDA\JI Montadora - 02 Produção\01 Controle de Produção\01 - Projeto Cadastro\02 - B.O.M\03. CATEGORIA ISOLAMENTO\04 - CJ ISOLAMENTO TERMICO P MASTER L2H2 C MANTA AUTOADESIVA ALUMINIZADA.xlsx
2026-06-24 09:51:31,958 INFO Importado B.O.M. C:\Users\PRODUCAO-2.0\J I MONTADORA DE VEICULOS ESPECIAIS LTDA\JI Montadora - 02 Produção\01 Controle de Produção\01 - Projeto Cadastro\02 - B.O.M\03. CATEGORIA ISOLAMENTO\05 - CJ ISOLAMENTO TERMICO P SPRINTER 417 10 M C MANTA AUTOADESIVA ALUMINIZADA.xlsx
2026-06-24 09:51:32,051 INFO Importado B.O.M. C:\Users\PRODUCAO-2.0\J I MONTADORA DE VEICULOS ESPECIAIS LTDA\JI Montadora - 02 Produção\01 Controle de Produção\01 - Projeto Cadastro\02 - B.O.M\03. CATEGORIA ISOLAMENTO\06 - CJ ISOLAMENTO TERMICO P SPRINTER 417 14 M C MANTA AUTOADESIVA ALUMINIZADA.xlsx
2026-06-24 09:51:32,146 INFO Importado B.O.M. C:\Users\PRODUCAO-2.0\J I MONTADORA DE VEICULOS ESPECIAIS LTDA\JI Montadora - 02 Produção\01 Controle de Produção\01 - Projeto Cadastro\02 - B.O.M\03. CATEGORIA ISOLAMENTO\07 - CJ ISOLAMENTO TERMICO P SPRINTER 517 15 M C MANTA AUTOADESIVA ALUMINIZADA.xlsx
2026-06-24 09:51:32,250 INFO Importado B.O.M. C:\Users\PRODUCAO-2.0\J I MONTADORA DE VEICULOS ESPECIAIS LTDA\JI Montadora - 02 Produção\01 Controle de Produção\01 - Projeto Cadastro\02 - B.O.M\03. CATEGORIA ISOLAMENTO\08 - CJ ISOLAMENTO TERMICO P B-J-D C MANTA AUTOADESIVA ALUMINIZADA.xlsx
2026-06-24 09:51:32,475 INFO Importado B.O.M. C:\Users\PRODUCAO-2.0\J I MONTADORA DE VEICULOS ESPECIAIS LTDA\JI Montadora - 02 Produção\01 Controle de Produção\01 - Projeto Cadastro\02 - B.O.M\03. CATEGORIA ISOLAMENTO\09 - CJ ISOLAMENTO TERMICO P TRANSIT L3H3 C MANTA AUTOADESIVA.xlsx
2026-06-24 09:51:32,685 INFO Importado B.O.M. C:\Users\PRODUCAO-2.0\J I MONTADORA DE VEICULOS ESPECIAIS LTDA\JI Montadora - 02 Produção\01 Controle de Produção\01 - Projeto Cadastro\02 - B.O.M\03. CATEGORIA ISOLAMENTO\10 - CJ ISOLAMENTO TERMICO P TRANSIT L4H3 C MANTA AUTOADESIVA.xlsx
2026-06-24 09:51:32,776 INFO Importado B.O.M. C:\Users\PRODUCAO-2.0\J I MONTADORA DE VEICULOS ESPECIAIS LTDA\JI Montadora - 02 Produção\01 Controle de Produção\01 - Projeto Cadastro\02 - B.O.M\04. CATEGORIA PISO\01 - CJ PISO CN 12 MM MASTER L3H2 LG BRIGHT GRAFITE 92402 - UNIVERSAL - R00.xlsx
2026-06-24 09:51:32,996 INFO Importado B.O.M. C:\Users\PRODUCAO-2.0\J I MONTADORA DE VEICULOS ESPECIAIS LTDA\JI Montadora - 02 Produção\01 Controle de Produção\01 - Projeto Cadastro\02 - B.O.M\04. CATEGORIA PISO\01.1 - PP PISO CN 12 MM MASTER L3H2 - UNIVERSAL - R00.xlsx
2026-06-24 09:51:33,193 INFO Importado B.O.M. C:\Users\PRODUCAO-2.0\J I MONTADORA DE VEICULOS ESPECIAIS LTDA\JI Montadora - 02 Produção\01 Controle de Produção\01 - Projeto Cadastro\02 - B.O.M\04. CATEGORIA PISO\02 - CJ CANTONEIRA PVC PRETA PORTAS LATERAL E TRASEIRA RENAULT MASTER L2H2-L3H2.xlsx
2026-06-24 09:51:33,287 INFO Importado B.O.M. C:\Users\PRODUCAO-2.0\J I MONTADORA DE VEICULOS ESPECIAIS LTDA\JI Montadora - 02 Produção\01 Controle de Produção\01 - Projeto Cadastro\02 - B.O.M\04. CATEGORIA PISO\02.1 - PP CANTONEIRA PVC PRETA PORTA LATERAL CORREDICA RENAULT MASTER L2H2-L3H2.xlsx
2026-06-24 09:51:33,477 INFO Importado B.O.M. C:\Users\PRODUCAO-2.0\J I MONTADORA DE VEICULOS ESPECIAIS LTDA\JI Montadora - 02 Produção\01 Controle de Produção\01 - Projeto Cadastro\02 - B.O.M\04. CATEGORIA PISO\02.2 - PP CANTONEIRA PVC PRETA PORTA TRASEIRA RENAULT MASTER L2H2-L3H2.xlsx
2026-06-24 09:51:33,561 INFO Importado B.O.M. C:\Users\PRODUCAO-2.0\J I MONTADORA DE VEICULOS ESPECIAIS LTDA\JI Montadora - 02 Produção\01 Controle de Produção\01 - Projeto Cadastro\02 - B.O.M\04. CATEGORIA PISO\03 - CJ PISO CN 12 MM MASTER L2H2 LG BRIGHT GRAFITE 92402 - UNIVERSAL - R00.xlsx
2026-06-24 09:51:33,731 INFO Importado B.O.M. C:\Users\PRODUCAO-2.0\J I MONTADORA DE VEICULOS ESPECIAIS LTDA\JI Montadora - 02 Produção\01 Controle de Produção\01 - Projeto Cadastro\02 - B.O.M\04. CATEGORIA PISO\03.1 - PP PISO CN 12 MM MASTER L2H2 - UNIVERSAL - R00 - 311-20.01-02.01-0001.xlsx
2026-06-24 09:51:33,813 INFO Importado B.O.M. C:\Users\PRODUCAO-2.0\J I MONTADORA DE VEICULOS ESPECIAIS LTDA\JI Montadora - 02 Produção\01 Controle de Produção\01 - Projeto Cadastro\02 - B.O.M\04. CATEGORIA PISO\04 - CJ ACABAMENTO TUBULAÇÃO AC RENAULT MASTER L3H2 VITRE LG BRIGHT GRAFITE 92402.xlsx
2026-06-24 09:51:33,898 INFO Importado B.O.M. C:\Users\PRODUCAO-2.0\J I MONTADORA DE VEICULOS ESPECIAIS LTDA\JI Montadora - 02 Produção\01 Controle de Produção\01 - Projeto Cadastro\02 - B.O.M\04. CATEGORIA PISO\04.1 - PP CAIXA COMPENSADO NAVAL P ACABAMENTO TUBULAÇÃO AC RENAULT MASTER.xlsx
2026-06-24 09:51:34,086 INFO Importado B.O.M. C:\Users\PRODUCAO-2.0\J I MONTADORA DE VEICULOS ESPECIAIS LTDA\JI Montadora - 02 Produção\01 Controle de Produção\01 - Projeto Cadastro\02 - B.O.M\04. CATEGORIA PISO\05 - CJ ACABAMENTO TUBULAÇÃO AC RENAULT MASTER L3H2 VITRE PASSADEIRA AMADEIRADA TARKETT.xlsx
2026-06-24 09:51:34,292 INFO Importado B.O.M. C:\Users\PRODUCAO-2.0\J I MONTADORA DE VEICULOS ESPECIAIS LTDA\JI Montadora - 02 Produção\01 Controle de Produção\01 - Projeto Cadastro\02 - B.O.M\04. CATEGORIA PISO\05.1 - PP CAIXA COMPENSADO NAVAL P ACAB TUBU AC REN MAS L3H2 VITRE.xlsx
2026-06-24 09:51:34,381 INFO Importado B.O.M. C:\Users\PRODUCAO-2.0\J I MONTADORA DE VEICULOS ESPECIAIS LTDA\JI Montadora - 02 Produção\01 Controle de Produção\01 - Projeto Cadastro\02 - B.O.M\04. CATEGORIA PISO\06 - CJ CANTONEIRA PVC PRETA PORTA TRASEIRA SPRINTER.xlsx
2026-06-24 09:51:34,558 INFO Importado B.O.M. C:\Users\PRODUCAO-2.0\J I MONTADORA DE VEICULOS ESPECIAIS LTDA\JI Montadora - 02 Produção\01 Controle de Produção\01 - Projeto Cadastro\02 - B.O.M\04. CATEGORIA PISO\06.1 - PP CANTONEIRA PVC PRETA PORTA TRASEIRA SPRINTER.xlsx
2026-06-24 09:51:34,669 INFO Importado B.O.M. C:\Users\PRODUCAO-2.0\J I MONTADORA DE VEICULOS ESPECIAIS LTDA\JI Montadora - 02 Produção\01 Controle de Produção\01 - Projeto Cadastro\02 - B.O.M\04. CATEGORIA PISO\07 - CJ CANTONEIRA PVC PRETA PORTAS (LATERAL E TRASEIRA) B-J-D.xlsx
2026-06-24 09:51:34,878 INFO Importado B.O.M. C:\Users\PRODUCAO-2.0\J I MONTADORA DE VEICULOS ESPECIAIS LTDA\JI Montadora - 02 Produção\01 Controle de Produção\01 - Projeto Cadastro\02 - B.O.M\04. CATEGORIA PISO\07.2 - PP CANTONEIRA PVC PRETA PORTA LATERAL CORREDICA B-J-D.xlsx
2026-06-24 09:51:34,976 INFO Importado B.O.M. C:\Users\PRODUCAO-2.0\J I MONTADORA DE VEICULOS ESPECIAIS LTDA\JI Montadora - 02 Produção\01 Controle de Produção\01 - Projeto Cadastro\02 - B.O.M\04. CATEGORIA PISO\07.3 - PP CANTONEIRA PVC PRETA PORTA TRASEIRA RENAULT B-J-D.xlsx
2026-06-24 09:51:35,061 INFO Importado B.O.M. C:\Users\PRODUCAO-2.0\J I MONTADORA DE VEICULOS ESPECIAIS LTDA\JI Montadora - 02 Produção\01 Controle de Produção\01 - Projeto Cadastro\02 - B.O.M\04. CATEGORIA PISO\08 - CJ ASSOALHO DEGRAU ENTRADA COMPENSADO NAVAL 12 MM LG BRIGHT GRAFITE 92402.xlsx
2026-06-24 09:51:35,149 INFO Importado B.O.M. C:\Users\PRODUCAO-2.0\J I MONTADORA DE VEICULOS ESPECIAIS LTDA\JI Montadora - 02 Produção\01 Controle de Produção\01 - Projeto Cadastro\02 - B.O.M\04. CATEGORIA PISO\08.1 - PP ASSOALHO DEGRAU ENTRADA TRANSIT COMPENSADO NAVAL 12 MM.xlsx
2026-06-24 09:51:35,296 INFO Importado B.O.M. C:\Users\PRODUCAO-2.0\J I MONTADORA DE VEICULOS ESPECIAIS LTDA\JI Montadora - 02 Produção\01 Controle de Produção\01 - Projeto Cadastro\02 - B.O.M\04. CATEGORIA PISO\09 - CJ ASSOALHO DEGRAU ENTRADA TRANSIT COMPENSADO NAVAL 12 MM PASSADEIRA AMADEIRADA.xlsx
2026-06-24 09:51:35,379 INFO Importado B.O.M. C:\Users\PRODUCAO-2.0\J I MONTADORA DE VEICULOS ESPECIAIS LTDA\JI Montadora - 02 Produção\01 Controle de Produção\01 - Projeto Cadastro\02 - B.O.M\04. CATEGORIA PISO\10 - CJ PISO CN 12 MM MASTER L2H2 PASSADEIRA AMADEIRADA TARKETT DB-UNIVERSAL- R00.xlsx
2026-06-24 09:51:35,618 INFO Importado B.O.M. C:\Users\PRODUCAO-2.0\J I MONTADORA DE VEICULOS ESPECIAIS LTDA\JI Montadora - 02 Produção\01 Controle de Produção\01 - Projeto Cadastro\02 - B.O.M\04. CATEGORIA PISO\11 - CJ PISO CN 12 MM MASTER L3H2 PASSADEIRA AMADEIRADA TARKETT DARK BROWN - UNIVERSAL.xlsx
2026-06-24 09:51:35,767 INFO Importado B.O.M. C:\Users\PRODUCAO-2.0\J I MONTADORA DE VEICULOS ESPECIAIS LTDA\JI Montadora - 02 Produção\01 Controle de Produção\01 - Projeto Cadastro\02 - B.O.M\04. CATEGORIA PISO\12 - CJ PISO CN 12 MM SPRINTER 417 10,5 FG LG BRIGHTGRAFITE92402-UNIVERSAL-R00.xlsx
2026-06-24 09:51:35,894 INFO Importado B.O.M. C:\Users\PRODUCAO-2.0\J I MONTADORA DE VEICULOS ESPECIAIS LTDA\JI Montadora - 02 Produção\01 Controle de Produção\01 - Projeto Cadastro\02 - B.O.M\04. CATEGORIA PISO\12.1 - PP PISO CN 12 MM SPRINTER 417 10,5 FG - UNIVERSAL - R00.xlsx
2026-06-24 09:51:36,012 INFO Importado B.O.M. C:\Users\PRODUCAO-2.0\J I MONTADORA DE VEICULOS ESPECIAIS LTDA\JI Montadora - 02 Produção\01 Controle de Produção\01 - Projeto Cadastro\02 - B.O.M\04. CATEGORIA PISO\13 - CJ PISO CN 12 MM SPRINTER 417 10,5 VITRE LG BRIGHT GRAFITE 92402-UNIVERSAL-R00.xlsx
2026-06-24 09:51:36,236 INFO Importado B.O.M. C:\Users\PRODUCAO-2.0\J I MONTADORA DE VEICULOS ESPECIAIS LTDA\JI Montadora - 02 Produção\01 Controle de Produção\01 - Projeto Cadastro\02 - B.O.M\04. CATEGORIA PISO\13.1 - PP PISO CN 12 MM SPRINTER 417 10,5 VITRE - UNIVERSAL - R00.xlsx
2026-06-24 09:51:36,339 INFO Importado B.O.M. C:\Users\PRODUCAO-2.0\J I MONTADORA DE VEICULOS ESPECIAIS LTDA\JI Montadora - 02 Produção\01 Controle de Produção\01 - Projeto Cadastro\02 - B.O.M\04. CATEGORIA PISO\14 - CJ PISO CN 12 MM SPRINTER 417 10,5 PASSADEIRA AMADEIRADATARKETTDARKBROWN.xlsx
2026-06-24 09:51:36,441 INFO Importado B.O.M. C:\Users\PRODUCAO-2.0\J I MONTADORA DE VEICULOS ESPECIAIS LTDA\JI Montadora - 02 Produção\01 Controle de Produção\01 - Projeto Cadastro\02 - B.O.M\04. CATEGORIA PISO\15 - CJ PISO CN 12 MM SPRINTER 417 10,5 VITRE PASSADEIRA AMADEIRADA TARKETT DARK BROWN.xlsx
2026-06-24 09:51:36,549 INFO Importado B.O.M. C:\Users\PRODUCAO-2.0\J I MONTADORA DE VEICULOS ESPECIAIS LTDA\JI Montadora - 02 Produção\01 Controle de Produção\01 - Projeto Cadastro\02 - B.O.M\04. CATEGORIA PISO\16 - CJ PISO CN 12 MM SPRINTER 417 14 FG LG BRIGHT GRAFITE 92402 - UNIVERSAL - R00.xlsx
2026-06-24 09:51:36,752 INFO Importado B.O.M. C:\Users\PRODUCAO-2.0\J I MONTADORA DE VEICULOS ESPECIAIS LTDA\JI Montadora - 02 Produção\01 Controle de Produção\01 - Projeto Cadastro\02 - B.O.M\04. CATEGORIA PISO\16.1 - PP PISO CN 12 MM SPRINTER 417 14 FG - UNIVERSAL - R00.xlsx
2026-06-24 09:51:36,913 INFO Importado B.O.M. C:\Users\PRODUCAO-2.0\J I MONTADORA DE VEICULOS ESPECIAIS LTDA\JI Montadora - 02 Produção\01 Controle de Produção\01 - Projeto Cadastro\02 - B.O.M\04. CATEGORIA PISO\17 - CJ PISO CN 12 MM SPRINTER 417 14 VITRE LG BRIGHT GRAFITE 92402 - UNIV - R00.xlsx
2026-06-24 09:51:37,087 INFO Importado B.O.M. C:\Users\PRODUCAO-2.0\J I MONTADORA DE VEICULOS ESPECIAIS LTDA\JI Montadora - 02 Produção\01 Controle de Produção\01 - Projeto Cadastro\02 - B.O.M\04. CATEGORIA PISO\17.1 - PP PISO CN 12 MM SPRINTER 417 14 VITRE - UNIVERSAL - R00.xlsx
2026-06-24 09:51:37,320 INFO Importado B.O.M. C:\Users\PRODUCAO-2.0\J I MONTADORA DE VEICULOS ESPECIAIS LTDA\JI Montadora - 02 Produção\01 Controle de Produção\01 - Projeto Cadastro\02 - B.O.M\04. CATEGORIA PISO\18 - CJ PISO CN 12 MM SPRINTER 417 14 FG PASSADEIRA AMADEIRADA TARKETT DARK.xlsx
2026-06-24 09:51:37,441 INFO Importado B.O.M. C:\Users\PRODUCAO-2.0\J I MONTADORA DE VEICULOS ESPECIAIS LTDA\JI Montadora - 02 Produção\01 Controle de Produção\01 - Projeto Cadastro\02 - B.O.M\04. CATEGORIA PISO\19 - CJ PISO CN 12 MM SPRINTER 417 14 VITRE PASSADEIRA AMADEIRADA TARKETT DARK.xlsx
2026-06-24 09:51:37,611 INFO Importado B.O.M. C:\Users\PRODUCAO-2.0\J I MONTADORA DE VEICULOS ESPECIAIS LTDA\JI Montadora - 02 Produção\01 Controle de Produção\01 - Projeto Cadastro\02 - B.O.M\04. CATEGORIA PISO\20 - CJ PISO CN 12 MM SPRINTER 517 14 FG LG BRIGHT GRAFITE 92402 - UNIVERSAL - R00.xlsx
2026-06-24 09:51:37,995 INFO Importado B.O.M. C:\Users\PRODUCAO-2.0\J I MONTADORA DE VEICULOS ESPECIAIS LTDA\JI Montadora - 02 Produção\01 Controle de Produção\01 - Projeto Cadastro\02 - B.O.M\04. CATEGORIA PISO\20.1 - PP PISO CN 12 MM SPRINTER 517 14 FG - UNIVERSAL - R00.xlsx
2026-06-24 09:51:38,162 INFO Importado B.O.M. C:\Users\PRODUCAO-2.0\J I MONTADORA DE VEICULOS ESPECIAIS LTDA\JI Montadora - 02 Produção\01 Controle de Produção\01 - Projeto Cadastro\02 - B.O.M\04. CATEGORIA PISO\21 - CJ PISO CN 12 MM SPRINTER 517 14 VITRE LG BRIGHT GRAFITE 92402 - UNIV - R00.xlsx
2026-06-24 09:51:38,382 INFO Importado B.O.M. C:\Users\PRODUCAO-2.0\J I MONTADORA DE VEICULOS ESPECIAIS LTDA\JI Montadora - 02 Produção\01 Controle de Produção\01 - Projeto Cadastro\02 - B.O.M\04. CATEGORIA PISO\21.1 - PP PISO CN 12 MM SPRINTER 517 14 VITRE - UNIVERSAL - R00.xlsx
2026-06-24 09:51:38,497 INFO Importado B.O.M. C:\Users\PRODUCAO-2.0\J I MONTADORA DE VEICULOS ESPECIAIS LTDA\JI Montadora - 02 Produção\01 Controle de Produção\01 - Projeto Cadastro\02 - B.O.M\04. CATEGORIA PISO\22 - CJ PISO CN 12 MM SPRINTER 517 14 FG PASSADEIRA AMADEIRADA TAR DARK-UNIVER00.xlsx
2026-06-24 09:51:38,610 INFO Importado B.O.M. C:\Users\PRODUCAO-2.0\J I MONTADORA DE VEICULOS ESPECIAIS LTDA\JI Montadora - 02 Produção\01 Controle de Produção\01 - Projeto Cadastro\02 - B.O.M\04. CATEGORIA PISO\23 - CJ PISO CN 12 MM SPRINTER 517 14 VITRE PASSADEIRA AMADEIRADA TARDARK-UNIVER00.xlsx
2026-06-24 09:51:38,727 INFO Importado B.O.M. C:\Users\PRODUCAO-2.0\J I MONTADORA DE VEICULOS ESPECIAIS LTDA\JI Montadora - 02 Produção\01 Controle de Produção\01 - Projeto Cadastro\02 - B.O.M\04. CATEGORIA PISO\24 - CJ PISO CN 12 MM SPRINTER 517 15 FG LG BRIGHT GRAFITE 92402 - UNIVERSAL - R00.xlsx
2026-06-24 09:51:38,831 INFO Importado B.O.M. C:\Users\PRODUCAO-2.0\J I MONTADORA DE VEICULOS ESPECIAIS LTDA\JI Montadora - 02 Produção\01 Controle de Produção\01 - Projeto Cadastro\02 - B.O.M\04. CATEGORIA PISO\24.1 - PP PISO CN 12 MM SPRINTER 517 15 FG - UNIVERSAL - R00.xlsx
2026-06-24 09:51:38,955 INFO Importado B.O.M. C:\Users\PRODUCAO-2.0\J I MONTADORA DE VEICULOS ESPECIAIS LTDA\JI Montadora - 02 Produção\01 Controle de Produção\01 - Projeto Cadastro\02 - B.O.M\04. CATEGORIA PISO\25 - CJ PISO CN 12 MM SPRINTER 517 15 VITRE LG BRIGHT GRAFITE 92402 - UNIVE-R00.xlsx
2026-06-24 09:51:39,213 INFO Importado B.O.M. C:\Users\PRODUCAO-2.0\J I MONTADORA DE VEICULOS ESPECIAIS LTDA\JI Montadora - 02 Produção\01 Controle de Produção\01 - Projeto Cadastro\02 - B.O.M\04. CATEGORIA PISO\25.1 - PP PISO CN 12 MM SPRINTER 517 15 VITRE - UNIVERSAL - R00.xlsx
2026-06-24 09:51:39,326 INFO Importado B.O.M. C:\Users\PRODUCAO-2.0\J I MONTADORA DE VEICULOS ESPECIAIS LTDA\JI Montadora - 02 Produção\01 Controle de Produção\01 - Projeto Cadastro\02 - B.O.M\04. CATEGORIA PISO\26 - CJ PISO CN 12 MM SPRINTER 517 15 FG AMA TARKETT DARK BROWN - UNIVERSAL - R00.xlsx
2026-06-24 09:51:39,518 INFO Importado B.O.M. C:\Users\PRODUCAO-2.0\J I MONTADORA DE VEICULOS ESPECIAIS LTDA\JI Montadora - 02 Produção\01 Controle de Produção\01 - Projeto Cadastro\02 - B.O.M\04. CATEGORIA PISO\27 - CJ PISO CN 12 MM SPRINTER 517 15 VITRE AMA TARKETT DA BR - UNIVERSAL - R00.xlsx
2026-06-24 09:51:39,641 INFO Importado B.O.M. C:\Users\PRODUCAO-2.0\J I MONTADORA DE VEICULOS ESPECIAIS LTDA\JI Montadora - 02 Produção\01 Controle de Produção\01 - Projeto Cadastro\02 - B.O.M\04. CATEGORIA PISO\28 - CJ PISO CN 12 MM E-S-J TB LG BRIGHT GRAFITE 92402 - UNIVERSAL - R00.xlsx
2026-06-24 09:51:39,833 INFO Importado B.O.M. C:\Users\PRODUCAO-2.0\J I MONTADORA DE VEICULOS ESPECIAIS LTDA\JI Montadora - 02 Produção\01 Controle de Produção\01 - Projeto Cadastro\02 - B.O.M\04. CATEGORIA PISO\28.1 - PP PISO CN 12 MM E-S-J TB - UNIVERSAL - R00.xlsx
2026-06-24 09:51:39,932 INFO Importado B.O.M. C:\Users\PRODUCAO-2.0\J I MONTADORA DE VEICULOS ESPECIAIS LTDA\JI Montadora - 02 Produção\01 Controle de Produção\01 - Projeto Cadastro\02 - B.O.M\04. CATEGORIA PISO\29 - CJ PISO CN 12 MM E-S-J TA LG BRIGHT GRAFITE 92402 - UNIVERSAL - R00.xlsx
2026-06-24 09:51:40,134 INFO Importado B.O.M. C:\Users\PRODUCAO-2.0\J I MONTADORA DE VEICULOS ESPECIAIS LTDA\JI Montadora - 02 Produção\01 Controle de Produção\01 - Projeto Cadastro\02 - B.O.M\04. CATEGORIA PISO\29.1 - PP PISO CN 12 MM E-S-J TA - UNIVERSAL - R00.xlsx
2026-06-24 09:51:40,231 INFO Importado B.O.M. C:\Users\PRODUCAO-2.0\J I MONTADORA DE VEICULOS ESPECIAIS LTDA\JI Montadora - 02 Produção\01 Controle de Produção\01 - Projeto Cadastro\02 - B.O.M\04. CATEGORIA PISO\30 - CJ PISO CN 12 MM E-S-J TB AMADEIRADA TARKETT DARK BROWN - UNIVERSAL - R00.xlsx
2026-06-24 09:51:40,408 INFO Importado B.O.M. C:\Users\PRODUCAO-2.0\J I MONTADORA DE VEICULOS ESPECIAIS LTDA\JI Montadora - 02 Produção\01 Controle de Produção\01 - Projeto Cadastro\02 - B.O.M\04. CATEGORIA PISO\31 - CJ PISO CN 12 MM E-S-J TA PASSADEIRA AMADEIRADA TARKETT DARK BROWN - UNIVERSAL.xlsx
2026-06-24 09:51:40,530 INFO Importado B.O.M. C:\Users\PRODUCAO-2.0\J I MONTADORA DE VEICULOS ESPECIAIS LTDA\JI Montadora - 02 Produção\01 Controle de Produção\01 - Projeto Cadastro\02 - B.O.M\04. CATEGORIA PISO\32 - CJ PISO CN 12 MM B-J-D FG LG BRIGHT GRAFITE 92402 - UNIVERSAL - R00.xlsx
2026-06-24 09:51:40,765 INFO Importado B.O.M. C:\Users\PRODUCAO-2.0\J I MONTADORA DE VEICULOS ESPECIAIS LTDA\JI Montadora - 02 Produção\01 Controle de Produção\01 - Projeto Cadastro\02 - B.O.M\04. CATEGORIA PISO\32.1 - PP PISO CN 12 MM B-J-D FG - UNIVERSAL - R00.xlsx
2026-06-24 09:51:40,902 INFO Importado B.O.M. C:\Users\PRODUCAO-2.0\J I MONTADORA DE VEICULOS ESPECIAIS LTDA\JI Montadora - 02 Produção\01 Controle de Produção\01 - Projeto Cadastro\02 - B.O.M\04. CATEGORIA PISO\33 - CJ PISO CN 12 MM B-J-D VITRE LG BRIGHT GRAFITE 92402 - UNIVERSAL - R00.xlsx
2026-06-24 09:51:41,134 INFO Importado B.O.M. C:\Users\PRODUCAO-2.0\J I MONTADORA DE VEICULOS ESPECIAIS LTDA\JI Montadora - 02 Produção\01 Controle de Produção\01 - Projeto Cadastro\02 - B.O.M\04. CATEGORIA PISO\33.1 - PP PISO CN 12 MM B-J-D VITRE - UNIVERSAL - R00.xlsx
2026-06-24 09:51:41,254 INFO Importado B.O.M. C:\Users\PRODUCAO-2.0\J I MONTADORA DE VEICULOS ESPECIAIS LTDA\JI Montadora - 02 Produção\01 Controle de Produção\01 - Projeto Cadastro\02 - B.O.M\04. CATEGORIA PISO\34 - CJ PISO CN 12 MM B-J-D FG AMADE TARKETT DARK BROWN - UNIVER00.xlsx
2026-06-24 09:51:41,456 INFO Importado B.O.M. C:\Users\PRODUCAO-2.0\J I MONTADORA DE VEICULOS ESPECIAIS LTDA\JI Montadora - 02 Produção\01 Controle de Produção\01 - Projeto Cadastro\02 - B.O.M\04. CATEGORIA PISO\35 - CJ PISO CN 12 MM B-J-D VITRE PASSADEIRA AMADEIRADA TARKETT DARK BROWN - UNIVERSAL.xlsx
2026-06-24 09:51:41,539 INFO Importado B.O.M. C:\Users\PRODUCAO-2.0\J I MONTADORA DE VEICULOS ESPECIAIS LTDA\JI Montadora - 02 Produção\01 Controle de Produção\01 - Projeto Cadastro\02 - B.O.M\04. CATEGORIA PISO\36 - CJ PISO CN 12 MM TRANSIT L3H2 VITRE LG BRIGHT GRAFITE 92402 - UNIVERSAL.xlsx
2026-06-24 09:51:41,748 INFO Importado B.O.M. C:\Users\PRODUCAO-2.0\J I MONTADORA DE VEICULOS ESPECIAIS LTDA\JI Montadora - 02 Produção\01 Controle de Produção\01 - Projeto Cadastro\02 - B.O.M\04. CATEGORIA PISO\36.1 - PP PISO CN 12 MM TRANSIT L3H2 VITRE - UNIVERSAL - R00.xlsx
2026-06-24 09:51:41,837 INFO Importado B.O.M. C:\Users\PRODUCAO-2.0\J I MONTADORA DE VEICULOS ESPECIAIS LTDA\JI Montadora - 02 Produção\01 Controle de Produção\01 - Projeto Cadastro\02 - B.O.M\04. CATEGORIA PISO\37 - CJ PISO CN 12 MM TRANSIT L3H2 VITRE AMAD TARKETT DARK BROWN - UNIVR00.xlsx
2026-06-24 09:51:41,935 INFO Importado B.O.M. C:\Users\PRODUCAO-2.0\J I MONTADORA DE VEICULOS ESPECIAIS LTDA\JI Montadora - 02 Produção\01 Controle de Produção\01 - Projeto Cadastro\02 - B.O.M\04. CATEGORIA PISO\38 - CJ PISO CN 12 MM TRANSIT L4H3 VITRE LG BRIGHT GRAFITE 92402 - UNIVERSAL - R00.xlsx
2026-06-24 09:51:42,149 INFO Importado B.O.M. C:\Users\PRODUCAO-2.0\J I MONTADORA DE VEICULOS ESPECIAIS LTDA\JI Montadora - 02 Produção\01 Controle de Produção\01 - Projeto Cadastro\02 - B.O.M\04. CATEGORIA PISO\38.1 - PP PISO CN 12 MM TRANSIT L4H3 VITRE - UNIVERSAL - R00.xlsx
2026-06-24 09:51:42,262 INFO Importado B.O.M. C:\Users\PRODUCAO-2.0\J I MONTADORA DE VEICULOS ESPECIAIS LTDA\JI Montadora - 02 Produção\01 Controle de Produção\01 - Projeto Cadastro\02 - B.O.M\04. CATEGORIA PISO\39 - CJ PISO CN 12 MM TRANSIT L4H3 VITRE AMAD TARKETT DARK BROWN - UNIVR00.xlsx
2026-06-24 09:51:42,365 INFO Importado B.O.M. C:\Users\PRODUCAO-2.0\J I MONTADORA DE VEICULOS ESPECIAIS LTDA\JI Montadora - 02 Produção\01 Controle de Produção\01 - Projeto Cadastro\02 - B.O.M\04. CATEGORIA PISO\40 - CJ PISO CN 12 MM TRANSIT L3H3 LG BRIGHT GRAFITE 92402 - UNIVERSAL - R00.xlsx
2026-06-24 09:51:42,477 INFO Importado B.O.M. C:\Users\PRODUCAO-2.0\J I MONTADORA DE VEICULOS ESPECIAIS LTDA\JI Montadora - 02 Produção\01 Controle de Produção\01 - Projeto Cadastro\02 - B.O.M\04. CATEGORIA PISO\40.1 - PP PISO CN 12 MM TRANSIT L3H3 - UNIVERSAL - R00.xlsx
2026-06-24 09:51:42,646 INFO Importado B.O.M. C:\Users\PRODUCAO-2.0\J I MONTADORA DE VEICULOS ESPECIAIS LTDA\JI Montadora - 02 Produção\01 Controle de Produção\01 - Projeto Cadastro\02 - B.O.M\04. CATEGORIA PISO\41 - CJ PISO CN 12 MM TRANSIT L3H3 PASSADEIRA AMADEIRADA TARKETT DARK BROWN - UNIVERSAL.xlsx
2026-06-24 09:51:42,761 INFO Importado B.O.M. C:\Users\PRODUCAO-2.0\J I MONTADORA DE VEICULOS ESPECIAIS LTDA\JI Montadora - 02 Produção\01 Controle de Produção\01 - Projeto Cadastro\02 - B.O.M\04. CATEGORIA PISO\42 - PP NIVELADOR DE PISO.xlsx
2026-06-24 09:51:42,877 INFO Importado B.O.M. C:\Users\PRODUCAO-2.0\J I MONTADORA DE VEICULOS ESPECIAIS LTDA\JI Montadora - 02 Produção\01 Controle de Produção\01 - Projeto Cadastro\02 - B.O.M\04. CATEGORIA PISO\43 - PP ASSOALHO COMPENSADO NAVAL 700X60.xlsx
2026-06-24 09:51:42,976 INFO Importado B.O.M. C:\Users\PRODUCAO-2.0\J I MONTADORA DE VEICULOS ESPECIAIS LTDA\JI Montadora - 02 Produção\01 Controle de Produção\01 - Projeto Cadastro\02 - B.O.M\04. CATEGORIA PISO\44 - PP ASSOALHO COMPENSADO NAVAL 700X100.xlsx
2026-06-24 09:51:43,090 INFO Importado B.O.M. C:\Users\PRODUCAO-2.0\J I MONTADORA DE VEICULOS ESPECIAIS LTDA\JI Montadora - 02 Produção\01 Controle de Produção\01 - Projeto Cadastro\02 - B.O.M\04. CATEGORIA PISO\45 - CJ APOIO LATERAL PISO.xlsx
2026-06-24 09:51:43,303 INFO Importado B.O.M. C:\Users\PRODUCAO-2.0\J I MONTADORA DE VEICULOS ESPECIAIS LTDA\JI Montadora - 02 Produção\01 Controle de Produção\01 - Projeto Cadastro\02 - B.O.M\04. CATEGORIA PISO\46 - PP SOLEIRA PORTA MALA EXPERT LB 11L ESJ.xlsx
2026-06-24 09:51:43,511 INFO Importado B.O.M. C:\Users\PRODUCAO-2.0\J I MONTADORA DE VEICULOS ESPECIAIS LTDA\JI Montadora - 02 Produção\01 Controle de Produção\01 - Projeto Cadastro\02 - B.O.M\04. CATEGORIA PISO\47 - CJ SOLEIRA PORTA MALA EXPERT LB 11L ESJ LG.xlsx
2026-06-24 09:51:43,730 INFO Importado B.O.M. C:\Users\PRODUCAO-2.0\J I MONTADORA DE VEICULOS ESPECIAIS LTDA\JI Montadora - 02 Produção\01 Controle de Produção\01 - Projeto Cadastro\02 - B.O.M\04. CATEGORIA PISO\48 - PP CANTONEIRA PVC PRETA PORTA TRASEIRA ESJ.xlsx
2026-06-24 09:51:43,936 INFO Importado B.O.M. C:\Users\PRODUCAO-2.0\J I MONTADORA DE VEICULOS ESPECIAIS LTDA\JI Montadora - 02 Produção\01 Controle de Produção\01 - Projeto Cadastro\02 - B.O.M\04. CATEGORIA PISO\49 - PP SOLEIRA PORTA MALA EXPERT LB 9L ESJ.xlsx
2026-06-24 09:51:44,135 INFO Importado B.O.M. C:\Users\PRODUCAO-2.0\J I MONTADORA DE VEICULOS ESPECIAIS LTDA\JI Montadora - 02 Produção\01 Controle de Produção\01 - Projeto Cadastro\02 - B.O.M\04. CATEGORIA PISO\50 - CJ SOLEIRA PORTA MALA EXPERT LB 9L ESJ LG.xlsx
2026-06-24 09:51:44,317 INFO Importado B.O.M. C:\Users\PRODUCAO-2.0\J I MONTADORA DE VEICULOS ESPECIAIS LTDA\JI Montadora - 02 Produção\01 Controle de Produção\01 - Projeto Cadastro\02 - B.O.M\04. CATEGORIA PISO\51 - CJ SOLEIRA PORTA MALA EXPERT LB 9L ESJ - AMA.xlsx
2026-06-24 09:51:44,496 INFO Importado B.O.M. C:\Users\PRODUCAO-2.0\J I MONTADORA DE VEICULOS ESPECIAIS LTDA\JI Montadora - 02 Produção\01 Controle de Produção\01 - Projeto Cadastro\02 - B.O.M\04. CATEGORIA PISO\52 - CJ SOLEIRA PORTA MALA EXPERT LB 11L ESJ - AMA.xlsx
2026-06-24 09:51:44,697 INFO Importado B.O.M. C:\Users\PRODUCAO-2.0\J I MONTADORA DE VEICULOS ESPECIAIS LTDA\JI Montadora - 02 Produção\01 Controle de Produção\01 - Projeto Cadastro\02 - B.O.M\04. CATEGORIA PISO\53 - PP SOLEIRA PORTA MALA ESJ LE 8,9 L.xlsx
2026-06-24 09:51:44,924 INFO Importado B.O.M. C:\Users\PRODUCAO-2.0\J I MONTADORA DE VEICULOS ESPECIAIS LTDA\JI Montadora - 02 Produção\01 Controle de Produção\01 - Projeto Cadastro\02 - B.O.M\04. CATEGORIA PISO\54 - PP CANTONEIRA PVC PRETA SOLEIRA PORTA MALA LE ESJ C. LED.xlsx
2026-06-24 09:51:45,141 INFO Importado B.O.M. C:\Users\PRODUCAO-2.0\J I MONTADORA DE VEICULOS ESPECIAIS LTDA\JI Montadora - 02 Produção\01 Controle de Produção\01 - Projeto Cadastro\02 - B.O.M\04. CATEGORIA PISO\55 - CJ SOLEIRA PORTA MALA ESJ LE 8,9 L - AMADEIRADO.xlsx
2026-06-24 09:51:45,335 INFO Importado B.O.M. C:\Users\PRODUCAO-2.0\J I MONTADORA DE VEICULOS ESPECIAIS LTDA\JI Montadora - 02 Produção\01 Controle de Produção\01 - Projeto Cadastro\02 - B.O.M\04. CATEGORIA PISO\56 - CJ SOLEIRA PORTA MALA ESJ LE 8,9 L - LG BRIGHT.xlsx
2026-06-24 09:51:45,540 INFO Importado B.O.M. C:\Users\PRODUCAO-2.0\J I MONTADORA DE VEICULOS ESPECIAIS LTDA\JI Montadora - 02 Produção\01 Controle de Produção\01 - Projeto Cadastro\02 - B.O.M\05. ACESSORIOS\01 - ACESSORIO CJ EXTINTOR COM SUPORTE ABC 4KG.xlsx
2026-06-24 09:51:45,660 INFO Importado B.O.M. C:\Users\PRODUCAO-2.0\J I MONTADORA DE VEICULOS ESPECIAIS LTDA\JI Montadora - 02 Produção\01 Controle de Produção\01 - Projeto Cadastro\02 - B.O.M\05. ACESSORIOS\02 - CJ TRILHO ALUMINIO FIXACAO 417 14 - 4,3,3,2,2-1 DPM FOCA.xlsx
2026-06-24 09:51:45,769 INFO Importado B.O.M. C:\Users\PRODUCAO-2.0\J I MONTADORA DE VEICULOS ESPECIAIS LTDA\JI Montadora - 02 Produção\01 Controle de Produção\01 - Projeto Cadastro\02 - B.O.M\05. ACESSORIOS\03 - PP TRILHO ALUMINIO FIXACAO BANCO  3300 MM.xlsx
2026-06-24 09:51:45,902 INFO Importado B.O.M. C:\Users\PRODUCAO-2.0\J I MONTADORA DE VEICULOS ESPECIAIS LTDA\JI Montadora - 02 Produção\01 Controle de Produção\01 - Projeto Cadastro\02 - B.O.M\05. ACESSORIOS\04 - PP TRILHO ALUMINIO FIXACAO BANCO  3870 MM.xlsx
2026-06-24 09:51:46,022 INFO Importado B.O.M. C:\Users\PRODUCAO-2.0\J I MONTADORA DE VEICULOS ESPECIAIS LTDA\JI Montadora - 02 Produção\01 Controle de Produção\01 - Projeto Cadastro\02 - B.O.M\05. ACESSORIOS\05 - PP TRILHO ALUMINIO FIXACAO BANCO  600 MM.xlsx
2026-06-24 09:51:46,155 INFO Importado B.O.M. C:\Users\PRODUCAO-2.0\J I MONTADORA DE VEICULOS ESPECIAIS LTDA\JI Montadora - 02 Produção\01 Controle de Produção\01 - Projeto Cadastro\02 - B.O.M\05. ACESSORIOS\06 - CJ TRILHO ALUMINIO FIXACAO 417 10 - 4,3,3,3.xlsx
2026-06-24 09:51:46,260 INFO Importado B.O.M. C:\Users\PRODUCAO-2.0\J I MONTADORA DE VEICULOS ESPECIAIS LTDA\JI Montadora - 02 Produção\01 Controle de Produção\01 - Projeto Cadastro\02 - B.O.M\05. ACESSORIOS\07 - PP TRILHO ALUMINIO FIXACAO BANCO  2900 MM.xlsx
2026-06-24 09:51:46,351 INFO Importado B.O.M. C:\Users\PRODUCAO-2.0\J I MONTADORA DE VEICULOS ESPECIAIS LTDA\JI Montadora - 02 Produção\01 Controle de Produção\01 - Projeto Cadastro\02 - B.O.M\05. ACESSORIOS\08 - PP TRILHO ALUMINIO FIXACAO BANCO  2400 MM.xlsx
2026-06-24 09:51:46,460 INFO Importado B.O.M. C:\Users\PRODUCAO-2.0\J I MONTADORA DE VEICULOS ESPECIAIS LTDA\JI Montadora - 02 Produção\01 Controle de Produção\01 - Projeto Cadastro\02 - B.O.M\05. ACESSORIOS\09 - PP TRILHO ALUMINIO FIXACAO BANCO  500 MM.xlsx
2026-06-24 09:51:46,679 INFO Importado B.O.M. C:\Users\PRODUCAO-2.0\J I MONTADORA DE VEICULOS ESPECIAIS LTDA\JI Montadora - 02 Produção\01 Controle de Produção\01 - Projeto Cadastro\02 - B.O.M\05. ACESSORIOS\10 - CJ ARANDELA PLASTICA JI MONTADORA.xlsx
2026-06-24 09:51:46,871 INFO Importado B.O.M. C:\Users\PRODUCAO-2.0\J I MONTADORA DE VEICULOS ESPECIAIS LTDA\JI Montadora - 02 Produção\01 Controle de Produção\01 - Projeto Cadastro\02 - B.O.M\05. ACESSORIOS\11 - PP CAIXA MADEIRA SUPORTE GELADEIRA CAB 18L ESJ.xlsx
2026-06-24 09:51:47,016 INFO Importado B.O.M. C:\Users\PRODUCAO-2.0\J I MONTADORA DE VEICULOS ESPECIAIS LTDA\JI Montadora - 02 Produção\01 Controle de Produção\01 - Projeto Cadastro\02 - B.O.M\05. ACESSORIOS\12 - PP CAPACHO ESJ PORTA LATERAL MOTORISTA LE.xlsx
2026-06-24 09:51:47,186 INFO Importado B.O.M. C:\Users\PRODUCAO-2.0\J I MONTADORA DE VEICULOS ESPECIAIS LTDA\JI Montadora - 02 Produção\01 Controle de Produção\01 - Projeto Cadastro\02 - B.O.M\05. ACESSORIOS\13 - PP CAPACHO ESJ PORTA LATERAL CARONA LD.xlsx
2026-06-24 09:51:47,402 INFO Importado B.O.M. C:\Users\PRODUCAO-2.0\J I MONTADORA DE VEICULOS ESPECIAIS LTDA\JI Montadora - 02 Produção\01 Controle de Produção\01 - Projeto Cadastro\02 - B.O.M\05. ACESSORIOS\14 - PP CAPACHO ESJ PORTA LATERAL LE ESJ.xlsx
2026-06-24 09:51:47,603 INFO Importado B.O.M. C:\Users\PRODUCAO-2.0\J I MONTADORA DE VEICULOS ESPECIAIS LTDA\JI Montadora - 02 Produção\01 Controle de Produção\01 - Projeto Cadastro\02 - B.O.M\05. ACESSORIOS\15 - CJ COMPLETO CAPACHO PORTAS ESJ.xlsx
2026-06-24 09:51:47,822 INFO Importado B.O.M. C:\Users\PRODUCAO-2.0\J I MONTADORA DE VEICULOS ESPECIAIS LTDA\JI Montadora - 02 Produção\01 Controle de Produção\01 - Projeto Cadastro\02 - B.O.M\05. ACESSORIOS\16 - ACESSORIO CJ TAPETE SALAO BOUCLE ESJ.xlsx
2026-06-24 09:51:48,026 INFO Importado B.O.M. C:\Users\PRODUCAO-2.0\J I MONTADORA DE VEICULOS ESPECIAIS LTDA\JI Montadora - 02 Produção\01 Controle de Produção\01 - Projeto Cadastro\02 - B.O.M\05. ACESSORIOS\17 - CJ CORTINA VELUDO PRETA PORTAS ESJ.xlsx
2026-06-24 09:51:48,238 INFO Importado B.O.M. C:\Users\PRODUCAO-2.0\J I MONTADORA DE VEICULOS ESPECIAIS LTDA\JI Montadora - 02 Produção\01 Controle de Produção\01 - Projeto Cadastro\02 - B.O.M\05. ACESSORIOS\18 - CJ TUBO ALUMINIO DOBRADO CORTINA ESJ EMBUTIDA C-CLASS.xlsx
2026-06-24 09:51:48,443 INFO Importado B.O.M. C:\Users\PRODUCAO-2.0\J I MONTADORA DE VEICULOS ESPECIAIS LTDA\JI Montadora - 02 Produção\01 Controle de Produção\01 - Projeto Cadastro\02 - B.O.M\05. ACESSORIOS\19 - CJ CORTINA VELUDO PRETA SALAO ESJ C-CLASS SEM PORTAS.xlsx
2026-06-24 09:51:48,624 INFO Importado B.O.M. C:\Users\PRODUCAO-2.0\J I MONTADORA DE VEICULOS ESPECIAIS LTDA\JI Montadora - 02 Produção\01 Controle de Produção\01 - Projeto Cadastro\02 - B.O.M\05. ACESSORIOS\20 - PP TUBO INFERIOR ALUMINIO CORTINA 1º VAO LE ESJ C-CLASS.xlsx
2026-06-24 09:51:48,796 INFO Importado B.O.M. C:\Users\PRODUCAO-2.0\J I MONTADORA DE VEICULOS ESPECIAIS LTDA\JI Montadora - 02 Produção\01 Controle de Produção\01 - Projeto Cadastro\02 - B.O.M\05. ACESSORIOS\21 - PP TUBO INFERIOR ALUMINIO CORTINA 2º VAO LE ESJ C-CLASS.xlsx
2026-06-24 09:51:49,031 INFO Importado B.O.M. C:\Users\PRODUCAO-2.0\J I MONTADORA DE VEICULOS ESPECIAIS LTDA\JI Montadora - 02 Produção\01 Controle de Produção\01 - Projeto Cadastro\02 - B.O.M\05. ACESSORIOS\22 - PP TUBO INFERIOR ALUMINIO CORTINA 2º VAO LD ESJ C-CLASS.xlsx
2026-06-24 09:51:49,272 INFO Importado B.O.M. C:\Users\PRODUCAO-2.0\J I MONTADORA DE VEICULOS ESPECIAIS LTDA\JI Montadora - 02 Produção\01 Controle de Produção\01 - Projeto Cadastro\02 - B.O.M\05. ACESSORIOS\23 - PP TUBO SUPERIOR ALUMINIO CORTINA 1º VAO LE ESJ C-CLASS.xlsx
2026-06-24 09:51:49,502 INFO Importado B.O.M. C:\Users\PRODUCAO-2.0\J I MONTADORA DE VEICULOS ESPECIAIS LTDA\JI Montadora - 02 Produção\01 Controle de Produção\01 - Projeto Cadastro\02 - B.O.M\05. ACESSORIOS\24 - PP TUBO SUPERIOR ALUMINIO CORTINA 2º VAO LE ESJ C-CLASS.xlsx
2026-06-24 09:51:49,718 INFO Importado B.O.M. C:\Users\PRODUCAO-2.0\J I MONTADORA DE VEICULOS ESPECIAIS LTDA\JI Montadora - 02 Produção\01 Controle de Produção\01 - Projeto Cadastro\02 - B.O.M\05. ACESSORIOS\25 - PP TUBO SUPERIOR ALUMINIO CORTINA 2º VAO LD ESJ C-CLASS.xlsx
2026-06-24 09:51:49,913 INFO Importado B.O.M. C:\Users\PRODUCAO-2.0\J I MONTADORA DE VEICULOS ESPECIAIS LTDA\JI Montadora - 02 Produção\01 Controle de Produção\01 - Projeto Cadastro\02 - B.O.M\05. ACESSORIOS\26 - PP TUBO INFERIOR ALUMINIO CORTINA PORTA LATERAL ESJ.xlsx
2026-06-24 09:51:50,131 INFO Importado B.O.M. C:\Users\PRODUCAO-2.0\J I MONTADORA DE VEICULOS ESPECIAIS LTDA\JI Montadora - 02 Produção\01 Controle de Produção\01 - Projeto Cadastro\02 - B.O.M\05. ACESSORIOS\27 - PP TUBO SUPERIOR ALUMINIO CORTINA PORTA LATERAL ESJ.xlsx
2026-06-24 09:51:50,327 INFO Importado B.O.M. C:\Users\PRODUCAO-2.0\J I MONTADORA DE VEICULOS ESPECIAIS LTDA\JI Montadora - 02 Produção\01 Controle de Produção\01 - Projeto Cadastro\02 - B.O.M\05. ACESSORIOS\28 - PP TUBO INFERIOR ALUMINIO CORTINA PORTA TRASEIRA LE ESJ.xlsx
2026-06-24 09:51:50,565 INFO Importado B.O.M. C:\Users\PRODUCAO-2.0\J I MONTADORA DE VEICULOS ESPECIAIS LTDA\JI Montadora - 02 Produção\01 Controle de Produção\01 - Projeto Cadastro\02 - B.O.M\05. ACESSORIOS\29 - PP TUBO INFERIOR ALUMINIO CORTINA PORTA TRASEIRA LD ESJ.xlsx
2026-06-24 09:51:50,797 INFO Importado B.O.M. C:\Users\PRODUCAO-2.0\J I MONTADORA DE VEICULOS ESPECIAIS LTDA\JI Montadora - 02 Produção\01 Controle de Produção\01 - Projeto Cadastro\02 - B.O.M\05. ACESSORIOS\30 - PP TUBO SUPERIOR ALUMINIO CORTINA PORTA TRASEIRA LE ESJ.xlsx
2026-06-24 09:51:51,020 INFO Importado B.O.M. C:\Users\PRODUCAO-2.0\J I MONTADORA DE VEICULOS ESPECIAIS LTDA\JI Montadora - 02 Produção\01 Controle de Produção\01 - Projeto Cadastro\02 - B.O.M\05. ACESSORIOS\31 - PP TUBO SUPERIOR ALUMINIO CORTINA PORTA TRASEIRA LD ESJ.xlsx
2026-06-24 09:51:51,236 INFO Importado B.O.M. C:\Users\PRODUCAO-2.0\J I MONTADORA DE VEICULOS ESPECIAIS LTDA\JI Montadora - 02 Produção\01 Controle de Produção\01 - Projeto Cadastro\02 - B.O.M\05. ACESSORIOS\32 - PP SUPORTE FIXO CABIDE - GANCHO CABIDEIRO MARCOPOLO CINZA RAL 7021 PU - TI.01.J04.xlsx
2026-06-24 09:51:51,444 INFO Importado B.O.M. C:\Users\PRODUCAO-2.0\J I MONTADORA DE VEICULOS ESPECIAIS LTDA\JI Montadora - 02 Produção\01 Controle de Produção\01 - Projeto Cadastro\02 - B.O.M\05. ACESSORIOS\33 - PP PC REVIS MOVEL LAT PRFV ESJ C-CLA 1º VAO LE INT REVE CARP.xlsx
2026-06-24 09:51:51,678 INFO Importado B.O.M. C:\Users\PRODUCAO-2.0\J I MONTADORA DE VEICULOS ESPECIAIS LTDA\JI Montadora - 02 Produção\01 Controle de Produção\01 - Projeto Cadastro\02 - B.O.M\05. ACESSORIOS\34 - PP PC FUNDO MOVEL LAT PRFV ESJ C-CLA 1º VAO LE REVE CARP.xlsx
2026-06-24 09:51:51,865 INFO Importado B.O.M. C:\Users\PRODUCAO-2.0\J I MONTADORA DE VEICULOS ESPECIAIS LTDA\JI Montadora - 02 Produção\01 Controle de Produção\01 - Projeto Cadastro\02 - B.O.M\05. ACESSORIOS\35 - PP FUNDO MOVEL LAT PRFV ESJ C-CLA 2º VAO LD INT REVE CARP.xlsx
2026-06-24 09:51:52,069 INFO Importado B.O.M. C:\Users\PRODUCAO-2.0\J I MONTADORA DE VEICULOS ESPECIAIS LTDA\JI Montadora - 02 Produção\01 Controle de Produção\01 - Projeto Cadastro\02 - B.O.M\05. ACESSORIOS\36 - PP MOVEL LAT PRFV ESJ C-CLA 2º VAO LD INT REVE CARP.xlsx
2026-06-24 09:51:52,254 INFO Importado B.O.M. C:\Users\PRODUCAO-2.0\J I MONTADORA DE VEICULOS ESPECIAIS LTDA\JI Montadora - 02 Produção\01 Controle de Produção\01 - Projeto Cadastro\02 - B.O.M\05. ACESSORIOS\37 - PP MOVEL LAT PRFV ESJ C-CLA 1º VAO LE REVE CARP.xlsx
2026-06-24 09:51:52,484 INFO Importado B.O.M. C:\Users\PRODUCAO-2.0\J I MONTADORA DE VEICULOS ESPECIAIS LTDA\JI Montadora - 02 Produção\01 Controle de Produção\01 - Projeto Cadastro\02 - B.O.M\05. ACESSORIOS\38 - PP PC MOVEL LAT PRFV ESJ C-CLA 1º VAO LE REVE MARROM.xlsx
2026-06-24 09:51:52,716 INFO Importado B.O.M. C:\Users\PRODUCAO-2.0\J I MONTADORA DE VEICULOS ESPECIAIS LTDA\JI Montadora - 02 Produção\01 Controle de Produção\01 - Projeto Cadastro\02 - B.O.M\05. ACESSORIOS\39 - PP PC REVIS MOVEL LAT PRFV ESJ C-CLA 1º VAO LE REVE MARROM.xlsx
2026-06-24 09:51:52,935 INFO Importado B.O.M. C:\Users\PRODUCAO-2.0\J I MONTADORA DE VEICULOS ESPECIAIS LTDA\JI Montadora - 02 Produção\01 Controle de Produção\01 - Projeto Cadastro\02 - B.O.M\05. ACESSORIOS\40 - PP PC MOVEL LAT PRFV ESJ C-CLA 2º VAO LE REVE MARROM.xlsx
2026-06-24 09:51:53,161 INFO Importado B.O.M. C:\Users\PRODUCAO-2.0\J I MONTADORA DE VEICULOS ESPECIAIS LTDA\JI Montadora - 02 Produção\01 Controle de Produção\01 - Projeto Cadastro\02 - B.O.M\05. ACESSORIOS\41 - PP MOVEL LAT PRFV ESJ C-CLA 2º VAO LD REVE MARROM.xlsx
2026-06-24 09:51:53,371 INFO Importado B.O.M. C:\Users\PRODUCAO-2.0\J I MONTADORA DE VEICULOS ESPECIAIS LTDA\JI Montadora - 02 Produção\01 Controle de Produção\01 - Projeto Cadastro\02 - B.O.M\05. ACESSORIOS\42 - PP PC MOVEL LAT PRFV ESJ C-CLA 1º VAO LE REVE PRETO.xlsx
2026-06-24 09:51:53,602 INFO Importado B.O.M. C:\Users\PRODUCAO-2.0\J I MONTADORA DE VEICULOS ESPECIAIS LTDA\JI Montadora - 02 Produção\01 Controle de Produção\01 - Projeto Cadastro\02 - B.O.M\05. ACESSORIOS\43 - PP PC REVIS MOVEL LAT PRFV ESJ C-CLA 1º VAO LE REVE PRETO.xlsx
2026-06-24 09:51:53,842 INFO Importado B.O.M. C:\Users\PRODUCAO-2.0\J I MONTADORA DE VEICULOS ESPECIAIS LTDA\JI Montadora - 02 Produção\01 Controle de Produção\01 - Projeto Cadastro\02 - B.O.M\05. ACESSORIOS\44 - PP PC MOVEL LAT PRFV ESJ C-CLA 2º VAO LE REVE PRETO.xlsx
2026-06-24 09:51:54,093 INFO Importado B.O.M. C:\Users\PRODUCAO-2.0\J I MONTADORA DE VEICULOS ESPECIAIS LTDA\JI Montadora - 02 Produção\01 Controle de Produção\01 - Projeto Cadastro\02 - B.O.M\05. ACESSORIOS\45 - PP MOVEL LAT PRFV ESJ C-CLA 2º VAO LD REVE PRETO.xlsx
2026-06-24 09:51:54,308 INFO Importado B.O.M. C:\Users\PRODUCAO-2.0\J I MONTADORA DE VEICULOS ESPECIAIS LTDA\JI Montadora - 02 Produção\01 Controle de Produção\01 - Projeto Cadastro\02 - B.O.M\05. ACESSORIOS\46 - PP PC MOVEL LAT PRFV ESJ C-CLA 1º VAO LE REVE BEGE.xlsx
2026-06-24 09:51:54,535 INFO Importado B.O.M. C:\Users\PRODUCAO-2.0\J I MONTADORA DE VEICULOS ESPECIAIS LTDA\JI Montadora - 02 Produção\01 Controle de Produção\01 - Projeto Cadastro\02 - B.O.M\05. ACESSORIOS\47 - PP PC REVIS MOVEL LAT PRFV ESJ C-CLA 1º VAO LE REVE BEGE.xlsx
2026-06-24 09:51:54,763 INFO Importado B.O.M. C:\Users\PRODUCAO-2.0\J I MONTADORA DE VEICULOS ESPECIAIS LTDA\JI Montadora - 02 Produção\01 Controle de Produção\01 - Projeto Cadastro\02 - B.O.M\05. ACESSORIOS\48 - PP PC MOVEL LAT PRFV ESJ C-CLA 2º VAO LE REVE BEGE.xlsx
2026-06-24 09:51:55,012 INFO Importado B.O.M. C:\Users\PRODUCAO-2.0\J I MONTADORA DE VEICULOS ESPECIAIS LTDA\JI Montadora - 02 Produção\01 Controle de Produção\01 - Projeto Cadastro\02 - B.O.M\05. ACESSORIOS\49 - PP MOVEL LAT PRFV ESJ C-CLA 2º VAO LD REVE BEGE.xlsx
2026-06-24 09:51:55,245 INFO Importado B.O.M. C:\Users\PRODUCAO-2.0\J I MONTADORA DE VEICULOS ESPECIAIS LTDA\JI Montadora - 02 Produção\01 Controle de Produção\01 - Projeto Cadastro\02 - B.O.M\05. ACESSORIOS\50 - PP PC TAMPO SUP ACRILICO PRETO MOVEL LATERAL ESJ C-CLASS 1º VAO LE.xlsx
2026-06-24 09:51:55,458 INFO Importado B.O.M. C:\Users\PRODUCAO-2.0\J I MONTADORA DE VEICULOS ESPECIAIS LTDA\JI Montadora - 02 Produção\01 Controle de Produção\01 - Projeto Cadastro\02 - B.O.M\05. ACESSORIOS\51 - PP PC TAMPO INF ACRILICO PRETO MOVEL LATERAL ESJ C-CLASS 1º VAO LE.xlsx
2026-06-24 09:51:55,680 INFO Importado B.O.M. C:\Users\PRODUCAO-2.0\J I MONTADORA DE VEICULOS ESPECIAIS LTDA\JI Montadora - 02 Produção\01 Controle de Produção\01 - Projeto Cadastro\02 - B.O.M\05. ACESSORIOS\52 - PP PC TAMPO SUP ACRILICO PRETO MOVEL LATERAL ESJ C-CLASS 2º VAO LD.xlsx
2026-06-24 09:51:55,903 INFO Importado B.O.M. C:\Users\PRODUCAO-2.0\J I MONTADORA DE VEICULOS ESPECIAIS LTDA\JI Montadora - 02 Produção\01 Controle de Produção\01 - Projeto Cadastro\02 - B.O.M\05. ACESSORIOS\53 - PP PC TAMPO INF ACRILICO PRETO MOVEL LATERAL ESJ C-CLASS 2º VAO LD.xlsx
2026-06-24 09:51:56,109 INFO Importado B.O.M. C:\Users\PRODUCAO-2.0\J I MONTADORA DE VEICULOS ESPECIAIS LTDA\JI Montadora - 02 Produção\01 Controle de Produção\01 - Projeto Cadastro\02 - B.O.M\05. ACESSORIOS\54 - PP PC TAMPO SUP ACRILICO PRETO MOVEL LATERAL ESJ C-CLASS 2º VAO LE.xlsx
2026-06-24 09:51:56,320 INFO Importado B.O.M. C:\Users\PRODUCAO-2.0\J I MONTADORA DE VEICULOS ESPECIAIS LTDA\JI Montadora - 02 Produção\01 Controle de Produção\01 - Projeto Cadastro\02 - B.O.M\05. ACESSORIOS\55 - PP PC TAMPO INF ACRILICO PRETO MOVEL LATERAL ESJ C-CLASS 2º VAO LE.xlsx
2026-06-24 09:51:56,533 INFO Importado B.O.M. C:\Users\PRODUCAO-2.0\J I MONTADORA DE VEICULOS ESPECIAIS LTDA\JI Montadora - 02 Produção\01 Controle de Produção\01 - Projeto Cadastro\02 - B.O.M\05. ACESSORIOS\56 - PP PC TAMPO CENTRAL ACRILICO CRISTAL MOVEL LATERAL ESJ C-CLA 1º VAO LE.xlsx
2026-06-24 09:51:57,072 INFO Importado B.O.M. C:\Users\PRODUCAO-2.0\J I MONTADORA DE VEICULOS ESPECIAIS LTDA\JI Montadora - 02 Produção\01 Controle de Produção\01 - Projeto Cadastro\02 - B.O.M\05. ACESSORIOS\57 - PP PC TAMPO CENTRAL ACRILICO CRISTAL MOVEL LATERAL ESJ C-CLA 2º VAO LD.xlsx
2026-06-24 09:51:57,292 INFO Importado B.O.M. C:\Users\PRODUCAO-2.0\J I MONTADORA DE VEICULOS ESPECIAIS LTDA\JI Montadora - 02 Produção\01 Controle de Produção\01 - Projeto Cadastro\02 - B.O.M\05. ACESSORIOS\58 - PP PC TAMPO CENTRAL ACRILICO CRISTAL MOVEL LATERAL ESJ C-CLA 2º VAO LE.xlsx
2026-06-24 09:51:57,523 INFO Importado B.O.M. C:\Users\PRODUCAO-2.0\J I MONTADORA DE VEICULOS ESPECIAIS LTDA\JI Montadora - 02 Produção\01 Controle de Produção\01 - Projeto Cadastro\02 - B.O.M\05. ACESSORIOS\59 - CJ TAMPO ACRIL MOVEL LAT ESJ C-CLA 1º VAO LE.xlsx
2026-06-24 09:51:57,712 INFO Importado B.O.M. C:\Users\PRODUCAO-2.0\J I MONTADORA DE VEICULOS ESPECIAIS LTDA\JI Montadora - 02 Produção\01 Controle de Produção\01 - Projeto Cadastro\02 - B.O.M\05. ACESSORIOS\60 - CJ TAMPO ACRIL MOVEL LAT ESJ C-CLA 2º VAO LE.xlsx
2026-06-24 09:51:57,909 INFO Importado B.O.M. C:\Users\PRODUCAO-2.0\J I MONTADORA DE VEICULOS ESPECIAIS LTDA\JI Montadora - 02 Produção\01 Controle de Produção\01 - Projeto Cadastro\02 - B.O.M\05. ACESSORIOS\61 - CJ TAMPO ACRIL MOVEL LAT ESJ C-CLA 2º VAO LD.xlsx
2026-06-24 09:51:58,145 INFO Importado B.O.M. C:\Users\PRODUCAO-2.0\J I MONTADORA DE VEICULOS ESPECIAIS LTDA\JI Montadora - 02 Produção\01 Controle de Produção\01 - Projeto Cadastro\02 - B.O.M\05. ACESSORIOS\62 - CJ MOVEL LATERAL MARROM ESJ C-CLASS 1º VAO LE.xlsx
2026-06-24 09:51:58,338 INFO Importado B.O.M. C:\Users\PRODUCAO-2.0\J I MONTADORA DE VEICULOS ESPECIAIS LTDA\JI Montadora - 02 Produção\01 Controle de Produção\01 - Projeto Cadastro\02 - B.O.M\05. ACESSORIOS\62 - CJ MOVEL LATERAL PRETO ESJ C-CLASS 1º VAO LE.xlsx
2026-06-24 09:51:58,548 INFO Importado B.O.M. C:\Users\PRODUCAO-2.0\J I MONTADORA DE VEICULOS ESPECIAIS LTDA\JI Montadora - 02 Produção\01 Controle de Produção\01 - Projeto Cadastro\02 - B.O.M\05. ACESSORIOS\63 - CJ MOVEL LATERAL BEGE ESJ C-CLASS 1º VAO LE.xlsx
2026-06-24 09:51:58,780 INFO Importado B.O.M. C:\Users\PRODUCAO-2.0\J I MONTADORA DE VEICULOS ESPECIAIS LTDA\JI Montadora - 02 Produção\01 Controle de Produção\01 - Projeto Cadastro\02 - B.O.M\05. ACESSORIOS\64 - CJ MOVEL LATERAL MARROM ESJ C-CLASS 2º VAO LE.xlsx
2026-06-24 09:51:59,010 INFO Importado B.O.M. C:\Users\PRODUCAO-2.0\J I MONTADORA DE VEICULOS ESPECIAIS LTDA\JI Montadora - 02 Produção\01 Controle de Produção\01 - Projeto Cadastro\02 - B.O.M\05. ACESSORIOS\64 - CJ MOVEL LATERAL PRETO ESJ C-CLASS 2º VAO LE.xlsx
2026-06-24 09:51:59,230 INFO Importado B.O.M. C:\Users\PRODUCAO-2.0\J I MONTADORA DE VEICULOS ESPECIAIS LTDA\JI Montadora - 02 Produção\01 Controle de Produção\01 - Projeto Cadastro\02 - B.O.M\05. ACESSORIOS\65 - CJ MOVEL LATERAL BEGE ESJ C-CLASS 2º VAO LE.xlsx
2026-06-24 09:51:59,476 INFO Importado B.O.M. C:\Users\PRODUCAO-2.0\J I MONTADORA DE VEICULOS ESPECIAIS LTDA\JI Montadora - 02 Produção\01 Controle de Produção\01 - Projeto Cadastro\02 - B.O.M\05. ACESSORIOS\66 - CJ MOVEL LATERAL MARROM ESJ C-CLASS 2º VAO LD.xlsx
2026-06-24 09:51:59,696 INFO Importado B.O.M. C:\Users\PRODUCAO-2.0\J I MONTADORA DE VEICULOS ESPECIAIS LTDA\JI Montadora - 02 Produção\01 Controle de Produção\01 - Projeto Cadastro\02 - B.O.M\05. ACESSORIOS\67 - CJ MOVEL LATERAL PRETO ESJ C-CLASS 2º VAO LD.xlsx
2026-06-24 09:51:59,921 INFO Importado B.O.M. C:\Users\PRODUCAO-2.0\J I MONTADORA DE VEICULOS ESPECIAIS LTDA\JI Montadora - 02 Produção\01 Controle de Produção\01 - Projeto Cadastro\02 - B.O.M\05. ACESSORIOS\68 - CJ MOVEL LATERAL BEGE ESJ C-CLASS 2º VAO LD.xlsx
2026-06-24 09:52:00,144 INFO Importado B.O.M. C:\Users\PRODUCAO-2.0\J I MONTADORA DE VEICULOS ESPECIAIS LTDA\JI Montadora - 02 Produção\01 Controle de Produção\01 - Projeto Cadastro\02 - B.O.M\05. ACESSORIOS\69 - CJ COMPLETO LIGACAO GELADEIRA ELBER CAB 18L ESJ.xlsx
2026-06-24 09:52:00,265 INFO Importado B.O.M. C:\Users\PRODUCAO-2.0\J I MONTADORA DE VEICULOS ESPECIAIS LTDA\JI Montadora - 02 Produção\01 Controle de Produção\01 - Projeto Cadastro\02 - B.O.M\05. ACESSORIOS\70 - CJ TRILHO ALUMINIO FIXACAO 417 14 - 1E,1E,1E,1D PTA.xlsx
2026-06-24 09:52:00,374 INFO Importado B.O.M. C:\Users\PRODUCAO-2.0\J I MONTADORA DE VEICULOS ESPECIAIS LTDA\JI Montadora - 02 Produção\01 Controle de Produção\01 - Projeto Cadastro\02 - B.O.M\05. ACESSORIOS\71 - CJ TRILHO ALUMINIO FIXACAO 417 10 - 4,3,3,2-1 DPM.xlsx
2026-06-24 09:52:00,492 INFO Importado B.O.M. C:\Users\PRODUCAO-2.0\J I MONTADORA DE VEICULOS ESPECIAIS LTDA\JI Montadora - 02 Produção\01 Controle de Produção\01 - Projeto Cadastro\02 - B.O.M\05. ACESSORIOS\72 - CJ TRILHO ALUMINIO FIXACAO 517 15 - 4,2-1,2,3,3,3.xlsx
2026-06-24 09:52:00,615 INFO Importado B.O.M. C:\Users\PRODUCAO-2.0\J I MONTADORA DE VEICULOS ESPECIAIS LTDA\JI Montadora - 02 Produção\01 Controle de Produção\01 - Projeto Cadastro\02 - B.O.M\06. TRANSFORMAÇÃO\01 - JI CONFORT MASTER L3H2 SELADO ESSENCIAL.xlsx
2026-06-24 09:52:00,728 INFO Importado B.O.M. C:\Users\PRODUCAO-2.0\J I MONTADORA DE VEICULOS ESPECIAIS LTDA\JI Montadora - 02 Produção\01 Controle de Produção\01 - Projeto Cadastro\02 - B.O.M\06. TRANSFORMAÇÃO\02 - JI CONFORT MASTER L3H2 VISTA ESSENCIAL.xlsx
2026-06-24 09:52:00,848 INFO Importado B.O.M. C:\Users\PRODUCAO-2.0\J I MONTADORA DE VEICULOS ESPECIAIS LTDA\JI Montadora - 02 Produção\01 Controle de Produção\01 - Projeto Cadastro\02 - B.O.M\06. TRANSFORMAÇÃO\03 - JI CONFORT MASTER L3H2 VISTA PLUS.xlsx
2026-06-24 09:52:00,967 INFO Importado B.O.M. C:\Users\PRODUCAO-2.0\J I MONTADORA DE VEICULOS ESPECIAIS LTDA\JI Montadora - 02 Produção\01 Controle de Produção\01 - Projeto Cadastro\02 - B.O.M\06. TRANSFORMAÇÃO\04 - JI CONFORT MASTER L3H2 VITRE ESSENCIAL.xlsx
2026-06-24 09:52:01,095 INFO Importado B.O.M. C:\Users\PRODUCAO-2.0\J I MONTADORA DE VEICULOS ESPECIAIS LTDA\JI Montadora - 02 Produção\01 Controle de Produção\01 - Projeto Cadastro\02 - B.O.M\06. TRANSFORMAÇÃO\05 - JI CONFORT MASTER L3H2 VITRE PLUS.xlsx
2026-06-24 09:52:01,215 INFO Importado B.O.M. C:\Users\PRODUCAO-2.0\J I MONTADORA DE VEICULOS ESPECIAIS LTDA\JI Montadora - 02 Produção\01 Controle de Produção\01 - Projeto Cadastro\02 - B.O.M\06. TRANSFORMAÇÃO\06 - JI CONFORT MASTER L3H2 SELADO PLUS.xlsx
2026-06-24 09:52:01,333 INFO Importado B.O.M. C:\Users\PRODUCAO-2.0\J I MONTADORA DE VEICULOS ESPECIAIS LTDA\JI Montadora - 02 Produção\01 Controle de Produção\01 - Projeto Cadastro\02 - B.O.M\06. TRANSFORMAÇÃO\07 - JI CONFORT MASTER L2H2 SELADO ESSENCIAL.xlsx
2026-06-24 09:52:01,961 INFO Importado B.O.M. C:\Users\PRODUCAO-2.0\J I MONTADORA DE VEICULOS ESPECIAIS LTDA\JI Montadora - 02 Produção\01 Controle de Produção\01 - Projeto Cadastro\02 - B.O.M\06. TRANSFORMAÇÃO\08 - JI CONFORT MASTER L2H2 SELADO PLUS.xlsx
2026-06-24 09:52:02,110 INFO Importado B.O.M. C:\Users\PRODUCAO-2.0\J I MONTADORA DE VEICULOS ESPECIAIS LTDA\JI Montadora - 02 Produção\01 Controle de Produção\01 - Projeto Cadastro\02 - B.O.M\06. TRANSFORMAÇÃO\09 - JI CONFORT MASTER L2H2 VISTA ESSENCIAL.xlsx
2026-06-24 09:52:02,224 INFO Importado B.O.M. C:\Users\PRODUCAO-2.0\J I MONTADORA DE VEICULOS ESPECIAIS LTDA\JI Montadora - 02 Produção\01 Controle de Produção\01 - Projeto Cadastro\02 - B.O.M\06. TRANSFORMAÇÃO\10 - JI CONFORT MASTER L2H2 VISTA PLUS.xlsx
2026-06-24 09:52:02,319 INFO Importado B.O.M. C:\Users\PRODUCAO-2.0\J I MONTADORA DE VEICULOS ESPECIAIS LTDA\JI Montadora - 02 Produção\01 Controle de Produção\01 - Projeto Cadastro\02 - B.O.M\06. TRANSFORMAÇÃO\11 - JI CONFORT E-S-J TB SELADO.xlsx
2026-06-24 09:52:02,425 INFO Importado B.O.M. C:\Users\PRODUCAO-2.0\J I MONTADORA DE VEICULOS ESPECIAIS LTDA\JI Montadora - 02 Produção\01 Controle de Produção\01 - Projeto Cadastro\02 - B.O.M\06. TRANSFORMAÇÃO\12 - JI CONFORT E-S-J TB VISTA.xlsx
2026-06-24 09:52:02,531 INFO Importado B.O.M. C:\Users\PRODUCAO-2.0\J I MONTADORA DE VEICULOS ESPECIAIS LTDA\JI Montadora - 02 Produção\01 Controle de Produção\01 - Projeto Cadastro\02 - B.O.M\06. TRANSFORMAÇÃO\13 - JI CONFORT E-S-J TB VITRE.xlsx
2026-06-24 09:52:02,635 INFO Importado B.O.M. C:\Users\PRODUCAO-2.0\J I MONTADORA DE VEICULOS ESPECIAIS LTDA\JI Montadora - 02 Produção\01 Controle de Produção\01 - Projeto Cadastro\02 - B.O.M\06. TRANSFORMAÇÃO\14 - JI URBAN E-S-J TB SELADO.xlsx
2026-06-24 09:52:02,741 INFO Importado B.O.M. C:\Users\PRODUCAO-2.0\J I MONTADORA DE VEICULOS ESPECIAIS LTDA\JI Montadora - 02 Produção\01 Controle de Produção\01 - Projeto Cadastro\02 - B.O.M\06. TRANSFORMAÇÃO\15 - JI URBAN E-S-J TB VISTA.xlsx
2026-06-24 09:52:02,858 INFO Importado B.O.M. C:\Users\PRODUCAO-2.0\J I MONTADORA DE VEICULOS ESPECIAIS LTDA\JI Montadora - 02 Produção\01 Controle de Produção\01 - Projeto Cadastro\02 - B.O.M\06. TRANSFORMAÇÃO\16 - JI URBAN E-S-J TB VITRE.xlsx
2026-06-24 09:52:02,966 INFO Importado B.O.M. C:\Users\PRODUCAO-2.0\J I MONTADORA DE VEICULOS ESPECIAIS LTDA\JI Montadora - 02 Produção\01 Controle de Produção\01 - Projeto Cadastro\02 - B.O.M\06. TRANSFORMAÇÃO\17 - JI CONFORT E-J TA SELADO.xlsx
2026-06-24 09:52:03,065 INFO Importado B.O.M. C:\Users\PRODUCAO-2.0\J I MONTADORA DE VEICULOS ESPECIAIS LTDA\JI Montadora - 02 Produção\01 Controle de Produção\01 - Projeto Cadastro\02 - B.O.M\06. TRANSFORMAÇÃO\18 - JI CONFORT E-J TA VISTA.xlsx
2026-06-24 09:52:03,172 INFO Importado B.O.M. C:\Users\PRODUCAO-2.0\J I MONTADORA DE VEICULOS ESPECIAIS LTDA\JI Montadora - 02 Produção\01 Controle de Produção\01 - Projeto Cadastro\02 - B.O.M\06. TRANSFORMAÇÃO\19 - JI CONFORT E-J TA VITRE.xlsx
2026-06-24 09:52:03,292 INFO Importado B.O.M. C:\Users\PRODUCAO-2.0\J I MONTADORA DE VEICULOS ESPECIAIS LTDA\JI Montadora - 02 Produção\01 Controle de Produção\01 - Projeto Cadastro\02 - B.O.M\06. TRANSFORMAÇÃO\20 - JI URBAN E-J TA SELADO.xlsx
2026-06-24 09:52:03,445 INFO Importado B.O.M. C:\Users\PRODUCAO-2.0\J I MONTADORA DE VEICULOS ESPECIAIS LTDA\JI Montadora - 02 Produção\01 Controle de Produção\01 - Projeto Cadastro\02 - B.O.M\06. TRANSFORMAÇÃO\21 - JI URBAN E-J TA VISTA.xlsx
2026-06-24 09:52:03,572 INFO Importado B.O.M. C:\Users\PRODUCAO-2.0\J I MONTADORA DE VEICULOS ESPECIAIS LTDA\JI Montadora - 02 Produção\01 Controle de Produção\01 - Projeto Cadastro\02 - B.O.M\06. TRANSFORMAÇÃO\22 - JI URBAN E-J TA VITRE.xlsx
2026-06-24 09:52:03,678 INFO Importado B.O.M. C:\Users\PRODUCAO-2.0\J I MONTADORA DE VEICULOS ESPECIAIS LTDA\JI Montadora - 02 Produção\01 Controle de Produção\01 - Projeto Cadastro\02 - B.O.M\06. TRANSFORMAÇÃO\23 - JI CONFORT 417 10 M SELADO PLUS.xlsx
2026-06-24 09:52:03,791 INFO Importado B.O.M. C:\Users\PRODUCAO-2.0\J I MONTADORA DE VEICULOS ESPECIAIS LTDA\JI Montadora - 02 Produção\01 Controle de Produção\01 - Projeto Cadastro\02 - B.O.M\06. TRANSFORMAÇÃO\24 - JI CONFORT 417 10 M VISTA PLUS.xlsx
2026-06-24 09:52:03,896 INFO Importado B.O.M. C:\Users\PRODUCAO-2.0\J I MONTADORA DE VEICULOS ESPECIAIS LTDA\JI Montadora - 02 Produção\01 Controle de Produção\01 - Projeto Cadastro\02 - B.O.M\06. TRANSFORMAÇÃO\25 - JI CONFORT 417 10 M VITRE REVESTIDA.xlsx
2026-06-24 09:52:04,002 INFO Importado B.O.M. C:\Users\PRODUCAO-2.0\J I MONTADORA DE VEICULOS ESPECIAIS LTDA\JI Montadora - 02 Produção\01 Controle de Produção\01 - Projeto Cadastro\02 - B.O.M\06. TRANSFORMAÇÃO\26 - JI CONFORT 417 14 M SELADO PLUS.xlsx
2026-06-24 09:52:04,120 INFO Importado B.O.M. C:\Users\PRODUCAO-2.0\J I MONTADORA DE VEICULOS ESPECIAIS LTDA\JI Montadora - 02 Produção\01 Controle de Produção\01 - Projeto Cadastro\02 - B.O.M\06. TRANSFORMAÇÃO\27 - JI CONFORT 417 14 M VISTA PLUS.xlsx
2026-06-24 09:52:04,218 INFO Importado B.O.M. C:\Users\PRODUCAO-2.0\J I MONTADORA DE VEICULOS ESPECIAIS LTDA\JI Montadora - 02 Produção\01 Controle de Produção\01 - Projeto Cadastro\02 - B.O.M\06. TRANSFORMAÇÃO\28 - JI CONFORT 417 14 M VITRE REVESTIDA.xlsx
2026-06-24 09:52:04,331 INFO Importado B.O.M. C:\Users\PRODUCAO-2.0\J I MONTADORA DE VEICULOS ESPECIAIS LTDA\JI Montadora - 02 Produção\01 Controle de Produção\01 - Projeto Cadastro\02 - B.O.M\06. TRANSFORMAÇÃO\29 - JI CONFORT 517 15 M SELADO PLUS.xlsx
2026-06-24 09:52:04,457 INFO Importado B.O.M. C:\Users\PRODUCAO-2.0\J I MONTADORA DE VEICULOS ESPECIAIS LTDA\JI Montadora - 02 Produção\01 Controle de Produção\01 - Projeto Cadastro\02 - B.O.M\06. TRANSFORMAÇÃO\30 - JI CONFORT 517 15 M VISTA PLUS.xlsx
2026-06-24 09:52:04,573 INFO Importado B.O.M. C:\Users\PRODUCAO-2.0\J I MONTADORA DE VEICULOS ESPECIAIS LTDA\JI Montadora - 02 Produção\01 Controle de Produção\01 - Projeto Cadastro\02 - B.O.M\06. TRANSFORMAÇÃO\31 - JI CONFORT 517 15 M VITRE REVESTIDA.xlsx
2026-06-24 09:52:04,682 INFO Importado B.O.M. C:\Users\PRODUCAO-2.0\J I MONTADORA DE VEICULOS ESPECIAIS LTDA\JI Montadora - 02 Produção\01 Controle de Produção\01 - Projeto Cadastro\02 - B.O.M\06. TRANSFORMAÇÃO\32 - JI CONFORT 517 14 M SELADO PLUS.xlsx
2026-06-24 09:52:04,796 INFO Importado B.O.M. C:\Users\PRODUCAO-2.0\J I MONTADORA DE VEICULOS ESPECIAIS LTDA\JI Montadora - 02 Produção\01 Controle de Produção\01 - Projeto Cadastro\02 - B.O.M\06. TRANSFORMAÇÃO\33 - JI CONFORT 517 14 M VISTA PLUS.xlsx
2026-06-24 09:52:04,931 INFO Importado B.O.M. C:\Users\PRODUCAO-2.0\J I MONTADORA DE VEICULOS ESPECIAIS LTDA\JI Montadora - 02 Produção\01 Controle de Produção\01 - Projeto Cadastro\02 - B.O.M\06. TRANSFORMAÇÃO\34 - JI CONFORT 517 14 M VITRE REVESTIDA.xlsx
2026-06-24 09:52:05,042 INFO Importado B.O.M. C:\Users\PRODUCAO-2.0\J I MONTADORA DE VEICULOS ESPECIAIS LTDA\JI Montadora - 02 Produção\01 Controle de Produção\01 - Projeto Cadastro\02 - B.O.M\06. TRANSFORMAÇÃO\35 - JI CONFORT B-J-D SELADO.xlsx
2026-06-24 09:52:05,165 INFO Importado B.O.M. C:\Users\PRODUCAO-2.0\J I MONTADORA DE VEICULOS ESPECIAIS LTDA\JI Montadora - 02 Produção\01 Controle de Produção\01 - Projeto Cadastro\02 - B.O.M\06. TRANSFORMAÇÃO\36 - JI CONFORT B-J-D VISTA.xlsx
2026-06-24 09:52:05,283 INFO Importado B.O.M. C:\Users\PRODUCAO-2.0\J I MONTADORA DE VEICULOS ESPECIAIS LTDA\JI Montadora - 02 Produção\01 Controle de Produção\01 - Projeto Cadastro\02 - B.O.M\06. TRANSFORMAÇÃO\37 - JI CONFORT B-J-D VITRE.xlsx
2026-06-24 09:52:05,402 INFO Importado B.O.M. C:\Users\PRODUCAO-2.0\J I MONTADORA DE VEICULOS ESPECIAIS LTDA\JI Montadora - 02 Produção\01 Controle de Produção\01 - Projeto Cadastro\02 - B.O.M\06. TRANSFORMAÇÃO\38 - JI CONFORT TRANSIT L3H3 SELADO.xlsx
2026-06-24 09:52:05,510 INFO Importado B.O.M. C:\Users\PRODUCAO-2.0\J I MONTADORA DE VEICULOS ESPECIAIS LTDA\JI Montadora - 02 Produção\01 Controle de Produção\01 - Projeto Cadastro\02 - B.O.M\06. TRANSFORMAÇÃO\39 - JI CONFORT TRANSIT L3H3 VISTA.xlsx
2026-06-24 09:52:05,640 INFO Importado B.O.M. C:\Users\PRODUCAO-2.0\J I MONTADORA DE VEICULOS ESPECIAIS LTDA\JI Montadora - 02 Produção\01 Controle de Produção\01 - Projeto Cadastro\02 - B.O.M\06. TRANSFORMAÇÃO\40 - JI CONFORT TRANSIT L4H3 VITRE.xlsx
2026-06-24 09:52:05,763 INFO Importado B.O.M. C:\Users\PRODUCAO-2.0\J I MONTADORA DE VEICULOS ESPECIAIS LTDA\JI Montadora - 02 Produção\01 Controle de Produção\01 - Projeto Cadastro\02 - B.O.M\06. TRANSFORMAÇÃO\41 - JI URBAN E-S-J TB SELADO TETO C. VELUDO PRETO.xlsx
2026-06-24 09:52:05,860 INFO Importado B.O.M. C:\Users\PRODUCAO-2.0\J I MONTADORA DE VEICULOS ESPECIAIS LTDA\JI Montadora - 02 Produção\01 Controle de Produção\01 - Projeto Cadastro\02 - B.O.M\06. TRANSFORMAÇÃO\42 - JI URBAN E-S-J TB VISTA TETO C. VELUDO PRETO.xlsx
2026-06-24 09:52:05,982 INFO Importado B.O.M. C:\Users\PRODUCAO-2.0\J I MONTADORA DE VEICULOS ESPECIAIS LTDA\JI Montadora - 02 Produção\01 Controle de Produção\01 - Projeto Cadastro\02 - B.O.M\06. TRANSFORMAÇÃO\43 - JI URBAN E-S-J VITRE TB TETO C. VELUDO PRETO.xlsx
2026-06-24 09:52:06,102 INFO Importado B.O.M. C:\Users\PRODUCAO-2.0\J I MONTADORA DE VEICULOS ESPECIAIS LTDA\JI Montadora - 02 Produção\01 Controle de Produção\01 - Projeto Cadastro\02 - B.O.M\06. TRANSFORMAÇÃO\44 - JI CONFORT TRANSIT L3H2 VITRE.xlsx
2026-06-24 09:52:06,212 INFO Importado B.O.M. C:\Users\PRODUCAO-2.0\J I MONTADORA DE VEICULOS ESPECIAIS LTDA\JI Montadora - 02 Produção\01 Controle de Produção\01 - Projeto Cadastro\02 - B.O.M\07. REFORÇOS\01 - CJ REFORÇO EM ACO ARQUEAMENTO E-J TETO ALTO.xlsx
2026-06-24 09:52:06,400 INFO Importado B.O.M. C:\Users\PRODUCAO-2.0\J I MONTADORA DE VEICULOS ESPECIAIS LTDA\JI Montadora - 02 Produção\01 Controle de Produção\01 - Projeto Cadastro\02 - B.O.M\07. REFORÇOS\02 - CJ CHAPA PRONTA TRILHO ALUMÍNIO BCO INCOR. FIXO - SPRINTER 517 - 4,2-1,2,3,3,3.xlsx
2026-06-24 09:52:06,626 INFO Importado B.O.M. C:\Users\PRODUCAO-2.0\J I MONTADORA DE VEICULOS ESPECIAIS LTDA\JI Montadora - 02 Produção\01 Controle de Produção\01 - Projeto Cadastro\02 - B.O.M\07. REFORÇOS\03 - CJ CHAPA PRONTA TRILHO ALUMÍNIO BCO INCOR. RECLINAVEL - SPRINTER 517 - 4,2-1,2,3,3,3.xlsx
2026-06-24 09:52:06,846 INFO Importado B.O.M. C:\Users\PRODUCAO-2.0\J I MONTADORA DE VEICULOS ESPECIAIS LTDA\JI Montadora - 02 Produção\01 Controle de Produção\01 - Projeto Cadastro\02 - B.O.M\07. REFORÇOS\04 - CJ CHAPA PRONTA TRILHO ALUMÍNIO BCO INCOR. FIXO - UNIVERSAL - 4,3,3,3.xlsx
2026-06-24 09:52:06,958 INFO Importado B.O.M. C:\Users\PRODUCAO-2.0\J I MONTADORA DE VEICULOS ESPECIAIS LTDA\JI Montadora - 02 Produção\01 Controle de Produção\01 - Projeto Cadastro\02 - B.O.M\07. REFORÇOS\05 - CJ CHAPA PRONTA TRILHO ALUMÍNIO BCO INCOR. RECLINAVEL - UNIVERSAL - 4,3,3,3.xlsx
2026-06-24 09:52:07,073 INFO Importado B.O.M. C:\Users\PRODUCAO-2.0\J I MONTADORA DE VEICULOS ESPECIAIS LTDA\JI Montadora - 02 Produção\01 Controle de Produção\01 - Projeto Cadastro\02 - B.O.M\07. REFORÇOS\06 - PP REFORÇO SUPORTE METALON 40X20 - Copia.xlsx
2026-06-24 09:52:07,192 INFO Importado B.O.M. C:\Users\PRODUCAO-2.0\J I MONTADORA DE VEICULOS ESPECIAIS LTDA\JI Montadora - 02 Produção\01 Controle de Produção\01 - Projeto Cadastro\02 - B.O.M\07. REFORÇOS\06 - PP REFORÇO SUPORTE METALON 40X20.xlsx
2026-06-24 09:52:07,303 INFO Importado B.O.M. C:\Users\PRODUCAO-2.0\J I MONTADORA DE VEICULOS ESPECIAIS LTDA\JI Montadora - 02 Produção\01 Controle de Produção\01 - Projeto Cadastro\02 - B.O.M\08. BANCOS\01 - CJ BANCOS FIXOS - MC - LB - 4,3,3,3 - 2P - TECIDO - BJD.xlsx
2026-06-24 09:52:07,426 INFO Importado B.O.M. C:\Users\PRODUCAO-2.0\J I MONTADORA DE VEICULOS ESPECIAIS LTDA\JI Montadora - 02 Produção\01 Controle de Produção\01 - Projeto Cadastro\02 - B.O.M\08. BANCOS\02 - CJ BANCOS REC - MC - LB - 3,2,3 - 3P - COURVIN - EXPERT.xlsx
2026-06-24 09:52:07,541 INFO Importado B.O.M. C:\Users\PRODUCAO-2.0\J I MONTADORA DE VEICULOS ESPECIAIS LTDA\JI Montadora - 02 Produção\01 Controle de Produção\01 - Projeto Cadastro\02 - B.O.M\08. BANCOS\03 - CJ BANCOS REC - MC - LB - 3,2,3 - 3P - TECIDO - EXPERT.xlsx
2026-06-24 09:52:07,661 INFO Importado B.O.M. C:\Users\PRODUCAO-2.0\J I MONTADORA DE VEICULOS ESPECIAIS LTDA\JI Montadora - 02 Produção\01 Controle de Produção\01 - Projeto Cadastro\02 - B.O.M\08. BANCOS\04 - CJ BANCOS REC - MC - LB - 3,3 - 3P - TECIDO - EXPERT.xlsx
2026-06-24 09:52:07,777 INFO Importado B.O.M. C:\Users\PRODUCAO-2.0\J I MONTADORA DE VEICULOS ESPECIAIS LTDA\JI Montadora - 02 Produção\01 Controle de Produção\01 - Projeto Cadastro\02 - B.O.M\08. BANCOS\05 - CJ BANCOS FIXOS - MC - LB - 3,3 - 3P - TECIDO - EXPERT.xlsx
2026-06-24 09:52:07,894 INFO Importado B.O.M. C:\Users\PRODUCAO-2.0\J I MONTADORA DE VEICULOS ESPECIAIS LTDA\JI Montadora - 02 Produção\01 Controle de Produção\01 - Projeto Cadastro\02 - B.O.M\08. BANCOS\06 - CJ BANCOS REC - MC - LB - 3,3 - 3P - COURVIN- EXPERT.xlsx
2026-06-24 09:52:08,007 INFO Importado B.O.M. C:\Users\PRODUCAO-2.0\J I MONTADORA DE VEICULOS ESPECIAIS LTDA\JI Montadora - 02 Produção\01 Controle de Produção\01 - Projeto Cadastro\02 - B.O.M\08. BANCOS\07 - CJ BANCOS FIXOS - MC - LB - 3,2,3 - 3P - COURVIN- EXPERT.xlsx
2026-06-24 09:52:08,096 INFO Importado B.O.M. C:\Users\PRODUCAO-2.0\J I MONTADORA DE VEICULOS ESPECIAIS LTDA\JI Montadora - 02 Produção\01 Controle de Produção\01 - Projeto Cadastro\02 - B.O.M\08. BANCOS\08 - CJ BANCOS FIXOS - MC - LB - 3,2,3 - 2P - COURVIN - EXPERT.xlsx
2026-06-24 09:52:08,207 INFO Importado B.O.M. C:\Users\PRODUCAO-2.0\J I MONTADORA DE VEICULOS ESPECIAIS LTDA\JI Montadora - 02 Produção\01 Controle de Produção\01 - Projeto Cadastro\02 - B.O.M\08. BANCOS\09 - CJ BANCOS FIXOS - MC - LB - 3,2,3 - 3P - TECIDO - EXPERT.xlsx
2026-06-24 09:52:08,303 INFO Importado B.O.M. C:\Users\PRODUCAO-2.0\J I MONTADORA DE VEICULOS ESPECIAIS LTDA\JI Montadora - 02 Produção\01 Controle de Produção\01 - Projeto Cadastro\02 - B.O.M\08. BANCOS\10 - CJ BANCOS FIXOS - MC - LB - 3,2,3 - 2P - TECIDO - EXPERT.xlsx
2026-06-24 09:52:08,397 INFO Importado B.O.M. C:\Users\PRODUCAO-2.0\J I MONTADORA DE VEICULOS ESPECIAIS LTDA\JI Montadora - 02 Produção\01 Controle de Produção\01 - Projeto Cadastro\02 - B.O.M\08. BANCOS\11 - CJ BANCOS REC - MC - LB - 4,3,3,2,2-1 - 2P - TECIDO - TRILHO - FOCA.xlsx
2026-06-24 09:52:08,518 INFO Importado B.O.M. C:\Users\PRODUCAO-2.0\J I MONTADORA DE VEICULOS ESPECIAIS LTDA\JI Montadora - 02 Produção\01 Controle de Produção\01 - Projeto Cadastro\02 - B.O.M\08. BANCOS\12 - CJ BANCOS REC - MC - LB - 4,3,3,3 - 2P - TECIDO - BJD.xlsx
2026-06-24 09:52:08,655 INFO Importado B.O.M. C:\Users\PRODUCAO-2.0\J I MONTADORA DE VEICULOS ESPECIAIS LTDA\JI Montadora - 02 Produção\01 Controle de Produção\01 - Projeto Cadastro\02 - B.O.M\08. BANCOS\13 - CJ BANCOS FIXOS - MC - LB - 4,3,3,3 - 2P - TECIDO - TRILHO.xlsx
2026-06-24 09:52:08,767 INFO Importado B.O.M. C:\Users\PRODUCAO-2.0\J I MONTADORA DE VEICULOS ESPECIAIS LTDA\JI Montadora - 02 Produção\01 Controle de Produção\01 - Projeto Cadastro\02 - B.O.M\08. BANCOS\14 - CJ BANCOS REC- MC - LB - 1E,1E,1E,1D - 3P - COURVIN- NORMAL.xlsx
2026-06-24 09:52:08,877 INFO Importado B.O.M. C:\Users\PRODUCAO-2.0\J I MONTADORA DE VEICULOS ESPECIAIS LTDA\JI Montadora - 02 Produção\01 Controle de Produção\01 - Projeto Cadastro\02 - B.O.M\08. BANCOS\15 - CJ BANCOS FIXOS - MC - LB - 4,3,3,2-1 - 2P - TECIDO - NORMAL - FOCA.xlsx
2026-06-24 09:52:08,994 INFO Importado B.O.M. C:\Users\PRODUCAO-2.0\J I MONTADORA DE VEICULOS ESPECIAIS LTDA\JI Montadora - 02 Produção\01 Controle de Produção\01 - Projeto Cadastro\02 - B.O.M\08. BANCOS\16 - CJ BANCOS REC - MC - LB - 4,2,2,3,3,3 - REC - 3P - COURVIN - NORMAL.xlsx
2026-06-24 09:52:09,116 INFO Importado B.O.M. C:\Users\PRODUCAO-2.0\J I MONTADORA DE VEICULOS ESPECIAIS LTDA\JI Montadora - 02 Produção\01 Controle de Produção\01 - Projeto Cadastro\02 - B.O.M\08. BANCOS\17 - CJ BANCOS REC - MC - LB - 4,2,3,3,3 - REC - 2P - COURVIN - PME 2A.xlsx
2026-06-24 09:52:09,231 INFO Importado B.O.M. C:\Users\PRODUCAO-2.0\J I MONTADORA DE VEICULOS ESPECIAIS LTDA\JI Montadora - 02 Produção\01 Controle de Produção\01 - Projeto Cadastro\02 - B.O.M\08. BANCOS\18 - CJ BANCOS REC - LB - 1 E,1 E,1 D,1 D,3,3 - REC - 3P - TECIDO - BJD.xlsx
2026-06-24 09:52:09,354 INFO Importado B.O.M. C:\Users\PRODUCAO-2.0\J I MONTADORA DE VEICULOS ESPECIAIS LTDA\JI Montadora - 02 Produção\01 Controle de Produção\01 - Projeto Cadastro\02 - B.O.M\08. BANCOS\19 - CJ BANCOS REC - LB - 4,2-1,2,3,3,3 - REC - 2P - TECIDO - NORMAL.xlsx
2026-06-24 09:52:09,477 INFO Importado B.O.M. C:\Users\PRODUCAO-2.0\J I MONTADORA DE VEICULOS ESPECIAIS LTDA\JI Montadora - 02 Produção\01 Controle de Produção\01 - Projeto Cadastro\02 - B.O.M\08. BANCOS\20 - CJ BANCOS FIXOS - LB - 1E,1E,1E,1D - 2P - TECIDO - TRILHO.xlsx
2026-06-24 09:52:09,593 INFO Importado B.O.M. C:\Users\PRODUCAO-2.0\J I MONTADORA DE VEICULOS ESPECIAIS LTDA\JI Montadora - 02 Produção\01 Controle de Produção\01 - Projeto Cadastro\02 - B.O.M\08. BANCOS\21 - CJ BANCOS FIXO - MC - LB - 4,3,3,2-1 - 2P - TECIDO - TRILHO - ELEVITTA.xlsx
2026-06-24 09:52:09,706 INFO Importado B.O.M. C:\Users\PRODUCAO-2.0\J I MONTADORA DE VEICULOS ESPECIAIS LTDA\JI Montadora - 02 Produção\01 Controle de Produção\01 - Projeto Cadastro\02 - B.O.M\08. BANCOS\22 - CJ BANCOS REC - LB - 4,2-1,2,3,3,3 - REC - 2P - TECIDO - TRILHO.xlsx
2026-06-24 09:52:09,819 INFO Importado B.O.M. C:\Users\PRODUCAO-2.0\J I MONTADORA DE VEICULOS ESPECIAIS LTDA\JI Montadora - 02 Produção\01 Controle de Produção\01 - Projeto Cadastro\02 - B.O.M\08. BANCOS\23 - CJ BANCOS REC - LB - 4,2-1,2,3,3,3 - REC - 3P - COURVIN - NORMAL.xlsx
2026-06-24 09:52:10,045 INFO Importado B.O.M. C:\Users\PRODUCAO-2.0\J I MONTADORA DE VEICULOS ESPECIAIS LTDA\JI Montadora - 02 Produção\01 Controle de Produção\01 - Projeto Cadastro\02 - B.O.M\09. ELETRICA\01 - CJ CHICOTE ELETRICO CABINE E-S-J P. LIGAÇÃO ACESSORIOS.xlsx
2026-06-24 09:52:10,262 INFO Importado B.O.M. C:\Users\PRODUCAO-2.0\J I MONTADORA DE VEICULOS ESPECIAIS LTDA\JI Montadora - 02 Produção\01 Controle de Produção\01 - Projeto Cadastro\02 - B.O.M\09. ELETRICA\02 - CJ BOTOEIRA PLASTICA JI E-S-J CABINE 8 TECLAS.xlsx
2026-06-24 09:52:10,485 INFO Importado B.O.M. C:\Users\PRODUCAO-2.0\J I MONTADORA DE VEICULOS ESPECIAIS LTDA\JI Montadora - 02 Produção\01 Controle de Produção\01 - Projeto Cadastro\02 - B.O.M\09. ELETRICA\03 - CJ 3 TOMADAS USB ORBE DUPLA E-S-J.xlsx
2026-06-24 09:52:10,694 INFO Importado B.O.M. C:\Users\PRODUCAO-2.0\J I MONTADORA DE VEICULOS ESPECIAIS LTDA\JI Montadora - 02 Produção\01 Controle de Produção\01 - Projeto Cadastro\02 - B.O.M\09. ELETRICA\04 - CJ LUZ CORTESIA E-S-J - DEGRAU, SOLEIRA PM, SOB BCO 1º FIL.xlsx
2026-06-24 09:52:10,891 INFO Importado B.O.M. C:\Users\PRODUCAO-2.0\J I MONTADORA DE VEICULOS ESPECIAIS LTDA\JI Montadora - 02 Produção\01 Controle de Produção\01 - Projeto Cadastro\02 - B.O.M\09. ELETRICA\05 - CJ LUZ CORTESIA CABINE ESJ SOB PAINEL.xlsx
2026-06-24 09:52:11,076 INFO Importado B.O.M. C:\Users\PRODUCAO-2.0\J I MONTADORA DE VEICULOS ESPECIAIS LTDA\JI Montadora - 02 Produção\01 Controle de Produção\01 - Projeto Cadastro\02 - B.O.M\09. ELETRICA\06 - CJ LUZ LED RGB MOVEIS LATERAIS JI C-CLASS ESJ.xlsx
2026-06-24 09:52:11,267 INFO Importado B.O.M. C:\Users\PRODUCAO-2.0\J I MONTADORA DE VEICULOS ESPECIAIS LTDA\JI Montadora - 02 Produção\01 Controle de Produção\01 - Projeto Cadastro\02 - B.O.M\09. ELETRICA\07 - CJ LUZ AZUL 4 ARANDELAS LATERAIS JI.xlsx
2026-06-24 09:52:11,465 INFO Importado B.O.M. C:\Users\PRODUCAO-2.0\J I MONTADORA DE VEICULOS ESPECIAIS LTDA\JI Montadora - 02 Produção\01 Controle de Produção\01 - Projeto Cadastro\02 - B.O.M\09. ELETRICA\08 - CJ LUZ BALIZADORA INFERIOR E-S-J.xlsx
2026-06-24 09:52:11,761 INFO Importado B.O.M. C:\Users\PRODUCAO-2.0\J I MONTADORA DE VEICULOS ESPECIAIS LTDA\JI Montadora - 02 Produção\01 Controle de Produção\01 - Projeto Cadastro\02 - B.O.M\10. BANCOS FORNECEDOR JL\01 - BCO JL LE RECLINAVEL 3 L NORMAL C. AP BRACO LD 255 MM 3P MISTO.xlsx
2026-06-24 09:52:11,978 INFO Importado B.O.M. C:\Users\PRODUCAO-2.0\J I MONTADORA DE VEICULOS ESPECIAIS LTDA\JI Montadora - 02 Produção\01 Controle de Produção\01 - Projeto Cadastro\02 - B.O.M\10. BANCOS FORNECEDOR JL\02 - BCO JL LE RECLINAVEL 1 L PME S. AP BRACO 65 MM 3P MISTO.xlsx
2026-06-24 09:52:12,186 INFO Importado B.O.M. C:\Users\PRODUCAO-2.0\J I MONTADORA DE VEICULOS ESPECIAIS LTDA\JI Montadora - 02 Produção\01 Controle de Produção\01 - Projeto Cadastro\02 - B.O.M\10. BANCOS FORNECEDOR JL\03 - BCO JL LE RECLINAVEL 2 L PME S. AP BRACO 120 MM 3P MISTO.xlsx
2026-06-24 09:52:12,373 INFO Importado B.O.M. C:\Users\PRODUCAO-2.0\J I MONTADORA DE VEICULOS ESPECIAIS LTDA\JI Montadora - 02 Produção\01 Controle de Produção\01 - Projeto Cadastro\02 - B.O.M\10. BANCOS FORNECEDOR JL\04 - BCO JL LE RECLINAVEL 1 L PME S. AP BRACO 120 MM 3P MISTO.xlsx
2026-06-24 09:52:12,560 INFO Importado B.O.M. C:\Users\PRODUCAO-2.0\J I MONTADORA DE VEICULOS ESPECIAIS LTDA\JI Montadora - 02 Produção\01 Controle de Produção\01 - Projeto Cadastro\02 - B.O.M\10. BANCOS FORNECEDOR JL\05 - BCO JL LE RECLINAVEL 2 L NORMAL S. AP BRACO 330 MM 3P MISTO.xlsx
2026-06-24 09:52:12,753 INFO Importado B.O.M. C:\Users\PRODUCAO-2.0\J I MONTADORA DE VEICULOS ESPECIAIS LTDA\JI Montadora - 02 Produção\01 Controle de Produção\01 - Projeto Cadastro\02 - B.O.M\10. BANCOS FORNECEDOR JL\06 - BCO JL LE RECLINAVEL 1 L NORMAL S. AP BRACO 330 MM 3P MISTO.xlsx
2026-06-24 09:52:12,969 INFO Importado B.O.M. C:\Users\PRODUCAO-2.0\J I MONTADORA DE VEICULOS ESPECIAIS LTDA\JI Montadora - 02 Produção\01 Controle de Produção\01 - Projeto Cadastro\02 - B.O.M\10. BANCOS FORNECEDOR JL\07 - BCO JL LE RECLINAVEL 4 L PME S. AP BRACO 3P MISTO.xlsx
2026-06-24 09:52:13,169 INFO Importado B.O.M. C:\Users\PRODUCAO-2.0\J I MONTADORA DE VEICULOS ESPECIAIS LTDA\JI Montadora - 02 Produção\01 Controle de Produção\01 - Projeto Cadastro\02 - B.O.M\10. BANCOS FORNECEDOR JL\08 - BCO JL LE RECLINAVEL 3 L NORMAL C. AP BRACO LD 330 MM 3P MISTO.xlsx
2026-06-24 09:52:13,384 INFO Importado B.O.M. C:\Users\PRODUCAO-2.0\J I MONTADORA DE VEICULOS ESPECIAIS LTDA\JI Montadora - 02 Produção\01 Controle de Produção\01 - Projeto Cadastro\02 - B.O.M\10. BANCOS FORNECEDOR JL\09 - BCO CARONA JL LE RECLINAVEL 2 L SPRINTER S. AP BRACO 270 MM 3P MISTO.xlsx
2026-06-24 09:52:13,608 INFO Importado B.O.M. C:\Users\PRODUCAO-2.0\J I MONTADORA DE VEICULOS ESPECIAIS LTDA\JI Montadora - 02 Produção\01 Controle de Produção\01 - Projeto Cadastro\02 - B.O.M\10. BANCOS FORNECEDOR JL\10 - BCO CARONA JL LE RECLINAVEL 2 L MASTER S. AP BRACO 262 MM 3P MISTO.xlsx
2026-06-24 10:00:20,819 WARNING B.O.M. ignorada porque nao esta mais acessivel: C:\Users\PRODUCAO-2.0\J I MONTADORA DE VEICULOS ESPECIAIS LTDA\JI Montadora - 02 Produção\01 Controle de Produção\01 - Projeto Cadastro\02 - B.O.M\02. CATEGORIA ABS\41 - PP ABS PC C. MOLDURA CORTINA PVC ESJ C-CLASS TB LATERAL MOTORISTA LE 1º2º VAO CINZA RAL 7021 PU - TI.01.J04.xlsx
2026-06-25 10:49:10,186 INFO Log iniciado em C:\Users\PRODUCAO-2.0\Music\modulo-suprimentos-main (1)\modulo-suprimentos-main\compras_app\data\emissor_documentos.log
2026-06-25 13:30:37,786 INFO Importado B.O.M. C:\Users\PRODUCAO-2.0\J I MONTADORA DE VEICULOS ESPECIAIS LTDA\JI Montadora - 02 Produção\01 Controle de Produção\01 - Projeto Cadastro\02 - B.O.M\00. OBSOLETO\Consolidado B.O.M\consolidacao_bom\BOM_Onde_Usa.xlsx
2026-06-25 13:30:37,884 INFO Importado B.O.M. C:\Users\PRODUCAO-2.0\J I MONTADORA DE VEICULOS ESPECIAIS LTDA\JI Montadora - 02 Produção\01 Controle de Produção\01 - Projeto Cadastro\02 - B.O.M\01. CATEGORIA VIDRO\01 - VIDROS - SELADO - CJ VIDROS SELADO MASTER L2H2 - VIDROFORTE.xlsx
2026-06-25 13:30:38,022 INFO Importado B.O.M. C:\Users\PRODUCAO-2.0\J I MONTADORA DE VEICULOS ESPECIAIS LTDA\JI Montadora - 02 Produção\01 Controle de Produção\01 - Projeto Cadastro\02 - B.O.M\01. CATEGORIA VIDRO\02 - VIDROS - SELADO - CJ VIDROS SELADO MASTER L3H2 - SELADO - VIDROFORTE.xlsx
2026-06-25 13:30:38,200 INFO Importado B.O.M. C:\Users\PRODUCAO-2.0\J I MONTADORA DE VEICULOS ESPECIAIS LTDA\JI Montadora - 02 Produção\01 Controle de Produção\01 - Projeto Cadastro\02 - B.O.M\01. CATEGORIA VIDRO\03 - VIDROS - SELADO - CJ VIDROS SELADO MASTER L1H1 - SELADO - VIDROFORTE.xlsx
2026-06-25 13:30:38,390 INFO Importado B.O.M. C:\Users\PRODUCAO-2.0\J I MONTADORA DE VEICULOS ESPECIAIS LTDA\JI Montadora - 02 Produção\01 Controle de Produção\01 - Projeto Cadastro\02 - B.O.M\01. CATEGORIA VIDRO\04 - VIDROS - SELADO - CJ VIDROS SELADO TRANSIT L3H3 - SELADO - VIDROFORTE.xlsx
2026-06-25 13:30:38,651 INFO Importado B.O.M. C:\Users\PRODUCAO-2.0\J I MONTADORA DE VEICULOS ESPECIAIS LTDA\JI Montadora - 02 Produção\01 Controle de Produção\01 - Projeto Cadastro\02 - B.O.M\01. CATEGORIA VIDRO\05 - VIDROS - SELADO - CJ VIDROS SELADO TRANSIT L2H3 - SELADO - VIDROFORTE.xlsx
2026-06-25 13:30:38,879 INFO Importado B.O.M. C:\Users\PRODUCAO-2.0\J I MONTADORA DE VEICULOS ESPECIAIS LTDA\JI Montadora - 02 Produção\01 Controle de Produção\01 - Projeto Cadastro\02 - B.O.M\01. CATEGORIA VIDRO\06 - VIDROS - SELADO - CJ VIDROS SELADO SPRINTER 10 M - SELADO - VIDROFORTE.xlsx
2026-06-25 13:30:39,087 INFO Importado B.O.M. C:\Users\PRODUCAO-2.0\J I MONTADORA DE VEICULOS ESPECIAIS LTDA\JI Montadora - 02 Produção\01 Controle de Produção\01 - Projeto Cadastro\02 - B.O.M\01. CATEGORIA VIDRO\07 - VIDROS - SELADO - CJ VIDROS SELADO SPRINTER 14 M - SELADO - VIDROFORTE.xlsx
2026-06-25 13:30:39,306 INFO Importado B.O.M. C:\Users\PRODUCAO-2.0\J I MONTADORA DE VEICULOS ESPECIAIS LTDA\JI Montadora - 02 Produção\01 Controle de Produção\01 - Projeto Cadastro\02 - B.O.M\01. CATEGORIA VIDRO\08 - VIDROS - SELADO - CJ VIDROS SELADO EXPERT JUMPY SCUDO - SELADO - VIDROFORTE.xlsx
2026-06-25 13:30:39,580 INFO Importado B.O.M. C:\Users\PRODUCAO-2.0\J I MONTADORA DE VEICULOS ESPECIAIS LTDA\JI Montadora - 02 Produção\01 Controle de Produção\01 - Projeto Cadastro\02 - B.O.M\01. CATEGORIA VIDRO\09 - VIDROS - SELADO - CJ VIDROS SELADO BOXER JUMPER DUCATO - SELADO - VIDROFORTE.xlsx
2026-06-25 13:30:39,801 INFO Importado B.O.M. C:\Users\PRODUCAO-2.0\J I MONTADORA DE VEICULOS ESPECIAIS LTDA\JI Montadora - 02 Produção\01 Controle de Produção\01 - Projeto Cadastro\02 - B.O.M\01. CATEGORIA VIDRO\10 - VIDROS - VISTA - CJ VIDROS VISTA MASTER L2H2 - VIDROFORTE.xlsx
2026-06-25 13:30:40,002 INFO Importado B.O.M. C:\Users\PRODUCAO-2.0\J I MONTADORA DE VEICULOS ESPECIAIS LTDA\JI Montadora - 02 Produção\01 Controle de Produção\01 - Projeto Cadastro\02 - B.O.M\01. CATEGORIA VIDRO\11 - VIDROS - VISTA - CJ VIDROS VISTA MASTER L3H2  - VIDROFORTE.xlsx
2026-06-25 13:30:40,204 INFO Importado B.O.M. C:\Users\PRODUCAO-2.0\J I MONTADORA DE VEICULOS ESPECIAIS LTDA\JI Montadora - 02 Produção\01 Controle de Produção\01 - Projeto Cadastro\02 - B.O.M\01. CATEGORIA VIDRO\12 - VIDROS - VISTA - CJ VIDROS VISTA MASTER L1H1  - VIDROFORTE.xlsx
2026-06-25 13:30:40,446 INFO Importado B.O.M. C:\Users\PRODUCAO-2.0\J I MONTADORA DE VEICULOS ESPECIAIS LTDA\JI Montadora - 02 Produção\01 Controle de Produção\01 - Projeto Cadastro\02 - B.O.M\01. CATEGORIA VIDRO\13 - VIDROS - VISTA - CJ VIDROS VISTA TRANSIT L3H3  - VIDROFORTE.xlsx
2026-06-25 13:30:40,692 INFO Importado B.O.M. C:\Users\PRODUCAO-2.0\J I MONTADORA DE VEICULOS ESPECIAIS LTDA\JI Montadora - 02 Produção\01 Controle de Produção\01 - Projeto Cadastro\02 - B.O.M\01. CATEGORIA VIDRO\14 - VIDROS - VISTA - CJ VIDROS VISTA TRANSIT L2H3  - VIDROFORTE.xlsx
2026-06-25 13:30:40,903 INFO Importado B.O.M. C:\Users\PRODUCAO-2.0\J I MONTADORA DE VEICULOS ESPECIAIS LTDA\JI Montadora - 02 Produção\01 Controle de Produção\01 - Projeto Cadastro\02 - B.O.M\01. CATEGORIA VIDRO\15 - VIDROS - VISTA - CJ VIDROS VISTA SPRINTER 10 M  - VIDROFORTE.xlsx
2026-06-25 13:30:41,151 INFO Importado B.O.M. C:\Users\PRODUCAO-2.0\J I MONTADORA DE VEICULOS ESPECIAIS LTDA\JI Montadora - 02 Produção\01 Controle de Produção\01 - Projeto Cadastro\02 - B.O.M\01. CATEGORIA VIDRO\16 - VIDROS - VISTA - CJ VIDROS VISTA SPRINTER 14 M  - VIDROFORTE.xlsx
2026-06-25 13:30:41,392 INFO Importado B.O.M. C:\Users\PRODUCAO-2.0\J I MONTADORA DE VEICULOS ESPECIAIS LTDA\JI Montadora - 02 Produção\01 Controle de Produção\01 - Projeto Cadastro\02 - B.O.M\01. CATEGORIA VIDRO\17 - VIDROS - VISTA - CJ VIDROS VISTA EXPERT JUMPY SCUDO - VIDROFORTE.xlsx
2026-06-25 13:30:41,655 INFO Importado B.O.M. C:\Users\PRODUCAO-2.0\J I MONTADORA DE VEICULOS ESPECIAIS LTDA\JI Montadora - 02 Produção\01 Controle de Produção\01 - Projeto Cadastro\02 - B.O.M\01. CATEGORIA VIDRO\18 - VIDROS - VISTA - CJ VIDROS VISTA BOXER JUMPER DUCATO - VIDROFORTE.xlsx
2026-06-25 13:30:41,924 INFO Importado B.O.M. C:\Users\PRODUCAO-2.0\J I MONTADORA DE VEICULOS ESPECIAIS LTDA\JI Montadora - 02 Produção\01 Controle de Produção\01 - Projeto Cadastro\02 - B.O.M\01. CATEGORIA VIDRO\19 - VIDROS - SELADO - CJ VIDROS SELADO MASTER L2H2 - VETROEX.xlsx
2026-06-25 13:30:42,135 INFO Importado B.O.M. C:\Users\PRODUCAO-2.0\J I MONTADORA DE VEICULOS ESPECIAIS LTDA\JI Montadora - 02 Produção\01 Controle de Produção\01 - Projeto Cadastro\02 - B.O.M\01. CATEGORIA VIDRO\20 - VIDROS - SELADO - CJ VIDROS SELADO MASTER L3H2 - SELADO - VETROEX.xlsx
2026-06-25 13:30:42,368 INFO Importado B.O.M. C:\Users\PRODUCAO-2.0\J I MONTADORA DE VEICULOS ESPECIAIS LTDA\JI Montadora - 02 Produção\01 Controle de Produção\01 - Projeto Cadastro\02 - B.O.M\01. CATEGORIA VIDRO\21 - VIDROS - SELADO - CJ VIDROS SELADO MASTER L1H1 - SELADO - VETROEX.xlsx
2026-06-25 13:30:43,379 INFO Importado B.O.M. C:\Users\PRODUCAO-2.0\J I MONTADORA DE VEICULOS ESPECIAIS LTDA\JI Montadora - 02 Produção\01 Controle de Produção\01 - Projeto Cadastro\02 - B.O.M\01. CATEGORIA VIDRO\22 - VIDROS - SELADO - CJ VIDROS SELADO TRANSIT L3H3 - SELADO - VETROEX.xlsx
2026-06-25 13:30:43,611 INFO Importado B.O.M. C:\Users\PRODUCAO-2.0\J I MONTADORA DE VEICULOS ESPECIAIS LTDA\JI Montadora - 02 Produção\01 Controle de Produção\01 - Projeto Cadastro\02 - B.O.M\01. CATEGORIA VIDRO\23 - VIDROS - SELADO - CJ VIDROS SELADO TRANSIT L2H3 - SELADO - VETROEX.xlsx
2026-06-25 13:30:43,834 INFO Importado B.O.M. C:\Users\PRODUCAO-2.0\J I MONTADORA DE VEICULOS ESPECIAIS LTDA\JI Montadora - 02 Produção\01 Controle de Produção\01 - Projeto Cadastro\02 - B.O.M\01. CATEGORIA VIDRO\24 - VIDROS - SELADO - CJ VIDROS SELADO SPRINTER 10 M - SELADO - VETROEX.xlsx
2026-06-25 13:30:44,028 INFO Importado B.O.M. C:\Users\PRODUCAO-2.0\J I MONTADORA DE VEICULOS ESPECIAIS LTDA\JI Montadora - 02 Produção\01 Controle de Produção\01 - Projeto Cadastro\02 - B.O.M\01. CATEGORIA VIDRO\25 - VIDROS - SELADO - CJ VIDROS SELADO SPRINTER 14 M - SELADO - VETROEX.xlsx
2026-06-25 13:30:44,214 INFO Importado B.O.M. C:\Users\PRODUCAO-2.0\J I MONTADORA DE VEICULOS ESPECIAIS LTDA\JI Montadora - 02 Produção\01 Controle de Produção\01 - Projeto Cadastro\02 - B.O.M\01. CATEGORIA VIDRO\26 - VIDROS - SELADO - CJ VIDROS SELADO EXPERT JUMPY SCUDO - SELADO - VETROEX.xlsx
2026-06-25 13:30:44,386 INFO Importado B.O.M. C:\Users\PRODUCAO-2.0\J I MONTADORA DE VEICULOS ESPECIAIS LTDA\JI Montadora - 02 Produção\01 Controle de Produção\01 - Projeto Cadastro\02 - B.O.M\01. CATEGORIA VIDRO\27- VIDROS - SELADO - CJ VIDROS SELADO BOXER JUMPER DUCATO - SELADO - VETROEX.xlsx
2026-06-25 13:30:44,570 INFO Importado B.O.M. C:\Users\PRODUCAO-2.0\J I MONTADORA DE VEICULOS ESPECIAIS LTDA\JI Montadora - 02 Produção\01 Controle de Produção\01 - Projeto Cadastro\02 - B.O.M\01. CATEGORIA VIDRO\28 - VIDROS - VISTA - CJ VIDROS VISTA 1º LDLE 2º LE EXPERT JUMPY SCUDO - STYLLUS.xlsx
2026-06-25 13:30:44,682 INFO Importado B.O.M. C:\Users\PRODUCAO-2.0\J I MONTADORA DE VEICULOS ESPECIAIS LTDA\JI Montadora - 02 Produção\01 Controle de Produção\01 - Projeto Cadastro\02 - B.O.M\01. TEMPLATE PADRÃO COMPOSIÇÃO.xlsx
2026-06-25 13:30:44,943 INFO Importado B.O.M. C:\Users\PRODUCAO-2.0\J I MONTADORA DE VEICULOS ESPECIAIS LTDA\JI Montadora - 02 Produção\01 Controle de Produção\01 - Projeto Cadastro\02 - B.O.M\02. CATEGORIA ABS\01 - ABS - CJ REVESTIMENTO ESSENCIAL RENAULT MASTER L2H2.xlsx
2026-06-25 13:30:45,148 INFO Importado B.O.M. C:\Users\PRODUCAO-2.0\J I MONTADORA DE VEICULOS ESPECIAIS LTDA\JI Montadora - 02 Produção\01 Controle de Produção\01 - Projeto Cadastro\02 - B.O.M\02. CATEGORIA ABS\02 - ABS - CJ REVESTIMENTO ESSENCIAL RENAULT MASTER L3H2.xlsx
2026-06-25 13:30:45,364 INFO Importado B.O.M. C:\Users\PRODUCAO-2.0\J I MONTADORA DE VEICULOS ESPECIAIS LTDA\JI Montadora - 02 Produção\01 Controle de Produção\01 - Projeto Cadastro\02 - B.O.M\02. CATEGORIA ABS\03 - ABS - CJ REVESTIMENTO B-J-D.xlsx
2026-06-25 13:30:45,498 INFO Importado B.O.M. C:\Users\PRODUCAO-2.0\J I MONTADORA DE VEICULOS ESPECIAIS LTDA\JI Montadora - 02 Produção\01 Controle de Produção\01 - Projeto Cadastro\02 - B.O.M\02. CATEGORIA ABS\04 - ABS - CJ REVESTIMENTO E-S-J.xlsx
2026-06-25 13:30:45,708 INFO Importado B.O.M. C:\Users\PRODUCAO-2.0\J I MONTADORA DE VEICULOS ESPECIAIS LTDA\JI Montadora - 02 Produção\01 Controle de Produção\01 - Projeto Cadastro\02 - B.O.M\02. CATEGORIA ABS\05 - ABS - CJ REVESTIMENTO IVECO 50-180.xlsx
2026-06-25 13:30:45,824 INFO Importado B.O.M. C:\Users\PRODUCAO-2.0\J I MONTADORA DE VEICULOS ESPECIAIS LTDA\JI Montadora - 02 Produção\01 Controle de Produção\01 - Projeto Cadastro\02 - B.O.M\02. CATEGORIA ABS\06 - ABS - CJ REVESTIMENTO PLUS SPRINTER 417 10,5 M³.xlsx
2026-06-25 13:30:45,961 INFO Importado B.O.M. C:\Users\PRODUCAO-2.0\J I MONTADORA DE VEICULOS ESPECIAIS LTDA\JI Montadora - 02 Produção\01 Controle de Produção\01 - Projeto Cadastro\02 - B.O.M\02. CATEGORIA ABS\07 - ABS - CJ REVESTIMENTO PLUS SPRINTER 417 14 M³.xlsx
2026-06-25 13:30:46,206 INFO Importado B.O.M. C:\Users\PRODUCAO-2.0\J I MONTADORA DE VEICULOS ESPECIAIS LTDA\JI Montadora - 02 Produção\01 Controle de Produção\01 - Projeto Cadastro\02 - B.O.M\02. CATEGORIA ABS\08 - ABS - CJ REVESTIMENTO PLUS SPRINTER 517 15 M³.xlsx
2026-06-25 13:30:46,421 INFO Importado B.O.M. C:\Users\PRODUCAO-2.0\J I MONTADORA DE VEICULOS ESPECIAIS LTDA\JI Montadora - 02 Produção\01 Controle de Produção\01 - Projeto Cadastro\02 - B.O.M\02. CATEGORIA ABS\09 - ABS - CJ REVESTIMENTO TRANSIT L4H3.xlsx
2026-06-25 13:30:46,666 INFO Importado B.O.M. C:\Users\PRODUCAO-2.0\J I MONTADORA DE VEICULOS ESPECIAIS LTDA\JI Montadora - 02 Produção\01 Controle de Produção\01 - Projeto Cadastro\02 - B.O.M\02. CATEGORIA ABS\10 - ABS - CJ REVESTIMENTO TRANSIT L3H3.xlsx
2026-06-25 13:30:46,923 INFO Importado B.O.M. C:\Users\PRODUCAO-2.0\J I MONTADORA DE VEICULOS ESPECIAIS LTDA\JI Montadora - 02 Produção\01 Controle de Produção\01 - Projeto Cadastro\02 - B.O.M\02. CATEGORIA ABS\11 - ABS - CJ DUTO AR CONDICIONADO ABS PC PLUS SPRINTER 10,5M³.xlsx
2026-06-25 13:30:47,151 INFO Importado B.O.M. C:\Users\PRODUCAO-2.0\J I MONTADORA DE VEICULOS ESPECIAIS LTDA\JI Montadora - 02 Produção\01 Controle de Produção\01 - Projeto Cadastro\02 - B.O.M\02. CATEGORIA ABS\12 - ABS - CJ DUTO AR CONDICIONADO ABS PC PLUS SPRINTER 1415M³.xlsx
2026-06-25 13:30:47,357 INFO Importado B.O.M. C:\Users\PRODUCAO-2.0\J I MONTADORA DE VEICULOS ESPECIAIS LTDA\JI Montadora - 02 Produção\01 Controle de Produção\01 - Projeto Cadastro\02 - B.O.M\02. CATEGORIA ABS\13 - ABS - CJ REVESTIMENTO PLUS SPRINTER 517 14 M³.xlsx
2026-06-25 13:30:47,574 INFO Importado B.O.M. C:\Users\PRODUCAO-2.0\J I MONTADORA DE VEICULOS ESPECIAIS LTDA\JI Montadora - 02 Produção\01 Controle de Produção\01 - Projeto Cadastro\02 - B.O.M\02. CATEGORIA ABS\14 - CJ CONSOLE AC TRANSIT L3H3 ACABAMENTO MADEIRA REVESTIDA.xlsx
2026-06-25 13:30:47,815 INFO Importado B.O.M. C:\Users\PRODUCAO-2.0\J I MONTADORA DE VEICULOS ESPECIAIS LTDA\JI Montadora - 02 Produção\01 Controle de Produção\01 - Projeto Cadastro\02 - B.O.M\02. CATEGORIA ABS\15 - ABS - CJ REVESTIMENTO PLUS RENAULT MASTER L2H2.xlsx
2026-06-25 13:30:47,988 INFO Importado B.O.M. C:\Users\PRODUCAO-2.0\J I MONTADORA DE VEICULOS ESPECIAIS LTDA\JI Montadora - 02 Produção\01 Controle de Produção\01 - Projeto Cadastro\02 - B.O.M\02. CATEGORIA ABS\16 - ABS - CJ REVESTIMENTO PLUS RENAULT MASTER L3H2.xlsx
2026-06-25 13:30:48,162 INFO Importado B.O.M. C:\Users\PRODUCAO-2.0\J I MONTADORA DE VEICULOS ESPECIAIS LTDA\JI Montadora - 02 Produção\01 Controle de Produção\01 - Projeto Cadastro\02 - B.O.M\02. CATEGORIA ABS\17 - ABS - CJ REVESTIMENTO IVECO 50-180.xlsx
2026-06-25 13:30:48,257 INFO Importado B.O.M. C:\Users\PRODUCAO-2.0\J I MONTADORA DE VEICULOS ESPECIAIS LTDA\JI Montadora - 02 Produção\01 Controle de Produção\01 - Projeto Cadastro\02 - B.O.M\02. CATEGORIA ABS\18 - ABS - CJ. ACABAMENTO ABS ARO JANELAS ESJ.xlsx
2026-06-25 13:30:48,531 INFO Importado B.O.M. C:\Users\PRODUCAO-2.0\J I MONTADORA DE VEICULOS ESPECIAIS LTDA\JI Montadora - 02 Produção\01 Controle de Produção\01 - Projeto Cadastro\02 - B.O.M\02. CATEGORIA ABS\19 - CJ ABS FORROS E-S-J PL-PTS.xlsx
2026-06-25 13:30:48,782 INFO Importado B.O.M. C:\Users\PRODUCAO-2.0\J I MONTADORA DE VEICULOS ESPECIAIS LTDA\JI Montadora - 02 Produção\01 Controle de Produção\01 - Projeto Cadastro\02 - B.O.M\02. CATEGORIA ABS\20 - PP ABS TETO FLOCADO PRETO PC E-S-J TB.xlsx
2026-06-25 13:30:48,999 INFO Importado B.O.M. C:\Users\PRODUCAO-2.0\J I MONTADORA DE VEICULOS ESPECIAIS LTDA\JI Montadora - 02 Produção\01 Controle de Produção\01 - Projeto Cadastro\02 - B.O.M\02. CATEGORIA ABS\21 - PP ALCA PQP CABINE ORIGINAL LD E-S-J.xlsx
2026-06-25 13:30:49,187 INFO Importado B.O.M. C:\Users\PRODUCAO-2.0\J I MONTADORA DE VEICULOS ESPECIAIS LTDA\JI Montadora - 02 Produção\01 Controle de Produção\01 - Projeto Cadastro\02 - B.O.M\02. CATEGORIA ABS\22 - PP COLUNA B ORIGINAL CINTO SEGURANCA LE E-S-J PRETO FOSCO VINÍLICA.xlsx
2026-06-25 13:30:49,345 INFO Importado B.O.M. C:\Users\PRODUCAO-2.0\J I MONTADORA DE VEICULOS ESPECIAIS LTDA\JI Montadora - 02 Produção\01 Controle de Produção\01 - Projeto Cadastro\02 - B.O.M\02. CATEGORIA ABS\23 - PP COLUNA B ORIGINAL CINTO SEGURANCA LD E-S-J PRETO FOSCO VINÍLICA.xlsx
2026-06-25 13:30:49,517 INFO Importado B.O.M. C:\Users\PRODUCAO-2.0\J I MONTADORA DE VEICULOS ESPECIAIS LTDA\JI Montadora - 02 Produção\01 Controle de Produção\01 - Projeto Cadastro\02 - B.O.M\02. CATEGORIA ABS\24 - PP COLUNA A ORIGINAL LE E-S-J PRETO FOSCO VINÍLICA.xlsx
2026-06-25 13:30:49,693 INFO Importado B.O.M. C:\Users\PRODUCAO-2.0\J I MONTADORA DE VEICULOS ESPECIAIS LTDA\JI Montadora - 02 Produção\01 Controle de Produção\01 - Projeto Cadastro\02 - B.O.M\02. CATEGORIA ABS\25 - PP COLUNA A ORIGINAL LD E-S-J PRETO FOSCO VINÍLICA.xlsx
2026-06-25 13:30:49,874 INFO Importado B.O.M. C:\Users\PRODUCAO-2.0\J I MONTADORA DE VEICULOS ESPECIAIS LTDA\JI Montadora - 02 Produção\01 Controle de Produção\01 - Projeto Cadastro\02 - B.O.M\02. CATEGORIA ABS\26 - PP TETO ORIGINAL CABINE E-S-J PRETO FOSCO VINÍLICA.xlsx
2026-06-25 13:30:50,076 INFO Importado B.O.M. C:\Users\PRODUCAO-2.0\J I MONTADORA DE VEICULOS ESPECIAIS LTDA\JI Montadora - 02 Produção\01 Controle de Produção\01 - Projeto Cadastro\02 - B.O.M\02. CATEGORIA ABS\27 - PP QUEBRA SOL ORIGINAL CABINE E-S-J LD PRETO FOSCO VINÍLICA.xlsx
2026-06-25 13:30:50,246 INFO Importado B.O.M. C:\Users\PRODUCAO-2.0\J I MONTADORA DE VEICULOS ESPECIAIS LTDA\JI Montadora - 02 Produção\01 Controle de Produção\01 - Projeto Cadastro\02 - B.O.M\02. CATEGORIA ABS\27 - PP QUEBRA SOL ORIGINAL CABINE E-S-J LE PRETO FOSCO VINÍLICA.xlsx
2026-06-25 13:30:50,415 INFO Importado B.O.M. C:\Users\PRODUCAO-2.0\J I MONTADORA DE VEICULOS ESPECIAIS LTDA\JI Montadora - 02 Produção\01 Controle de Produção\01 - Projeto Cadastro\02 - B.O.M\02. CATEGORIA ABS\28 - PP SUPORTE QUEBRA SOL ORIGINAL CABINE E-S-J PRETO FOSCO VINÍLICA.xlsx
2026-06-25 13:30:50,592 INFO Importado B.O.M. C:\Users\PRODUCAO-2.0\J I MONTADORA DE VEICULOS ESPECIAIS LTDA\JI Montadora - 02 Produção\01 Controle de Produção\01 - Projeto Cadastro\02 - B.O.M\02. CATEGORIA ABS\29 - PP ACABAMENTO PLASTICO ORIGINAL MICROFONE SOM E-S-J.xlsx
2026-06-25 13:30:50,771 INFO Importado B.O.M. C:\Users\PRODUCAO-2.0\J I MONTADORA DE VEICULOS ESPECIAIS LTDA\JI Montadora - 02 Produção\01 Controle de Produção\01 - Projeto Cadastro\02 - B.O.M\02. CATEGORIA ABS\30 - PP LUMINARIA CABINE ORIGINAL E-S-J PRETO FOSCO VINÍLICA.xlsx
2026-06-25 13:30:50,951 INFO Importado B.O.M. C:\Users\PRODUCAO-2.0\J I MONTADORA DE VEICULOS ESPECIAIS LTDA\JI Montadora - 02 Produção\01 Controle de Produção\01 - Projeto Cadastro\02 - B.O.M\02. CATEGORIA ABS\31 - CJ TETO E-S-J VELUDO PRETO SALAO-CABINE-COLUNAB- COLUNAA-ACESSORIOS ORICAB.xlsx
2026-06-25 13:30:51,041 INFO Importado B.O.M. C:\Users\PRODUCAO-2.0\J I MONTADORA DE VEICULOS ESPECIAIS LTDA\JI Montadora - 02 Produção\01 Controle de Produção\01 - Projeto Cadastro\02 - B.O.M\02. CATEGORIA ABS\32 - CJ REVESTIMENTO E-S-J TB C. TETO VELUDO PRETO.xlsx
2026-06-25 13:30:51,126 INFO Importado B.O.M. C:\Users\PRODUCAO-2.0\J I MONTADORA DE VEICULOS ESPECIAIS LTDA\JI Montadora - 02 Produção\01 Controle de Produção\01 - Projeto Cadastro\02 - B.O.M\02. CATEGORIA ABS\33 - ABS - CJ REVESTIMENTO TRANSIT L3H2 VITRE.xlsx
2026-06-25 13:30:51,279 INFO Importado B.O.M. C:\Users\PRODUCAO-2.0\J I MONTADORA DE VEICULOS ESPECIAIS LTDA\JI Montadora - 02 Produção\01 Controle de Produção\01 - Projeto Cadastro\02 - B.O.M\02. CATEGORIA ABS\34 - PP ABS PC ALETA AR PRETA E-S-J TB PILAR.xlsx
2026-06-25 13:30:51,437 INFO Importado B.O.M. C:\Users\PRODUCAO-2.0\J I MONTADORA DE VEICULOS ESPECIAIS LTDA\JI Montadora - 02 Produção\01 Controle de Produção\01 - Projeto Cadastro\02 - B.O.M\02. CATEGORIA ABS\35 - PP ARO JANELA PVC 1º VAO LE ESJ C-CLASS.xlsx
2026-06-25 13:30:51,607 INFO Importado B.O.M. C:\Users\PRODUCAO-2.0\J I MONTADORA DE VEICULOS ESPECIAIS LTDA\JI Montadora - 02 Produção\01 Controle de Produção\01 - Projeto Cadastro\02 - B.O.M\02. CATEGORIA ABS\36 - PP ARO JANELA PVC 2º VAO LE ESJ C-CLASS.xlsx
2026-06-25 13:30:51,788 INFO Importado B.O.M. C:\Users\PRODUCAO-2.0\J I MONTADORA DE VEICULOS ESPECIAIS LTDA\JI Montadora - 02 Produção\01 Controle de Produção\01 - Projeto Cadastro\02 - B.O.M\02. CATEGORIA ABS\37 - PP ARO JANELA PVC 2º VAO LD ESJ C-CLASS.xlsx
2026-06-25 13:30:51,953 INFO Importado B.O.M. C:\Users\PRODUCAO-2.0\J I MONTADORA DE VEICULOS ESPECIAIS LTDA\JI Montadora - 02 Produção\01 Controle de Produção\01 - Projeto Cadastro\02 - B.O.M\02. CATEGORIA ABS\38 - CJ ABS ACABAMENTO ARO JANELAS ESJ C. CORTINA VELUDO PRETA.xlsx
2026-06-25 13:30:52,122 INFO Importado B.O.M. C:\Users\PRODUCAO-2.0\J I MONTADORA DE VEICULOS ESPECIAIS LTDA\JI Montadora - 02 Produção\01 Controle de Produção\01 - Projeto Cadastro\02 - B.O.M\02. CATEGORIA ABS\39 - PP ABS PC C. MOLDURA CORTINA PVC ESJ C-CLASS TB LATERAL MOTORISTA LE 1º2º VAO.xlsx
2026-06-25 13:30:52,290 INFO Importado B.O.M. C:\Users\PRODUCAO-2.0\J I MONTADORA DE VEICULOS ESPECIAIS LTDA\JI Montadora - 02 Produção\01 Controle de Produção\01 - Projeto Cadastro\02 - B.O.M\02. CATEGORIA ABS\40 - PP ABS PC C. MOLDURA CORTINA PVC ESJ C-CLASS TB LATERAL PASSAGEIRO LD 2º VAO.xlsx
2026-06-25 13:30:52,466 INFO Importado B.O.M. C:\Users\PRODUCAO-2.0\J I MONTADORA DE VEICULOS ESPECIAIS LTDA\JI Montadora - 02 Produção\01 Controle de Produção\01 - Projeto Cadastro\02 - B.O.M\02. CATEGORIA ABS\41 - PP ABS PC C. MOLDURA CORTINA PVC ESJ C-CLASS TB LATERAL MOTORISTA LE 1º2º VAO CINZA RAL 7021 PU - TI.01.J04.xlsx
2026-06-25 13:30:52,652 INFO Importado B.O.M. C:\Users\PRODUCAO-2.0\J I MONTADORA DE VEICULOS ESPECIAIS LTDA\JI Montadora - 02 Produção\01 Controle de Produção\01 - Projeto Cadastro\02 - B.O.M\02. CATEGORIA ABS\42 - PP ABS PC C. MOL COR ESJ C-CLAS LAT LD 2º CINZA RAL 7021 PU - TI.01.J04.xlsx
2026-06-25 13:30:52,836 INFO Importado B.O.M. C:\Users\PRODUCAO-2.0\J I MONTADORA DE VEICULOS ESPECIAIS LTDA\JI Montadora - 02 Produção\01 Controle de Produção\01 - Projeto Cadastro\02 - B.O.M\02. CATEGORIA ABS\43 - PP ABS ESJ ACAB INF PL LD CINZA RAL 7021 PU - TI.01.J04.xlsx
2026-06-25 13:30:53,001 INFO Importado B.O.M. C:\Users\PRODUCAO-2.0\J I MONTADORA DE VEICULOS ESPECIAIS LTDA\JI Montadora - 02 Produção\01 Controle de Produção\01 - Projeto Cadastro\02 - B.O.M\02. CATEGORIA ABS\44 - PP ABS ESJ ACAB INF PT LE CINZA RAL 7021 PU - TI.01.J04.xlsx
2026-06-25 13:30:53,170 INFO Importado B.O.M. C:\Users\PRODUCAO-2.0\J I MONTADORA DE VEICULOS ESPECIAIS LTDA\JI Montadora - 02 Produção\01 Controle de Produção\01 - Projeto Cadastro\02 - B.O.M\02. CATEGORIA ABS\45 - PP ABS ESJ ACAB INF PT LD CINZA RAL 7021 PU - TI.01.J04.xlsx
2026-06-25 13:30:53,342 INFO Importado B.O.M. C:\Users\PRODUCAO-2.0\J I MONTADORA DE VEICULOS ESPECIAIS LTDA\JI Montadora - 02 Produção\01 Controle de Produção\01 - Projeto Cadastro\02 - B.O.M\02. CATEGORIA ABS\46 - PP ABS ESJ ACAB ARO PL LD CINZA RAL 7021 PU - TI.01.J04.xlsx
2026-06-25 13:30:53,525 INFO Importado B.O.M. C:\Users\PRODUCAO-2.0\J I MONTADORA DE VEICULOS ESPECIAIS LTDA\JI Montadora - 02 Produção\01 Controle de Produção\01 - Projeto Cadastro\02 - B.O.M\02. CATEGORIA ABS\47 - PP ABS ESJ ACAB ARO PT LE CINZA RAL 7021 PU - TI.01.J04.xlsx
2026-06-25 13:30:53,713 INFO Importado B.O.M. C:\Users\PRODUCAO-2.0\J I MONTADORA DE VEICULOS ESPECIAIS LTDA\JI Montadora - 02 Produção\01 Controle de Produção\01 - Projeto Cadastro\02 - B.O.M\02. CATEGORIA ABS\48 - PP ABS ESJ ACAB ARO PT LD CINZA RAL 7021 PU - TI.01.J04.xlsx
2026-06-25 13:30:53,804 INFO Importado B.O.M. C:\Users\PRODUCAO-2.0\J I MONTADORA DE VEICULOS ESPECIAIS LTDA\JI Montadora - 02 Produção\01 Controle de Produção\01 - Projeto Cadastro\02 - B.O.M\02. CATEGORIA ABS\49 - PP ABS ESJ ACAB COLUNA CINTO SEGURANCA LD CINZA RAL 7021 PU - TI.01.J04.xlsx
2026-06-25 13:30:53,895 INFO Importado B.O.M. C:\Users\PRODUCAO-2.0\J I MONTADORA DE VEICULOS ESPECIAIS LTDA\JI Montadora - 02 Produção\01 Controle de Produção\01 - Projeto Cadastro\02 - B.O.M\02. CATEGORIA ABS\50 - CJ REVES ESJ CINZA RAL C. MOLD. P. CORTINAS EMBUT E TETO C. VELUDO PRETO.xlsx
2026-06-25 13:30:53,981 INFO Importado B.O.M. C:\Users\PRODUCAO-2.0\J I MONTADORA DE VEICULOS ESPECIAIS LTDA\JI Montadora - 02 Produção\01 Controle de Produção\01 - Projeto Cadastro\02 - B.O.M\02. CATEGORIA ABS\51 - CJ ABS ACAB ARO JANELAS ESJ CINZA RAL 7021 PU - TI.01.J04 C. CORT VEL PRE.xlsx
2026-06-25 13:30:54,072 INFO Importado B.O.M. C:\Users\PRODUCAO-2.0\J I MONTADORA DE VEICULOS ESPECIAIS LTDA\JI Montadora - 02 Produção\01 Controle de Produção\01 - Projeto Cadastro\02 - B.O.M\02. CATEGORIA ABS\52 - CJ ABS ACAB ARO JAN ESJ CINZA RAL 7021 PU - TI.01.J04.xlsx
2026-06-25 13:30:54,234 INFO Importado B.O.M. C:\Users\PRODUCAO-2.0\J I MONTADORA DE VEICULOS ESPECIAIS LTDA\JI Montadora - 02 Produção\01 Controle de Produção\01 - Projeto Cadastro\02 - B.O.M\03. CATEGORIA ISOLAMENTO\01 - CJ ISOLAMENTO TERMICO P. MASTER L3H2 C. MANTA AUTOADESIVA ALUMINIZADA.xlsx
2026-06-25 13:30:54,402 INFO Importado B.O.M. C:\Users\PRODUCAO-2.0\J I MONTADORA DE VEICULOS ESPECIAIS LTDA\JI Montadora - 02 Produção\01 Controle de Produção\01 - Projeto Cadastro\02 - B.O.M\03. CATEGORIA ISOLAMENTO\02 - CJ ISOLAMENTO TERMICO P E-S-J TB C MANTA AUTOADESIVA ALUMINIZADA.xlsx
2026-06-25 13:30:54,576 INFO Importado B.O.M. C:\Users\PRODUCAO-2.0\J I MONTADORA DE VEICULOS ESPECIAIS LTDA\JI Montadora - 02 Produção\01 Controle de Produção\01 - Projeto Cadastro\02 - B.O.M\03. CATEGORIA ISOLAMENTO\03 - CJ ISOLAMENTO TERMICO P E-S-J TA C MANTA AUTOADESIVA ALUMINIZADA.xlsx
2026-06-25 13:30:54,757 INFO Importado B.O.M. C:\Users\PRODUCAO-2.0\J I MONTADORA DE VEICULOS ESPECIAIS LTDA\JI Montadora - 02 Produção\01 Controle de Produção\01 - Projeto Cadastro\02 - B.O.M\03. CATEGORIA ISOLAMENTO\04 - CJ ISOLAMENTO TERMICO P MASTER L2H2 C MANTA AUTOADESIVA ALUMINIZADA.xlsx
2026-06-25 13:30:54,912 INFO Importado B.O.M. C:\Users\PRODUCAO-2.0\J I MONTADORA DE VEICULOS ESPECIAIS LTDA\JI Montadora - 02 Produção\01 Controle de Produção\01 - Projeto Cadastro\02 - B.O.M\03. CATEGORIA ISOLAMENTO\05 - CJ ISOLAMENTO TERMICO P SPRINTER 417 10 M C MANTA AUTOADESIVA ALUMINIZADA.xlsx
2026-06-25 13:30:55,074 INFO Importado B.O.M. C:\Users\PRODUCAO-2.0\J I MONTADORA DE VEICULOS ESPECIAIS LTDA\JI Montadora - 02 Produção\01 Controle de Produção\01 - Projeto Cadastro\02 - B.O.M\03. CATEGORIA ISOLAMENTO\06 - CJ ISOLAMENTO TERMICO P SPRINTER 417 14 M C MANTA AUTOADESIVA ALUMINIZADA.xlsx
2026-06-25 13:30:55,241 INFO Importado B.O.M. C:\Users\PRODUCAO-2.0\J I MONTADORA DE VEICULOS ESPECIAIS LTDA\JI Montadora - 02 Produção\01 Controle de Produção\01 - Projeto Cadastro\02 - B.O.M\03. CATEGORIA ISOLAMENTO\07 - CJ ISOLAMENTO TERMICO P SPRINTER 517 15 M C MANTA AUTOADESIVA ALUMINIZADA.xlsx
2026-06-25 13:30:55,399 INFO Importado B.O.M. C:\Users\PRODUCAO-2.0\J I MONTADORA DE VEICULOS ESPECIAIS LTDA\JI Montadora - 02 Produção\01 Controle de Produção\01 - Projeto Cadastro\02 - B.O.M\03. CATEGORIA ISOLAMENTO\08 - CJ ISOLAMENTO TERMICO P B-J-D C MANTA AUTOADESIVA ALUMINIZADA.xlsx
2026-06-25 13:30:55,566 INFO Importado B.O.M. C:\Users\PRODUCAO-2.0\J I MONTADORA DE VEICULOS ESPECIAIS LTDA\JI Montadora - 02 Produção\01 Controle de Produção\01 - Projeto Cadastro\02 - B.O.M\03. CATEGORIA ISOLAMENTO\09 - CJ ISOLAMENTO TERMICO P TRANSIT L3H3 C MANTA AUTOADESIVA.xlsx
2026-06-25 13:30:55,722 INFO Importado B.O.M. C:\Users\PRODUCAO-2.0\J I MONTADORA DE VEICULOS ESPECIAIS LTDA\JI Montadora - 02 Produção\01 Controle de Produção\01 - Projeto Cadastro\02 - B.O.M\03. CATEGORIA ISOLAMENTO\10 - CJ ISOLAMENTO TERMICO P TRANSIT L4H3 C MANTA AUTOADESIVA.xlsx
2026-06-25 13:30:55,813 INFO Importado B.O.M. C:\Users\PRODUCAO-2.0\J I MONTADORA DE VEICULOS ESPECIAIS LTDA\JI Montadora - 02 Produção\01 Controle de Produção\01 - Projeto Cadastro\02 - B.O.M\04. CATEGORIA PISO\01 - CJ PISO CN 12 MM MASTER L3H2 LG BRIGHT GRAFITE 92402 - UNIVERSAL - R00.xlsx
2026-06-25 13:30:55,971 INFO Importado B.O.M. C:\Users\PRODUCAO-2.0\J I MONTADORA DE VEICULOS ESPECIAIS LTDA\JI Montadora - 02 Produção\01 Controle de Produção\01 - Projeto Cadastro\02 - B.O.M\04. CATEGORIA PISO\01.1 - PP PISO CN 12 MM MASTER L3H2 - UNIVERSAL - R00.xlsx
2026-06-25 13:30:56,129 INFO Importado B.O.M. C:\Users\PRODUCAO-2.0\J I MONTADORA DE VEICULOS ESPECIAIS LTDA\JI Montadora - 02 Produção\01 Controle de Produção\01 - Projeto Cadastro\02 - B.O.M\04. CATEGORIA PISO\02 - CJ CANTONEIRA PVC PRETA PORTAS LATERAL E TRASEIRA RENAULT MASTER L2H2-L3H2.xlsx
2026-06-25 13:30:56,218 INFO Importado B.O.M. C:\Users\PRODUCAO-2.0\J I MONTADORA DE VEICULOS ESPECIAIS LTDA\JI Montadora - 02 Produção\01 Controle de Produção\01 - Projeto Cadastro\02 - B.O.M\04. CATEGORIA PISO\02.1 - PP CANTONEIRA PVC PRETA PORTA LATERAL CORREDICA RENAULT MASTER L2H2-L3H2.xlsx
2026-06-25 13:30:56,385 INFO Importado B.O.M. C:\Users\PRODUCAO-2.0\J I MONTADORA DE VEICULOS ESPECIAIS LTDA\JI Montadora - 02 Produção\01 Controle de Produção\01 - Projeto Cadastro\02 - B.O.M\04. CATEGORIA PISO\02.2 - PP CANTONEIRA PVC PRETA PORTA TRASEIRA RENAULT MASTER L2H2-L3H2.xlsx
2026-06-25 13:30:56,484 INFO Importado B.O.M. C:\Users\PRODUCAO-2.0\J I MONTADORA DE VEICULOS ESPECIAIS LTDA\JI Montadora - 02 Produção\01 Controle de Produção\01 - Projeto Cadastro\02 - B.O.M\04. CATEGORIA PISO\03 - CJ PISO CN 12 MM MASTER L2H2 LG BRIGHT GRAFITE 92402 - UNIVERSAL - R00.xlsx
2026-06-25 13:30:56,650 INFO Importado B.O.M. C:\Users\PRODUCAO-2.0\J I MONTADORA DE VEICULOS ESPECIAIS LTDA\JI Montadora - 02 Produção\01 Controle de Produção\01 - Projeto Cadastro\02 - B.O.M\04. CATEGORIA PISO\03.1 - PP PISO CN 12 MM MASTER L2H2 - UNIVERSAL - R00 - 311-20.01-02.01-0001.xlsx
2026-06-25 13:30:56,737 INFO Importado B.O.M. C:\Users\PRODUCAO-2.0\J I MONTADORA DE VEICULOS ESPECIAIS LTDA\JI Montadora - 02 Produção\01 Controle de Produção\01 - Projeto Cadastro\02 - B.O.M\04. CATEGORIA PISO\04 - CJ ACABAMENTO TUBULAÇÃO AC RENAULT MASTER L3H2 VITRE LG BRIGHT GRAFITE 92402.xlsx
2026-06-25 13:30:56,831 INFO Importado B.O.M. C:\Users\PRODUCAO-2.0\J I MONTADORA DE VEICULOS ESPECIAIS LTDA\JI Montadora - 02 Produção\01 Controle de Produção\01 - Projeto Cadastro\02 - B.O.M\04. CATEGORIA PISO\04.1 - PP CAIXA COMPENSADO NAVAL P ACABAMENTO TUBULAÇÃO AC RENAULT MASTER.xlsx
2026-06-25 13:30:56,993 INFO Importado B.O.M. C:\Users\PRODUCAO-2.0\J I MONTADORA DE VEICULOS ESPECIAIS LTDA\JI Montadora - 02 Produção\01 Controle de Produção\01 - Projeto Cadastro\02 - B.O.M\04. CATEGORIA PISO\05 - CJ ACABAMENTO TUBULAÇÃO AC RENAULT MASTER L3H2 VITRE PASSADEIRA AMADEIRADA TARKETT.xlsx
2026-06-25 13:30:57,152 INFO Importado B.O.M. C:\Users\PRODUCAO-2.0\J I MONTADORA DE VEICULOS ESPECIAIS LTDA\JI Montadora - 02 Produção\01 Controle de Produção\01 - Projeto Cadastro\02 - B.O.M\04. CATEGORIA PISO\05.1 - PP CAIXA COMPENSADO NAVAL P ACAB TUBU AC REN MAS L3H2 VITRE.xlsx
2026-06-25 13:30:57,239 INFO Importado B.O.M. C:\Users\PRODUCAO-2.0\J I MONTADORA DE VEICULOS ESPECIAIS LTDA\JI Montadora - 02 Produção\01 Controle de Produção\01 - Projeto Cadastro\02 - B.O.M\04. CATEGORIA PISO\06 - CJ CANTONEIRA PVC PRETA PORTA TRASEIRA SPRINTER.xlsx
2026-06-25 13:30:57,409 INFO Importado B.O.M. C:\Users\PRODUCAO-2.0\J I MONTADORA DE VEICULOS ESPECIAIS LTDA\JI Montadora - 02 Produção\01 Controle de Produção\01 - Projeto Cadastro\02 - B.O.M\04. CATEGORIA PISO\06.1 - PP CANTONEIRA PVC PRETA PORTA TRASEIRA SPRINTER.xlsx
2026-06-25 13:30:57,504 INFO Importado B.O.M. C:\Users\PRODUCAO-2.0\J I MONTADORA DE VEICULOS ESPECIAIS LTDA\JI Montadora - 02 Produção\01 Controle de Produção\01 - Projeto Cadastro\02 - B.O.M\04. CATEGORIA PISO\07 - CJ CANTONEIRA PVC PRETA PORTAS (LATERAL E TRASEIRA) B-J-D.xlsx
2026-06-25 13:30:57,674 INFO Importado B.O.M. C:\Users\PRODUCAO-2.0\J I MONTADORA DE VEICULOS ESPECIAIS LTDA\JI Montadora - 02 Produção\01 Controle de Produção\01 - Projeto Cadastro\02 - B.O.M\04. CATEGORIA PISO\07.2 - PP CANTONEIRA PVC PRETA PORTA LATERAL CORREDICA B-J-D.xlsx
2026-06-25 13:30:57,762 INFO Importado B.O.M. C:\Users\PRODUCAO-2.0\J I MONTADORA DE VEICULOS ESPECIAIS LTDA\JI Montadora - 02 Produção\01 Controle de Produção\01 - Projeto Cadastro\02 - B.O.M\04. CATEGORIA PISO\07.3 - PP CANTONEIRA PVC PRETA PORTA TRASEIRA RENAULT B-J-D.xlsx
2026-06-25 13:30:57,853 INFO Importado B.O.M. C:\Users\PRODUCAO-2.0\J I MONTADORA DE VEICULOS ESPECIAIS LTDA\JI Montadora - 02 Produção\01 Controle de Produção\01 - Projeto Cadastro\02 - B.O.M\04. CATEGORIA PISO\08 - CJ ASSOALHO DEGRAU ENTRADA COMPENSADO NAVAL 12 MM LG BRIGHT GRAFITE 92402.xlsx
2026-06-25 13:30:57,944 INFO Importado B.O.M. C:\Users\PRODUCAO-2.0\J I MONTADORA DE VEICULOS ESPECIAIS LTDA\JI Montadora - 02 Produção\01 Controle de Produção\01 - Projeto Cadastro\02 - B.O.M\04. CATEGORIA PISO\08.1 - PP ASSOALHO DEGRAU ENTRADA TRANSIT COMPENSADO NAVAL 12 MM.xlsx
2026-06-25 13:30:58,102 INFO Importado B.O.M. C:\Users\PRODUCAO-2.0\J I MONTADORA DE VEICULOS ESPECIAIS LTDA\JI Montadora - 02 Produção\01 Controle de Produção\01 - Projeto Cadastro\02 - B.O.M\04. CATEGORIA PISO\09 - CJ ASSOALHO DEGRAU ENTRADA TRANSIT COMPENSADO NAVAL 12 MM PASSADEIRA AMADEIRADA.xlsx
2026-06-25 13:30:58,194 INFO Importado B.O.M. C:\Users\PRODUCAO-2.0\J I MONTADORA DE VEICULOS ESPECIAIS LTDA\JI Montadora - 02 Produção\01 Controle de Produção\01 - Projeto Cadastro\02 - B.O.M\04. CATEGORIA PISO\10 - CJ PISO CN 12 MM MASTER L2H2 PASSADEIRA AMADEIRADA TARKETT DB-UNIVERSAL- R00.xlsx
2026-06-25 13:30:58,342 INFO Importado B.O.M. C:\Users\PRODUCAO-2.0\J I MONTADORA DE VEICULOS ESPECIAIS LTDA\JI Montadora - 02 Produção\01 Controle de Produção\01 - Projeto Cadastro\02 - B.O.M\04. CATEGORIA PISO\11 - CJ PISO CN 12 MM MASTER L3H2 PASSADEIRA AMADEIRADA TARKETT DARK BROWN - UNIVERSAL.xlsx
2026-06-25 13:30:58,435 INFO Importado B.O.M. C:\Users\PRODUCAO-2.0\J I MONTADORA DE VEICULOS ESPECIAIS LTDA\JI Montadora - 02 Produção\01 Controle de Produção\01 - Projeto Cadastro\02 - B.O.M\04. CATEGORIA PISO\12 - CJ PISO CN 12 MM SPRINTER 417 10,5 FG LG BRIGHTGRAFITE92402-UNIVERSAL-R00.xlsx
2026-06-25 13:30:58,532 INFO Importado B.O.M. C:\Users\PRODUCAO-2.0\J I MONTADORA DE VEICULOS ESPECIAIS LTDA\JI Montadora - 02 Produção\01 Controle de Produção\01 - Projeto Cadastro\02 - B.O.M\04. CATEGORIA PISO\12.1 - PP PISO CN 12 MM SPRINTER 417 10,5 FG - UNIVERSAL - R00.xlsx
2026-06-25 13:30:58,624 INFO Importado B.O.M. C:\Users\PRODUCAO-2.0\J I MONTADORA DE VEICULOS ESPECIAIS LTDA\JI Montadora - 02 Produção\01 Controle de Produção\01 - Projeto Cadastro\02 - B.O.M\04. CATEGORIA PISO\13 - CJ PISO CN 12 MM SPRINTER 417 10,5 VITRE LG BRIGHT GRAFITE 92402-UNIVERSAL-R00.xlsx
2026-06-25 13:30:58,806 INFO Importado B.O.M. C:\Users\PRODUCAO-2.0\J I MONTADORA DE VEICULOS ESPECIAIS LTDA\JI Montadora - 02 Produção\01 Controle de Produção\01 - Projeto Cadastro\02 - B.O.M\04. CATEGORIA PISO\13.1 - PP PISO CN 12 MM SPRINTER 417 10,5 VITRE - UNIVERSAL - R00.xlsx
2026-06-25 13:30:58,898 INFO Importado B.O.M. C:\Users\PRODUCAO-2.0\J I MONTADORA DE VEICULOS ESPECIAIS LTDA\JI Montadora - 02 Produção\01 Controle de Produção\01 - Projeto Cadastro\02 - B.O.M\04. CATEGORIA PISO\14 - CJ PISO CN 12 MM SPRINTER 417 10,5 PASSADEIRA AMADEIRADATARKETTDARKBROWN.xlsx
2026-06-25 13:30:58,992 INFO Importado B.O.M. C:\Users\PRODUCAO-2.0\J I MONTADORA DE VEICULOS ESPECIAIS LTDA\JI Montadora - 02 Produção\01 Controle de Produção\01 - Projeto Cadastro\02 - B.O.M\04. CATEGORIA PISO\15 - CJ PISO CN 12 MM SPRINTER 417 10,5 VITRE PASSADEIRA AMADEIRADA TARKETT DARK BROWN.xlsx
2026-06-25 13:30:59,083 INFO Importado B.O.M. C:\Users\PRODUCAO-2.0\J I MONTADORA DE VEICULOS ESPECIAIS LTDA\JI Montadora - 02 Produção\01 Controle de Produção\01 - Projeto Cadastro\02 - B.O.M\04. CATEGORIA PISO\16 - CJ PISO CN 12 MM SPRINTER 417 14 FG LG BRIGHT GRAFITE 92402 - UNIVERSAL - R00.xlsx
2026-06-25 13:30:59,248 INFO Importado B.O.M. C:\Users\PRODUCAO-2.0\J I MONTADORA DE VEICULOS ESPECIAIS LTDA\JI Montadora - 02 Produção\01 Controle de Produção\01 - Projeto Cadastro\02 - B.O.M\04. CATEGORIA PISO\16.1 - PP PISO CN 12 MM SPRINTER 417 14 FG - UNIVERSAL - R00.xlsx
2026-06-25 13:30:59,393 INFO Importado B.O.M. C:\Users\PRODUCAO-2.0\J I MONTADORA DE VEICULOS ESPECIAIS LTDA\JI Montadora - 02 Produção\01 Controle de Produção\01 - Projeto Cadastro\02 - B.O.M\04. CATEGORIA PISO\17 - CJ PISO CN 12 MM SPRINTER 417 14 VITRE LG BRIGHT GRAFITE 92402 - UNIV - R00.xlsx
2026-06-25 13:30:59,555 INFO Importado B.O.M. C:\Users\PRODUCAO-2.0\J I MONTADORA DE VEICULOS ESPECIAIS LTDA\JI Montadora - 02 Produção\01 Controle de Produção\01 - Projeto Cadastro\02 - B.O.M\04. CATEGORIA PISO\17.1 - PP PISO CN 12 MM SPRINTER 417 14 VITRE - UNIVERSAL - R00.xlsx
2026-06-25 13:30:59,735 INFO Importado B.O.M. C:\Users\PRODUCAO-2.0\J I MONTADORA DE VEICULOS ESPECIAIS LTDA\JI Montadora - 02 Produção\01 Controle de Produção\01 - Projeto Cadastro\02 - B.O.M\04. CATEGORIA PISO\18 - CJ PISO CN 12 MM SPRINTER 417 14 FG PASSADEIRA AMADEIRADA TARKETT DARK.xlsx
2026-06-25 13:30:59,826 INFO Importado B.O.M. C:\Users\PRODUCAO-2.0\J I MONTADORA DE VEICULOS ESPECIAIS LTDA\JI Montadora - 02 Produção\01 Controle de Produção\01 - Projeto Cadastro\02 - B.O.M\04. CATEGORIA PISO\19 - CJ PISO CN 12 MM SPRINTER 417 14 VITRE PASSADEIRA AMADEIRADA TARKETT DARK.xlsx
2026-06-25 13:30:59,918 INFO Importado B.O.M. C:\Users\PRODUCAO-2.0\J I MONTADORA DE VEICULOS ESPECIAIS LTDA\JI Montadora - 02 Produção\01 Controle de Produção\01 - Projeto Cadastro\02 - B.O.M\04. CATEGORIA PISO\20 - CJ PISO CN 12 MM SPRINTER 517 14 FG LG BRIGHT GRAFITE 92402 - UNIVERSAL - R00.xlsx
2026-06-25 13:31:00,087 INFO Importado B.O.M. C:\Users\PRODUCAO-2.0\J I MONTADORA DE VEICULOS ESPECIAIS LTDA\JI Montadora - 02 Produção\01 Controle de Produção\01 - Projeto Cadastro\02 - B.O.M\04. CATEGORIA PISO\20.1 - PP PISO CN 12 MM SPRINTER 517 14 FG - UNIVERSAL - R00.xlsx
2026-06-25 13:31:00,176 INFO Importado B.O.M. C:\Users\PRODUCAO-2.0\J I MONTADORA DE VEICULOS ESPECIAIS LTDA\JI Montadora - 02 Produção\01 Controle de Produção\01 - Projeto Cadastro\02 - B.O.M\04. CATEGORIA PISO\21 - CJ PISO CN 12 MM SPRINTER 517 14 VITRE LG BRIGHT GRAFITE 92402 - UNIV - R00.xlsx
2026-06-25 13:31:00,342 INFO Importado B.O.M. C:\Users\PRODUCAO-2.0\J I MONTADORA DE VEICULOS ESPECIAIS LTDA\JI Montadora - 02 Produção\01 Controle de Produção\01 - Projeto Cadastro\02 - B.O.M\04. CATEGORIA PISO\21.1 - PP PISO CN 12 MM SPRINTER 517 14 VITRE - UNIVERSAL - R00.xlsx
2026-06-25 13:31:00,431 INFO Importado B.O.M. C:\Users\PRODUCAO-2.0\J I MONTADORA DE VEICULOS ESPECIAIS LTDA\JI Montadora - 02 Produção\01 Controle de Produção\01 - Projeto Cadastro\02 - B.O.M\04. CATEGORIA PISO\22 - CJ PISO CN 12 MM SPRINTER 517 14 FG PASSADEIRA AMADEIRADA TAR DARK-UNIVER00.xlsx
2026-06-25 13:31:00,518 INFO Importado B.O.M. C:\Users\PRODUCAO-2.0\J I MONTADORA DE VEICULOS ESPECIAIS LTDA\JI Montadora - 02 Produção\01 Controle de Produção\01 - Projeto Cadastro\02 - B.O.M\04. CATEGORIA PISO\23 - CJ PISO CN 12 MM SPRINTER 517 14 VITRE PASSADEIRA AMADEIRADA TARDARK-UNIVER00.xlsx
2026-06-25 13:31:00,606 INFO Importado B.O.M. C:\Users\PRODUCAO-2.0\J I MONTADORA DE VEICULOS ESPECIAIS LTDA\JI Montadora - 02 Produção\01 Controle de Produção\01 - Projeto Cadastro\02 - B.O.M\04. CATEGORIA PISO\24 - CJ PISO CN 12 MM SPRINTER 517 15 FG LG BRIGHT GRAFITE 92402 - UNIVERSAL - R00.xlsx
2026-06-25 13:31:00,696 INFO Importado B.O.M. C:\Users\PRODUCAO-2.0\J I MONTADORA DE VEICULOS ESPECIAIS LTDA\JI Montadora - 02 Produção\01 Controle de Produção\01 - Projeto Cadastro\02 - B.O.M\04. CATEGORIA PISO\24.1 - PP PISO CN 12 MM SPRINTER 517 15 FG - UNIVERSAL - R00.xlsx
2026-06-25 13:31:00,788 INFO Importado B.O.M. C:\Users\PRODUCAO-2.0\J I MONTADORA DE VEICULOS ESPECIAIS LTDA\JI Montadora - 02 Produção\01 Controle de Produção\01 - Projeto Cadastro\02 - B.O.M\04. CATEGORIA PISO\25 - CJ PISO CN 12 MM SPRINTER 517 15 VITRE LG BRIGHT GRAFITE 92402 - UNIVE-R00.xlsx
2026-06-25 13:31:00,966 INFO Importado B.O.M. C:\Users\PRODUCAO-2.0\J I MONTADORA DE VEICULOS ESPECIAIS LTDA\JI Montadora - 02 Produção\01 Controle de Produção\01 - Projeto Cadastro\02 - B.O.M\04. CATEGORIA PISO\25.1 - PP PISO CN 12 MM SPRINTER 517 15 VITRE - UNIVERSAL - R00.xlsx
2026-06-25 13:31:01,058 INFO Importado B.O.M. C:\Users\PRODUCAO-2.0\J I MONTADORA DE VEICULOS ESPECIAIS LTDA\JI Montadora - 02 Produção\01 Controle de Produção\01 - Projeto Cadastro\02 - B.O.M\04. CATEGORIA PISO\26 - CJ PISO CN 12 MM SPRINTER 517 15 FG AMA TARKETT DARK BROWN - UNIVERSAL - R00.xlsx
2026-06-25 13:31:01,147 INFO Importado B.O.M. C:\Users\PRODUCAO-2.0\J I MONTADORA DE VEICULOS ESPECIAIS LTDA\JI Montadora - 02 Produção\01 Controle de Produção\01 - Projeto Cadastro\02 - B.O.M\04. CATEGORIA PISO\27 - CJ PISO CN 12 MM SPRINTER 517 15 VITRE AMA TARKETT DA BR - UNIVERSAL - R00.xlsx
2026-06-25 13:31:01,249 INFO Importado B.O.M. C:\Users\PRODUCAO-2.0\J I MONTADORA DE VEICULOS ESPECIAIS LTDA\JI Montadora - 02 Produção\01 Controle de Produção\01 - Projeto Cadastro\02 - B.O.M\04. CATEGORIA PISO\28 - CJ PISO CN 12 MM E-S-J TB LG BRIGHT GRAFITE 92402 - UNIVERSAL - R00.xlsx
2026-06-25 13:31:01,413 INFO Importado B.O.M. C:\Users\PRODUCAO-2.0\J I MONTADORA DE VEICULOS ESPECIAIS LTDA\JI Montadora - 02 Produção\01 Controle de Produção\01 - Projeto Cadastro\02 - B.O.M\04. CATEGORIA PISO\28.1 - PP PISO CN 12 MM E-S-J TB - UNIVERSAL - R00.xlsx
2026-06-25 13:31:01,504 INFO Importado B.O.M. C:\Users\PRODUCAO-2.0\J I MONTADORA DE VEICULOS ESPECIAIS LTDA\JI Montadora - 02 Produção\01 Controle de Produção\01 - Projeto Cadastro\02 - B.O.M\04. CATEGORIA PISO\29 - CJ PISO CN 12 MM E-S-J TA LG BRIGHT GRAFITE 92402 - UNIVERSAL - R00.xlsx
2026-06-25 13:31:01,682 INFO Importado B.O.M. C:\Users\PRODUCAO-2.0\J I MONTADORA DE VEICULOS ESPECIAIS LTDA\JI Montadora - 02 Produção\01 Controle de Produção\01 - Projeto Cadastro\02 - B.O.M\04. CATEGORIA PISO\29.1 - PP PISO CN 12 MM E-S-J TA - UNIVERSAL - R00.xlsx
2026-06-25 13:31:01,780 INFO Importado B.O.M. C:\Users\PRODUCAO-2.0\J I MONTADORA DE VEICULOS ESPECIAIS LTDA\JI Montadora - 02 Produção\01 Controle de Produção\01 - Projeto Cadastro\02 - B.O.M\04. CATEGORIA PISO\30 - CJ PISO CN 12 MM E-S-J TB AMADEIRADA TARKETT DARK BROWN - UNIVERSAL - R00.xlsx
2026-06-25 13:31:01,980 INFO Importado B.O.M. C:\Users\PRODUCAO-2.0\J I MONTADORA DE VEICULOS ESPECIAIS LTDA\JI Montadora - 02 Produção\01 Controle de Produção\01 - Projeto Cadastro\02 - B.O.M\04. CATEGORIA PISO\31 - CJ PISO CN 12 MM E-S-J TA PASSADEIRA AMADEIRADA TARKETT DARK BROWN - UNIVERSAL.xlsx
2026-06-25 13:31:02,084 INFO Importado B.O.M. C:\Users\PRODUCAO-2.0\J I MONTADORA DE VEICULOS ESPECIAIS LTDA\JI Montadora - 02 Produção\01 Controle de Produção\01 - Projeto Cadastro\02 - B.O.M\04. CATEGORIA PISO\32 - CJ PISO CN 12 MM B-J-D FG LG BRIGHT GRAFITE 92402 - UNIVERSAL - R00.xlsx
2026-06-25 13:31:02,320 INFO Importado B.O.M. C:\Users\PRODUCAO-2.0\J I MONTADORA DE VEICULOS ESPECIAIS LTDA\JI Montadora - 02 Produção\01 Controle de Produção\01 - Projeto Cadastro\02 - B.O.M\04. CATEGORIA PISO\32.1 - PP PISO CN 12 MM B-J-D FG - UNIVERSAL - R00.xlsx
2026-06-25 13:31:02,418 INFO Importado B.O.M. C:\Users\PRODUCAO-2.0\J I MONTADORA DE VEICULOS ESPECIAIS LTDA\JI Montadora - 02 Produção\01 Controle de Produção\01 - Projeto Cadastro\02 - B.O.M\04. CATEGORIA PISO\33 - CJ PISO CN 12 MM B-J-D VITRE LG BRIGHT GRAFITE 92402 - UNIVERSAL - R00.xlsx
2026-06-25 13:31:02,666 INFO Importado B.O.M. C:\Users\PRODUCAO-2.0\J I MONTADORA DE VEICULOS ESPECIAIS LTDA\JI Montadora - 02 Produção\01 Controle de Produção\01 - Projeto Cadastro\02 - B.O.M\04. CATEGORIA PISO\33.1 - PP PISO CN 12 MM B-J-D VITRE - UNIVERSAL - R00.xlsx
2026-06-25 13:31:02,777 INFO Importado B.O.M. C:\Users\PRODUCAO-2.0\J I MONTADORA DE VEICULOS ESPECIAIS LTDA\JI Montadora - 02 Produção\01 Controle de Produção\01 - Projeto Cadastro\02 - B.O.M\04. CATEGORIA PISO\34 - CJ PISO CN 12 MM B-J-D FG AMADE TARKETT DARK BROWN - UNIVER00.xlsx
2026-06-25 13:31:02,989 INFO Importado B.O.M. C:\Users\PRODUCAO-2.0\J I MONTADORA DE VEICULOS ESPECIAIS LTDA\JI Montadora - 02 Produção\01 Controle de Produção\01 - Projeto Cadastro\02 - B.O.M\04. CATEGORIA PISO\35 - CJ PISO CN 12 MM B-J-D VITRE PASSADEIRA AMADEIRADA TARKETT DARK BROWN - UNIVERSAL.xlsx
2026-06-25 13:31:03,102 INFO Importado B.O.M. C:\Users\PRODUCAO-2.0\J I MONTADORA DE VEICULOS ESPECIAIS LTDA\JI Montadora - 02 Produção\01 Controle de Produção\01 - Projeto Cadastro\02 - B.O.M\04. CATEGORIA PISO\36 - CJ PISO CN 12 MM TRANSIT L3H2 VITRE LG BRIGHT GRAFITE 92402 - UNIVERSAL.xlsx
2026-06-25 13:31:03,320 INFO Importado B.O.M. C:\Users\PRODUCAO-2.0\J I MONTADORA DE VEICULOS ESPECIAIS LTDA\JI Montadora - 02 Produção\01 Controle de Produção\01 - Projeto Cadastro\02 - B.O.M\04. CATEGORIA PISO\36.1 - PP PISO CN 12 MM TRANSIT L3H2 VITRE - UNIVERSAL - R00.xlsx
2026-06-25 13:31:03,418 INFO Importado B.O.M. C:\Users\PRODUCAO-2.0\J I MONTADORA DE VEICULOS ESPECIAIS LTDA\JI Montadora - 02 Produção\01 Controle de Produção\01 - Projeto Cadastro\02 - B.O.M\04. CATEGORIA PISO\37 - CJ PISO CN 12 MM TRANSIT L3H2 VITRE AMAD TARKETT DARK BROWN - UNIVR00.xlsx
2026-06-25 13:31:03,539 INFO Importado B.O.M. C:\Users\PRODUCAO-2.0\J I MONTADORA DE VEICULOS ESPECIAIS LTDA\JI Montadora - 02 Produção\01 Controle de Produção\01 - Projeto Cadastro\02 - B.O.M\04. CATEGORIA PISO\38 - CJ PISO CN 12 MM TRANSIT L4H3 VITRE LG BRIGHT GRAFITE 92402 - UNIVERSAL - R00.xlsx
2026-06-25 13:31:03,785 INFO Importado B.O.M. C:\Users\PRODUCAO-2.0\J I MONTADORA DE VEICULOS ESPECIAIS LTDA\JI Montadora - 02 Produção\01 Controle de Produção\01 - Projeto Cadastro\02 - B.O.M\04. CATEGORIA PISO\38.1 - PP PISO CN 12 MM TRANSIT L4H3 VITRE - UNIVERSAL - R00.xlsx
2026-06-25 13:31:03,920 INFO Importado B.O.M. C:\Users\PRODUCAO-2.0\J I MONTADORA DE VEICULOS ESPECIAIS LTDA\JI Montadora - 02 Produção\01 Controle de Produção\01 - Projeto Cadastro\02 - B.O.M\04. CATEGORIA PISO\39 - CJ PISO CN 12 MM TRANSIT L4H3 VITRE AMAD TARKETT DARK BROWN - UNIVR00.xlsx
2026-06-25 13:31:04,044 INFO Importado B.O.M. C:\Users\PRODUCAO-2.0\J I MONTADORA DE VEICULOS ESPECIAIS LTDA\JI Montadora - 02 Produção\01 Controle de Produção\01 - Projeto Cadastro\02 - B.O.M\04. CATEGORIA PISO\40 - CJ PISO CN 12 MM TRANSIT L3H3 LG BRIGHT GRAFITE 92402 - UNIVERSAL - R00.xlsx
2026-06-25 13:31:04,165 INFO Importado B.O.M. C:\Users\PRODUCAO-2.0\J I MONTADORA DE VEICULOS ESPECIAIS LTDA\JI Montadora - 02 Produção\01 Controle de Produção\01 - Projeto Cadastro\02 - B.O.M\04. CATEGORIA PISO\40.1 - PP PISO CN 12 MM TRANSIT L3H3 - UNIVERSAL - R00.xlsx
2026-06-25 13:31:04,368 INFO Importado B.O.M. C:\Users\PRODUCAO-2.0\J I MONTADORA DE VEICULOS ESPECIAIS LTDA\JI Montadora - 02 Produção\01 Controle de Produção\01 - Projeto Cadastro\02 - B.O.M\04. CATEGORIA PISO\41 - CJ PISO CN 12 MM TRANSIT L3H3 PASSADEIRA AMADEIRADA TARKETT DARK BROWN - UNIVERSAL.xlsx
2026-06-25 13:31:04,500 INFO Importado B.O.M. C:\Users\PRODUCAO-2.0\J I MONTADORA DE VEICULOS ESPECIAIS LTDA\JI Montadora - 02 Produção\01 Controle de Produção\01 - Projeto Cadastro\02 - B.O.M\04. CATEGORIA PISO\42 - PP NIVELADOR DE PISO.xlsx
2026-06-25 13:31:04,609 INFO Importado B.O.M. C:\Users\PRODUCAO-2.0\J I MONTADORA DE VEICULOS ESPECIAIS LTDA\JI Montadora - 02 Produção\01 Controle de Produção\01 - Projeto Cadastro\02 - B.O.M\04. CATEGORIA PISO\43 - PP ASSOALHO COMPENSADO NAVAL 700X60.xlsx
2026-06-25 13:31:04,730 INFO Importado B.O.M. C:\Users\PRODUCAO-2.0\J I MONTADORA DE VEICULOS ESPECIAIS LTDA\JI Montadora - 02 Produção\01 Controle de Produção\01 - Projeto Cadastro\02 - B.O.M\04. CATEGORIA PISO\44 - PP ASSOALHO COMPENSADO NAVAL 700X100.xlsx
2026-06-25 13:31:04,844 INFO Importado B.O.M. C:\Users\PRODUCAO-2.0\J I MONTADORA DE VEICULOS ESPECIAIS LTDA\JI Montadora - 02 Produção\01 Controle de Produção\01 - Projeto Cadastro\02 - B.O.M\04. CATEGORIA PISO\45 - CJ APOIO LATERAL PISO.xlsx
2026-06-25 13:31:05,079 INFO Importado B.O.M. C:\Users\PRODUCAO-2.0\J I MONTADORA DE VEICULOS ESPECIAIS LTDA\JI Montadora - 02 Produção\01 Controle de Produção\01 - Projeto Cadastro\02 - B.O.M\04. CATEGORIA PISO\46 - PP SOLEIRA PORTA MALA EXPERT LB 11L ESJ.xlsx
2026-06-25 13:31:05,277 INFO Importado B.O.M. C:\Users\PRODUCAO-2.0\J I MONTADORA DE VEICULOS ESPECIAIS LTDA\JI Montadora - 02 Produção\01 Controle de Produção\01 - Projeto Cadastro\02 - B.O.M\04. CATEGORIA PISO\47 - CJ SOLEIRA PORTA MALA EXPERT LB 11L ESJ LG.xlsx
2026-06-25 13:31:05,516 INFO Importado B.O.M. C:\Users\PRODUCAO-2.0\J I MONTADORA DE VEICULOS ESPECIAIS LTDA\JI Montadora - 02 Produção\01 Controle de Produção\01 - Projeto Cadastro\02 - B.O.M\04. CATEGORIA PISO\48 - PP CANTONEIRA PVC PRETA PORTA TRASEIRA ESJ.xlsx
2026-06-25 13:31:05,729 INFO Importado B.O.M. C:\Users\PRODUCAO-2.0\J I MONTADORA DE VEICULOS ESPECIAIS LTDA\JI Montadora - 02 Produção\01 Controle de Produção\01 - Projeto Cadastro\02 - B.O.M\04. CATEGORIA PISO\49 - PP SOLEIRA PORTA MALA EXPERT LB 9L ESJ.xlsx
2026-06-25 13:31:05,936 INFO Importado B.O.M. C:\Users\PRODUCAO-2.0\J I MONTADORA DE VEICULOS ESPECIAIS LTDA\JI Montadora - 02 Produção\01 Controle de Produção\01 - Projeto Cadastro\02 - B.O.M\04. CATEGORIA PISO\50 - CJ SOLEIRA PORTA MALA EXPERT LB 9L ESJ LG.xlsx
2026-06-25 13:31:06,141 INFO Importado B.O.M. C:\Users\PRODUCAO-2.0\J I MONTADORA DE VEICULOS ESPECIAIS LTDA\JI Montadora - 02 Produção\01 Controle de Produção\01 - Projeto Cadastro\02 - B.O.M\04. CATEGORIA PISO\51 - CJ SOLEIRA PORTA MALA EXPERT LB 9L ESJ - AMA.xlsx
2026-06-25 13:31:06,340 INFO Importado B.O.M. C:\Users\PRODUCAO-2.0\J I MONTADORA DE VEICULOS ESPECIAIS LTDA\JI Montadora - 02 Produção\01 Controle de Produção\01 - Projeto Cadastro\02 - B.O.M\04. CATEGORIA PISO\52 - CJ SOLEIRA PORTA MALA EXPERT LB 11L ESJ - AMA.xlsx
2026-06-25 13:31:06,539 INFO Importado B.O.M. C:\Users\PRODUCAO-2.0\J I MONTADORA DE VEICULOS ESPECIAIS LTDA\JI Montadora - 02 Produção\01 Controle de Produção\01 - Projeto Cadastro\02 - B.O.M\04. CATEGORIA PISO\53 - PP SOLEIRA PORTA MALA ESJ LE 8,9 L.xlsx
2026-06-25 13:31:06,765 INFO Importado B.O.M. C:\Users\PRODUCAO-2.0\J I MONTADORA DE VEICULOS ESPECIAIS LTDA\JI Montadora - 02 Produção\01 Controle de Produção\01 - Projeto Cadastro\02 - B.O.M\04. CATEGORIA PISO\54 - PP CANTONEIRA PVC PRETA SOLEIRA PORTA MALA LE ESJ C. LED.xlsx
2026-06-25 13:31:06,954 INFO Importado B.O.M. C:\Users\PRODUCAO-2.0\J I MONTADORA DE VEICULOS ESPECIAIS LTDA\JI Montadora - 02 Produção\01 Controle de Produção\01 - Projeto Cadastro\02 - B.O.M\04. CATEGORIA PISO\55 - CJ SOLEIRA PORTA MALA ESJ LE 8,9 L - AMADEIRADO.xlsx
2026-06-25 13:31:07,139 INFO Importado B.O.M. C:\Users\PRODUCAO-2.0\J I MONTADORA DE VEICULOS ESPECIAIS LTDA\JI Montadora - 02 Produção\01 Controle de Produção\01 - Projeto Cadastro\02 - B.O.M\04. CATEGORIA PISO\56 - CJ SOLEIRA PORTA MALA ESJ LE 8,9 L - LG BRIGHT.xlsx
2026-06-25 13:31:07,343 INFO Importado B.O.M. C:\Users\PRODUCAO-2.0\J I MONTADORA DE VEICULOS ESPECIAIS LTDA\JI Montadora - 02 Produção\01 Controle de Produção\01 - Projeto Cadastro\02 - B.O.M\05. ACESSORIOS\01 - ACESSORIO CJ EXTINTOR COM SUPORTE ABC 4KG.xlsx
2026-06-25 13:31:07,462 INFO Importado B.O.M. C:\Users\PRODUCAO-2.0\J I MONTADORA DE VEICULOS ESPECIAIS LTDA\JI Montadora - 02 Produção\01 Controle de Produção\01 - Projeto Cadastro\02 - B.O.M\05. ACESSORIOS\02 - CJ TRILHO ALUMINIO FIXACAO 417 14 - 4,3,3,2,2-1 DPM FOCA.xlsx
2026-06-25 13:31:07,582 INFO Importado B.O.M. C:\Users\PRODUCAO-2.0\J I MONTADORA DE VEICULOS ESPECIAIS LTDA\JI Montadora - 02 Produção\01 Controle de Produção\01 - Projeto Cadastro\02 - B.O.M\05. ACESSORIOS\03 - PP TRILHO ALUMINIO FIXACAO BANCO  3300 MM.xlsx
2026-06-25 13:31:07,702 INFO Importado B.O.M. C:\Users\PRODUCAO-2.0\J I MONTADORA DE VEICULOS ESPECIAIS LTDA\JI Montadora - 02 Produção\01 Controle de Produção\01 - Projeto Cadastro\02 - B.O.M\05. ACESSORIOS\04 - PP TRILHO ALUMINIO FIXACAO BANCO  3870 MM.xlsx
2026-06-25 13:31:07,807 INFO Importado B.O.M. C:\Users\PRODUCAO-2.0\J I MONTADORA DE VEICULOS ESPECIAIS LTDA\JI Montadora - 02 Produção\01 Controle de Produção\01 - Projeto Cadastro\02 - B.O.M\05. ACESSORIOS\05 - PP TRILHO ALUMINIO FIXACAO BANCO  600 MM.xlsx
2026-06-25 13:31:07,944 INFO Importado B.O.M. C:\Users\PRODUCAO-2.0\J I MONTADORA DE VEICULOS ESPECIAIS LTDA\JI Montadora - 02 Produção\01 Controle de Produção\01 - Projeto Cadastro\02 - B.O.M\05. ACESSORIOS\06 - CJ TRILHO ALUMINIO FIXACAO 417 10 - 4,3,3,3.xlsx
2026-06-25 13:31:08,056 INFO Importado B.O.M. C:\Users\PRODUCAO-2.0\J I MONTADORA DE VEICULOS ESPECIAIS LTDA\JI Montadora - 02 Produção\01 Controle de Produção\01 - Projeto Cadastro\02 - B.O.M\05. ACESSORIOS\07 - PP TRILHO ALUMINIO FIXACAO BANCO  2900 MM.xlsx
2026-06-25 13:31:08,172 INFO Importado B.O.M. C:\Users\PRODUCAO-2.0\J I MONTADORA DE VEICULOS ESPECIAIS LTDA\JI Montadora - 02 Produção\01 Controle de Produção\01 - Projeto Cadastro\02 - B.O.M\05. ACESSORIOS\08 - PP TRILHO ALUMINIO FIXACAO BANCO  2400 MM.xlsx
2026-06-25 13:31:08,285 INFO Importado B.O.M. C:\Users\PRODUCAO-2.0\J I MONTADORA DE VEICULOS ESPECIAIS LTDA\JI Montadora - 02 Produção\01 Controle de Produção\01 - Projeto Cadastro\02 - B.O.M\05. ACESSORIOS\09 - PP TRILHO ALUMINIO FIXACAO BANCO  500 MM.xlsx
2026-06-25 13:31:08,484 INFO Importado B.O.M. C:\Users\PRODUCAO-2.0\J I MONTADORA DE VEICULOS ESPECIAIS LTDA\JI Montadora - 02 Produção\01 Controle de Produção\01 - Projeto Cadastro\02 - B.O.M\05. ACESSORIOS\10 - CJ ARANDELA PLASTICA JI MONTADORA.xlsx
2026-06-25 13:31:08,672 INFO Importado B.O.M. C:\Users\PRODUCAO-2.0\J I MONTADORA DE VEICULOS ESPECIAIS LTDA\JI Montadora - 02 Produção\01 Controle de Produção\01 - Projeto Cadastro\02 - B.O.M\05. ACESSORIOS\11 - PP CAIXA MADEIRA SUPORTE GELADEIRA CAB 18L ESJ.xlsx
2026-06-25 13:31:08,867 INFO Importado B.O.M. C:\Users\PRODUCAO-2.0\J I MONTADORA DE VEICULOS ESPECIAIS LTDA\JI Montadora - 02 Produção\01 Controle de Produção\01 - Projeto Cadastro\02 - B.O.M\05. ACESSORIOS\12 - PP CAPACHO ESJ PORTA LATERAL MOTORISTA LE.xlsx
2026-06-25 13:31:09,084 INFO Importado B.O.M. C:\Users\PRODUCAO-2.0\J I MONTADORA DE VEICULOS ESPECIAIS LTDA\JI Montadora - 02 Produção\01 Controle de Produção\01 - Projeto Cadastro\02 - B.O.M\05. ACESSORIOS\13 - PP CAPACHO ESJ PORTA LATERAL CARONA LD.xlsx
2026-06-25 13:31:09,324 INFO Importado B.O.M. C:\Users\PRODUCAO-2.0\J I MONTADORA DE VEICULOS ESPECIAIS LTDA\JI Montadora - 02 Produção\01 Controle de Produção\01 - Projeto Cadastro\02 - B.O.M\05. ACESSORIOS\14 - PP CAPACHO ESJ PORTA LATERAL LE ESJ.xlsx
2026-06-25 13:31:09,522 INFO Importado B.O.M. C:\Users\PRODUCAO-2.0\J I MONTADORA DE VEICULOS ESPECIAIS LTDA\JI Montadora - 02 Produção\01 Controle de Produção\01 - Projeto Cadastro\02 - B.O.M\05. ACESSORIOS\15 - CJ COMPLETO CAPACHO PORTAS ESJ.xlsx
2026-06-25 13:31:09,708 INFO Importado B.O.M. C:\Users\PRODUCAO-2.0\J I MONTADORA DE VEICULOS ESPECIAIS LTDA\JI Montadora - 02 Produção\01 Controle de Produção\01 - Projeto Cadastro\02 - B.O.M\05. ACESSORIOS\16 - ACESSORIO CJ TAPETE SALAO BOUCLE ESJ.xlsx
2026-06-25 13:31:09,900 INFO Importado B.O.M. C:\Users\PRODUCAO-2.0\J I MONTADORA DE VEICULOS ESPECIAIS LTDA\JI Montadora - 02 Produção\01 Controle de Produção\01 - Projeto Cadastro\02 - B.O.M\05. ACESSORIOS\17 - CJ CORTINA VELUDO PRETA PORTAS ESJ.xlsx
2026-06-25 13:31:10,114 INFO Importado B.O.M. C:\Users\PRODUCAO-2.0\J I MONTADORA DE VEICULOS ESPECIAIS LTDA\JI Montadora - 02 Produção\01 Controle de Produção\01 - Projeto Cadastro\02 - B.O.M\05. ACESSORIOS\18 - CJ TUBO ALUMINIO DOBRADO CORTINA ESJ EMBUTIDA C-CLASS.xlsx
2026-06-25 13:31:10,338 INFO Importado B.O.M. C:\Users\PRODUCAO-2.0\J I MONTADORA DE VEICULOS ESPECIAIS LTDA\JI Montadora - 02 Produção\01 Controle de Produção\01 - Projeto Cadastro\02 - B.O.M\05. ACESSORIOS\19 - CJ CORTINA VELUDO PRETA SALAO ESJ C-CLASS SEM PORTAS.xlsx
2026-06-25 13:31:10,570 INFO Importado B.O.M. C:\Users\PRODUCAO-2.0\J I MONTADORA DE VEICULOS ESPECIAIS LTDA\JI Montadora - 02 Produção\01 Controle de Produção\01 - Projeto Cadastro\02 - B.O.M\05. ACESSORIOS\20 - PP TUBO INFERIOR ALUMINIO CORTINA 1º VAO LE ESJ C-CLASS.xlsx
2026-06-25 13:31:10,783 INFO Importado B.O.M. C:\Users\PRODUCAO-2.0\J I MONTADORA DE VEICULOS ESPECIAIS LTDA\JI Montadora - 02 Produção\01 Controle de Produção\01 - Projeto Cadastro\02 - B.O.M\05. ACESSORIOS\21 - PP TUBO INFERIOR ALUMINIO CORTINA 2º VAO LE ESJ C-CLASS.xlsx
2026-06-25 13:31:10,988 INFO Importado B.O.M. C:\Users\PRODUCAO-2.0\J I MONTADORA DE VEICULOS ESPECIAIS LTDA\JI Montadora - 02 Produção\01 Controle de Produção\01 - Projeto Cadastro\02 - B.O.M\05. ACESSORIOS\22 - PP TUBO INFERIOR ALUMINIO CORTINA 2º VAO LD ESJ C-CLASS.xlsx
2026-06-25 13:31:11,221 INFO Importado B.O.M. C:\Users\PRODUCAO-2.0\J I MONTADORA DE VEICULOS ESPECIAIS LTDA\JI Montadora - 02 Produção\01 Controle de Produção\01 - Projeto Cadastro\02 - B.O.M\05. ACESSORIOS\23 - PP TUBO SUPERIOR ALUMINIO CORTINA 1º VAO LE ESJ C-CLASS.xlsx
2026-06-25 13:31:11,438 INFO Importado B.O.M. C:\Users\PRODUCAO-2.0\J I MONTADORA DE VEICULOS ESPECIAIS LTDA\JI Montadora - 02 Produção\01 Controle de Produção\01 - Projeto Cadastro\02 - B.O.M\05. ACESSORIOS\24 - PP TUBO SUPERIOR ALUMINIO CORTINA 2º VAO LE ESJ C-CLASS.xlsx
2026-06-25 13:31:11,659 INFO Importado B.O.M. C:\Users\PRODUCAO-2.0\J I MONTADORA DE VEICULOS ESPECIAIS LTDA\JI Montadora - 02 Produção\01 Controle de Produção\01 - Projeto Cadastro\02 - B.O.M\05. ACESSORIOS\25 - PP TUBO SUPERIOR ALUMINIO CORTINA 2º VAO LD ESJ C-CLASS.xlsx
2026-06-25 13:31:11,873 INFO Importado B.O.M. C:\Users\PRODUCAO-2.0\J I MONTADORA DE VEICULOS ESPECIAIS LTDA\JI Montadora - 02 Produção\01 Controle de Produção\01 - Projeto Cadastro\02 - B.O.M\05. ACESSORIOS\26 - PP TUBO INFERIOR ALUMINIO CORTINA PORTA LATERAL ESJ.xlsx
2026-06-25 13:31:12,083 INFO Importado B.O.M. C:\Users\PRODUCAO-2.0\J I MONTADORA DE VEICULOS ESPECIAIS LTDA\JI Montadora - 02 Produção\01 Controle de Produção\01 - Projeto Cadastro\02 - B.O.M\05. ACESSORIOS\27 - PP TUBO SUPERIOR ALUMINIO CORTINA PORTA LATERAL ESJ.xlsx
2026-06-25 13:31:12,312 INFO Importado B.O.M. C:\Users\PRODUCAO-2.0\J I MONTADORA DE VEICULOS ESPECIAIS LTDA\JI Montadora - 02 Produção\01 Controle de Produção\01 - Projeto Cadastro\02 - B.O.M\05. ACESSORIOS\28 - PP TUBO INFERIOR ALUMINIO CORTINA PORTA TRASEIRA LE ESJ.xlsx
2026-06-25 13:31:12,536 INFO Importado B.O.M. C:\Users\PRODUCAO-2.0\J I MONTADORA DE VEICULOS ESPECIAIS LTDA\JI Montadora - 02 Produção\01 Controle de Produção\01 - Projeto Cadastro\02 - B.O.M\05. ACESSORIOS\29 - PP TUBO INFERIOR ALUMINIO CORTINA PORTA TRASEIRA LD ESJ.xlsx
2026-06-25 13:31:12,768 INFO Importado B.O.M. C:\Users\PRODUCAO-2.0\J I MONTADORA DE VEICULOS ESPECIAIS LTDA\JI Montadora - 02 Produção\01 Controle de Produção\01 - Projeto Cadastro\02 - B.O.M\05. ACESSORIOS\30 - PP TUBO SUPERIOR ALUMINIO CORTINA PORTA TRASEIRA LE ESJ.xlsx
2026-06-25 13:31:12,966 INFO Importado B.O.M. C:\Users\PRODUCAO-2.0\J I MONTADORA DE VEICULOS ESPECIAIS LTDA\JI Montadora - 02 Produção\01 Controle de Produção\01 - Projeto Cadastro\02 - B.O.M\05. ACESSORIOS\31 - PP TUBO SUPERIOR ALUMINIO CORTINA PORTA TRASEIRA LD ESJ.xlsx
2026-06-25 13:31:13,163 INFO Importado B.O.M. C:\Users\PRODUCAO-2.0\J I MONTADORA DE VEICULOS ESPECIAIS LTDA\JI Montadora - 02 Produção\01 Controle de Produção\01 - Projeto Cadastro\02 - B.O.M\05. ACESSORIOS\32 - PP SUPORTE FIXO CABIDE - GANCHO CABIDEIRO MARCOPOLO CINZA RAL 7021 PU - TI.01.J04.xlsx
2026-06-25 13:31:13,381 INFO Importado B.O.M. C:\Users\PRODUCAO-2.0\J I MONTADORA DE VEICULOS ESPECIAIS LTDA\JI Montadora - 02 Produção\01 Controle de Produção\01 - Projeto Cadastro\02 - B.O.M\05. ACESSORIOS\33 - PP PC REVIS MOVEL LAT PRFV ESJ C-CLA 1º VAO LE INT REVE CARP.xlsx
2026-06-25 13:31:13,625 INFO Importado B.O.M. C:\Users\PRODUCAO-2.0\J I MONTADORA DE VEICULOS ESPECIAIS LTDA\JI Montadora - 02 Produção\01 Controle de Produção\01 - Projeto Cadastro\02 - B.O.M\05. ACESSORIOS\34 - PP PC FUNDO MOVEL LAT PRFV ESJ C-CLA 1º VAO LE REVE CARP.xlsx
2026-06-25 13:31:13,829 INFO Importado B.O.M. C:\Users\PRODUCAO-2.0\J I MONTADORA DE VEICULOS ESPECIAIS LTDA\JI Montadora - 02 Produção\01 Controle de Produção\01 - Projeto Cadastro\02 - B.O.M\05. ACESSORIOS\35 - PP FUNDO MOVEL LAT PRFV ESJ C-CLA 2º VAO LD INT REVE CARP.xlsx
2026-06-25 13:31:13,999 INFO Importado B.O.M. C:\Users\PRODUCAO-2.0\J I MONTADORA DE VEICULOS ESPECIAIS LTDA\JI Montadora - 02 Produção\01 Controle de Produção\01 - Projeto Cadastro\02 - B.O.M\05. ACESSORIOS\36 - PP MOVEL LAT PRFV ESJ C-CLA 2º VAO LD INT REVE CARP.xlsx
2026-06-25 13:31:14,171 INFO Importado B.O.M. C:\Users\PRODUCAO-2.0\J I MONTADORA DE VEICULOS ESPECIAIS LTDA\JI Montadora - 02 Produção\01 Controle de Produção\01 - Projeto Cadastro\02 - B.O.M\05. ACESSORIOS\37 - PP MOVEL LAT PRFV ESJ C-CLA 1º VAO LE REVE CARP.xlsx
2026-06-25 13:31:14,343 INFO Importado B.O.M. C:\Users\PRODUCAO-2.0\J I MONTADORA DE VEICULOS ESPECIAIS LTDA\JI Montadora - 02 Produção\01 Controle de Produção\01 - Projeto Cadastro\02 - B.O.M\05. ACESSORIOS\38 - PP PC MOVEL LAT PRFV ESJ C-CLA 1º VAO LE REVE MARROM.xlsx
2026-06-25 13:31:14,573 INFO Importado B.O.M. C:\Users\PRODUCAO-2.0\J I MONTADORA DE VEICULOS ESPECIAIS LTDA\JI Montadora - 02 Produção\01 Controle de Produção\01 - Projeto Cadastro\02 - B.O.M\05. ACESSORIOS\39 - PP PC REVIS MOVEL LAT PRFV ESJ C-CLA 1º VAO LE REVE MARROM.xlsx
2026-06-25 13:31:14,771 INFO Importado B.O.M. C:\Users\PRODUCAO-2.0\J I MONTADORA DE VEICULOS ESPECIAIS LTDA\JI Montadora - 02 Produção\01 Controle de Produção\01 - Projeto Cadastro\02 - B.O.M\05. ACESSORIOS\40 - PP PC MOVEL LAT PRFV ESJ C-CLA 2º VAO LE REVE MARROM.xlsx
2026-06-25 13:31:14,937 INFO Importado B.O.M. C:\Users\PRODUCAO-2.0\J I MONTADORA DE VEICULOS ESPECIAIS LTDA\JI Montadora - 02 Produção\01 Controle de Produção\01 - Projeto Cadastro\02 - B.O.M\05. ACESSORIOS\41 - PP MOVEL LAT PRFV ESJ C-CLA 2º VAO LD REVE MARROM.xlsx
2026-06-25 13:31:15,099 INFO Importado B.O.M. C:\Users\PRODUCAO-2.0\J I MONTADORA DE VEICULOS ESPECIAIS LTDA\JI Montadora - 02 Produção\01 Controle de Produção\01 - Projeto Cadastro\02 - B.O.M\05. ACESSORIOS\42 - PP PC MOVEL LAT PRFV ESJ C-CLA 1º VAO LE REVE PRETO.xlsx
2026-06-25 13:31:15,279 INFO Importado B.O.M. C:\Users\PRODUCAO-2.0\J I MONTADORA DE VEICULOS ESPECIAIS LTDA\JI Montadora - 02 Produção\01 Controle de Produção\01 - Projeto Cadastro\02 - B.O.M\05. ACESSORIOS\43 - PP PC REVIS MOVEL LAT PRFV ESJ C-CLA 1º VAO LE REVE PRETO.xlsx
2026-06-25 13:31:15,502 INFO Importado B.O.M. C:\Users\PRODUCAO-2.0\J I MONTADORA DE VEICULOS ESPECIAIS LTDA\JI Montadora - 02 Produção\01 Controle de Produção\01 - Projeto Cadastro\02 - B.O.M\05. ACESSORIOS\44 - PP PC MOVEL LAT PRFV ESJ C-CLA 2º VAO LE REVE PRETO.xlsx
2026-06-25 13:31:15,702 INFO Importado B.O.M. C:\Users\PRODUCAO-2.0\J I MONTADORA DE VEICULOS ESPECIAIS LTDA\JI Montadora - 02 Produção\01 Controle de Produção\01 - Projeto Cadastro\02 - B.O.M\05. ACESSORIOS\45 - PP MOVEL LAT PRFV ESJ C-CLA 2º VAO LD REVE PRETO.xlsx
2026-06-25 13:31:15,871 INFO Importado B.O.M. C:\Users\PRODUCAO-2.0\J I MONTADORA DE VEICULOS ESPECIAIS LTDA\JI Montadora - 02 Produção\01 Controle de Produção\01 - Projeto Cadastro\02 - B.O.M\05. ACESSORIOS\46 - PP PC MOVEL LAT PRFV ESJ C-CLA 1º VAO LE REVE BEGE.xlsx
2026-06-25 13:31:16,042 INFO Importado B.O.M. C:\Users\PRODUCAO-2.0\J I MONTADORA DE VEICULOS ESPECIAIS LTDA\JI Montadora - 02 Produção\01 Controle de Produção\01 - Projeto Cadastro\02 - B.O.M\05. ACESSORIOS\47 - PP PC REVIS MOVEL LAT PRFV ESJ C-CLA 1º VAO LE REVE BEGE.xlsx
2026-06-25 13:31:16,238 INFO Importado B.O.M. C:\Users\PRODUCAO-2.0\J I MONTADORA DE VEICULOS ESPECIAIS LTDA\JI Montadora - 02 Produção\01 Controle de Produção\01 - Projeto Cadastro\02 - B.O.M\05. ACESSORIOS\48 - PP PC MOVEL LAT PRFV ESJ C-CLA 2º VAO LE REVE BEGE.xlsx
2026-06-25 13:31:16,469 INFO Importado B.O.M. C:\Users\PRODUCAO-2.0\J I MONTADORA DE VEICULOS ESPECIAIS LTDA\JI Montadora - 02 Produção\01 Controle de Produção\01 - Projeto Cadastro\02 - B.O.M\05. ACESSORIOS\49 - PP MOVEL LAT PRFV ESJ C-CLA 2º VAO LD REVE BEGE.xlsx
2026-06-25 13:31:16,638 INFO Importado B.O.M. C:\Users\PRODUCAO-2.0\J I MONTADORA DE VEICULOS ESPECIAIS LTDA\JI Montadora - 02 Produção\01 Controle de Produção\01 - Projeto Cadastro\02 - B.O.M\05. ACESSORIOS\50 - PP PC TAMPO SUP ACRILICO PRETO MOVEL LATERAL ESJ C-CLASS 1º VAO LE.xlsx
2026-06-25 13:31:16,800 INFO Importado B.O.M. C:\Users\PRODUCAO-2.0\J I MONTADORA DE VEICULOS ESPECIAIS LTDA\JI Montadora - 02 Produção\01 Controle de Produção\01 - Projeto Cadastro\02 - B.O.M\05. ACESSORIOS\51 - PP PC TAMPO INF ACRILICO PRETO MOVEL LATERAL ESJ C-CLASS 1º VAO LE.xlsx
2026-06-25 13:31:16,970 INFO Importado B.O.M. C:\Users\PRODUCAO-2.0\J I MONTADORA DE VEICULOS ESPECIAIS LTDA\JI Montadora - 02 Produção\01 Controle de Produção\01 - Projeto Cadastro\02 - B.O.M\05. ACESSORIOS\52 - PP PC TAMPO SUP ACRILICO PRETO MOVEL LATERAL ESJ C-CLASS 2º VAO LD.xlsx
2026-06-25 13:31:17,158 INFO Importado B.O.M. C:\Users\PRODUCAO-2.0\J I MONTADORA DE VEICULOS ESPECIAIS LTDA\JI Montadora - 02 Produção\01 Controle de Produção\01 - Projeto Cadastro\02 - B.O.M\05. ACESSORIOS\53 - PP PC TAMPO INF ACRILICO PRETO MOVEL LATERAL ESJ C-CLASS 2º VAO LD.xlsx
2026-06-25 13:31:17,378 INFO Importado B.O.M. C:\Users\PRODUCAO-2.0\J I MONTADORA DE VEICULOS ESPECIAIS LTDA\JI Montadora - 02 Produção\01 Controle de Produção\01 - Projeto Cadastro\02 - B.O.M\05. ACESSORIOS\54 - PP PC TAMPO SUP ACRILICO PRETO MOVEL LATERAL ESJ C-CLASS 2º VAO LE.xlsx
2026-06-25 13:31:17,557 INFO Importado B.O.M. C:\Users\PRODUCAO-2.0\J I MONTADORA DE VEICULOS ESPECIAIS LTDA\JI Montadora - 02 Produção\01 Controle de Produção\01 - Projeto Cadastro\02 - B.O.M\05. ACESSORIOS\55 - PP PC TAMPO INF ACRILICO PRETO MOVEL LATERAL ESJ C-CLASS 2º VAO LE.xlsx
2026-06-25 13:31:17,727 INFO Importado B.O.M. C:\Users\PRODUCAO-2.0\J I MONTADORA DE VEICULOS ESPECIAIS LTDA\JI Montadora - 02 Produção\01 Controle de Produção\01 - Projeto Cadastro\02 - B.O.M\05. ACESSORIOS\56 - PP PC TAMPO CENTRAL ACRILICO CRISTAL MOVEL LATERAL ESJ C-CLA 1º VAO LE.xlsx
2026-06-25 13:31:17,935 INFO Importado B.O.M. C:\Users\PRODUCAO-2.0\J I MONTADORA DE VEICULOS ESPECIAIS LTDA\JI Montadora - 02 Produção\01 Controle de Produção\01 - Projeto Cadastro\02 - B.O.M\05. ACESSORIOS\57 - PP PC TAMPO CENTRAL ACRILICO CRISTAL MOVEL LATERAL ESJ C-CLA 2º VAO LD.xlsx
2026-06-25 13:31:18,157 INFO Importado B.O.M. C:\Users\PRODUCAO-2.0\J I MONTADORA DE VEICULOS ESPECIAIS LTDA\JI Montadora - 02 Produção\01 Controle de Produção\01 - Projeto Cadastro\02 - B.O.M\05. ACESSORIOS\58 - PP PC TAMPO CENTRAL ACRILICO CRISTAL MOVEL LATERAL ESJ C-CLA 2º VAO LE.xlsx
2026-06-25 13:31:18,405 INFO Importado B.O.M. C:\Users\PRODUCAO-2.0\J I MONTADORA DE VEICULOS ESPECIAIS LTDA\JI Montadora - 02 Produção\01 Controle de Produção\01 - Projeto Cadastro\02 - B.O.M\05. ACESSORIOS\59 - CJ TAMPO ACRIL MOVEL LAT ESJ C-CLA 1º VAO LE.xlsx
2026-06-25 13:31:18,608 INFO Importado B.O.M. C:\Users\PRODUCAO-2.0\J I MONTADORA DE VEICULOS ESPECIAIS LTDA\JI Montadora - 02 Produção\01 Controle de Produção\01 - Projeto Cadastro\02 - B.O.M\05. ACESSORIOS\60 - CJ TAMPO ACRIL MOVEL LAT ESJ C-CLA 2º VAO LE.xlsx
2026-06-25 13:31:18,777 INFO Importado B.O.M. C:\Users\PRODUCAO-2.0\J I MONTADORA DE VEICULOS ESPECIAIS LTDA\JI Montadora - 02 Produção\01 Controle de Produção\01 - Projeto Cadastro\02 - B.O.M\05. ACESSORIOS\61 - CJ TAMPO ACRIL MOVEL LAT ESJ C-CLA 2º VAO LD.xlsx
2026-06-25 13:31:18,966 INFO Importado B.O.M. C:\Users\PRODUCAO-2.0\J I MONTADORA DE VEICULOS ESPECIAIS LTDA\JI Montadora - 02 Produção\01 Controle de Produção\01 - Projeto Cadastro\02 - B.O.M\05. ACESSORIOS\62 - CJ MOVEL LATERAL MARROM ESJ C-CLASS 1º VAO LE.xlsx
2026-06-25 13:31:19,165 INFO Importado B.O.M. C:\Users\PRODUCAO-2.0\J I MONTADORA DE VEICULOS ESPECIAIS LTDA\JI Montadora - 02 Produção\01 Controle de Produção\01 - Projeto Cadastro\02 - B.O.M\05. ACESSORIOS\62 - CJ MOVEL LATERAL PRETO ESJ C-CLASS 1º VAO LE.xlsx
2026-06-25 13:31:19,404 INFO Importado B.O.M. C:\Users\PRODUCAO-2.0\J I MONTADORA DE VEICULOS ESPECIAIS LTDA\JI Montadora - 02 Produção\01 Controle de Produção\01 - Projeto Cadastro\02 - B.O.M\05. ACESSORIOS\63 - CJ MOVEL LATERAL BEGE ESJ C-CLASS 1º VAO LE.xlsx
2026-06-25 13:31:19,619 INFO Importado B.O.M. C:\Users\PRODUCAO-2.0\J I MONTADORA DE VEICULOS ESPECIAIS LTDA\JI Montadora - 02 Produção\01 Controle de Produção\01 - Projeto Cadastro\02 - B.O.M\05. ACESSORIOS\64 - CJ MOVEL LATERAL MARROM ESJ C-CLASS 2º VAO LE.xlsx
2026-06-25 13:31:19,795 INFO Importado B.O.M. C:\Users\PRODUCAO-2.0\J I MONTADORA DE VEICULOS ESPECIAIS LTDA\JI Montadora - 02 Produção\01 Controle de Produção\01 - Projeto Cadastro\02 - B.O.M\05. ACESSORIOS\64 - CJ MOVEL LATERAL PRETO ESJ C-CLASS 2º VAO LE.xlsx
2026-06-25 13:31:19,999 INFO Importado B.O.M. C:\Users\PRODUCAO-2.0\J I MONTADORA DE VEICULOS ESPECIAIS LTDA\JI Montadora - 02 Produção\01 Controle de Produção\01 - Projeto Cadastro\02 - B.O.M\05. ACESSORIOS\65 - CJ MOVEL LATERAL BEGE ESJ C-CLASS 2º VAO LE.xlsx
2026-06-25 13:31:20,226 INFO Importado B.O.M. C:\Users\PRODUCAO-2.0\J I MONTADORA DE VEICULOS ESPECIAIS LTDA\JI Montadora - 02 Produção\01 Controle de Produção\01 - Projeto Cadastro\02 - B.O.M\05. ACESSORIOS\66 - CJ MOVEL LATERAL MARROM ESJ C-CLASS 2º VAO LD.xlsx
2026-06-25 13:31:20,407 INFO Importado B.O.M. C:\Users\PRODUCAO-2.0\J I MONTADORA DE VEICULOS ESPECIAIS LTDA\JI Montadora - 02 Produção\01 Controle de Produção\01 - Projeto Cadastro\02 - B.O.M\05. ACESSORIOS\67 - CJ MOVEL LATERAL PRETO ESJ C-CLASS 2º VAO LD.xlsx
2026-06-25 13:31:20,586 INFO Importado B.O.M. C:\Users\PRODUCAO-2.0\J I MONTADORA DE VEICULOS ESPECIAIS LTDA\JI Montadora - 02 Produção\01 Controle de Produção\01 - Projeto Cadastro\02 - B.O.M\05. ACESSORIOS\68 - CJ MOVEL LATERAL BEGE ESJ C-CLASS 2º VAO LD.xlsx
2026-06-25 13:31:20,786 INFO Importado B.O.M. C:\Users\PRODUCAO-2.0\J I MONTADORA DE VEICULOS ESPECIAIS LTDA\JI Montadora - 02 Produção\01 Controle de Produção\01 - Projeto Cadastro\02 - B.O.M\05. ACESSORIOS\69 - CJ COMPLETO LIGACAO GELADEIRA ELBER CAB 18L ESJ.xlsx
2026-06-25 13:31:20,893 INFO Importado B.O.M. C:\Users\PRODUCAO-2.0\J I MONTADORA DE VEICULOS ESPECIAIS LTDA\JI Montadora - 02 Produção\01 Controle de Produção\01 - Projeto Cadastro\02 - B.O.M\05. ACESSORIOS\70 - CJ TRILHO ALUMINIO FIXACAO 417 14 - 1E,1E,1E,1D PTA.xlsx
2026-06-25 13:31:20,989 INFO Importado B.O.M. C:\Users\PRODUCAO-2.0\J I MONTADORA DE VEICULOS ESPECIAIS LTDA\JI Montadora - 02 Produção\01 Controle de Produção\01 - Projeto Cadastro\02 - B.O.M\05. ACESSORIOS\71 - CJ TRILHO ALUMINIO FIXACAO 417 10 - 4,3,3,2-1 DPM.xlsx
2026-06-25 13:31:21,081 INFO Importado B.O.M. C:\Users\PRODUCAO-2.0\J I MONTADORA DE VEICULOS ESPECIAIS LTDA\JI Montadora - 02 Produção\01 Controle de Produção\01 - Projeto Cadastro\02 - B.O.M\05. ACESSORIOS\72 - CJ TRILHO ALUMINIO FIXACAO 517 15 - 4,2-1,2,3,3,3.xlsx
2026-06-25 13:31:21,179 INFO Importado B.O.M. C:\Users\PRODUCAO-2.0\J I MONTADORA DE VEICULOS ESPECIAIS LTDA\JI Montadora - 02 Produção\01 Controle de Produção\01 - Projeto Cadastro\02 - B.O.M\06. TRANSFORMAÇÃO\01 - JI CONFORT MASTER L3H2 SELADO ESSENCIAL.xlsx
2026-06-25 13:31:21,266 INFO Importado B.O.M. C:\Users\PRODUCAO-2.0\J I MONTADORA DE VEICULOS ESPECIAIS LTDA\JI Montadora - 02 Produção\01 Controle de Produção\01 - Projeto Cadastro\02 - B.O.M\06. TRANSFORMAÇÃO\02 - JI CONFORT MASTER L3H2 VISTA ESSENCIAL.xlsx
2026-06-25 13:31:21,363 INFO Importado B.O.M. C:\Users\PRODUCAO-2.0\J I MONTADORA DE VEICULOS ESPECIAIS LTDA\JI Montadora - 02 Produção\01 Controle de Produção\01 - Projeto Cadastro\02 - B.O.M\06. TRANSFORMAÇÃO\03 - JI CONFORT MASTER L3H2 VISTA PLUS.xlsx
2026-06-25 13:31:21,461 INFO Importado B.O.M. C:\Users\PRODUCAO-2.0\J I MONTADORA DE VEICULOS ESPECIAIS LTDA\JI Montadora - 02 Produção\01 Controle de Produção\01 - Projeto Cadastro\02 - B.O.M\06. TRANSFORMAÇÃO\04 - JI CONFORT MASTER L3H2 VITRE ESSENCIAL.xlsx
2026-06-25 13:31:21,558 INFO Importado B.O.M. C:\Users\PRODUCAO-2.0\J I MONTADORA DE VEICULOS ESPECIAIS LTDA\JI Montadora - 02 Produção\01 Controle de Produção\01 - Projeto Cadastro\02 - B.O.M\06. TRANSFORMAÇÃO\05 - JI CONFORT MASTER L3H2 VITRE PLUS.xlsx
2026-06-25 13:31:21,683 INFO Importado B.O.M. C:\Users\PRODUCAO-2.0\J I MONTADORA DE VEICULOS ESPECIAIS LTDA\JI Montadora - 02 Produção\01 Controle de Produção\01 - Projeto Cadastro\02 - B.O.M\06. TRANSFORMAÇÃO\06 - JI CONFORT MASTER L3H2 SELADO PLUS.xlsx
2026-06-25 13:31:21,795 INFO Importado B.O.M. C:\Users\PRODUCAO-2.0\J I MONTADORA DE VEICULOS ESPECIAIS LTDA\JI Montadora - 02 Produção\01 Controle de Produção\01 - Projeto Cadastro\02 - B.O.M\06. TRANSFORMAÇÃO\07 - JI CONFORT MASTER L2H2 SELADO ESSENCIAL.xlsx
2026-06-25 13:31:21,913 INFO Importado B.O.M. C:\Users\PRODUCAO-2.0\J I MONTADORA DE VEICULOS ESPECIAIS LTDA\JI Montadora - 02 Produção\01 Controle de Produção\01 - Projeto Cadastro\02 - B.O.M\06. TRANSFORMAÇÃO\08 - JI CONFORT MASTER L2H2 SELADO PLUS.xlsx
2026-06-25 13:31:22,025 INFO Importado B.O.M. C:\Users\PRODUCAO-2.0\J I MONTADORA DE VEICULOS ESPECIAIS LTDA\JI Montadora - 02 Produção\01 Controle de Produção\01 - Projeto Cadastro\02 - B.O.M\06. TRANSFORMAÇÃO\09 - JI CONFORT MASTER L2H2 VISTA ESSENCIAL.xlsx
2026-06-25 13:31:22,118 INFO Importado B.O.M. C:\Users\PRODUCAO-2.0\J I MONTADORA DE VEICULOS ESPECIAIS LTDA\JI Montadora - 02 Produção\01 Controle de Produção\01 - Projeto Cadastro\02 - B.O.M\06. TRANSFORMAÇÃO\10 - JI CONFORT MASTER L2H2 VISTA PLUS.xlsx
2026-06-25 13:31:22,211 INFO Importado B.O.M. C:\Users\PRODUCAO-2.0\J I MONTADORA DE VEICULOS ESPECIAIS LTDA\JI Montadora - 02 Produção\01 Controle de Produção\01 - Projeto Cadastro\02 - B.O.M\06. TRANSFORMAÇÃO\11 - JI CONFORT E-S-J TB SELADO.xlsx
2026-06-25 13:31:22,304 INFO Importado B.O.M. C:\Users\PRODUCAO-2.0\J I MONTADORA DE VEICULOS ESPECIAIS LTDA\JI Montadora - 02 Produção\01 Controle de Produção\01 - Projeto Cadastro\02 - B.O.M\06. TRANSFORMAÇÃO\12 - JI CONFORT E-S-J TB VISTA.xlsx
2026-06-25 13:31:22,410 INFO Importado B.O.M. C:\Users\PRODUCAO-2.0\J I MONTADORA DE VEICULOS ESPECIAIS LTDA\JI Montadora - 02 Produção\01 Controle de Produção\01 - Projeto Cadastro\02 - B.O.M\06. TRANSFORMAÇÃO\13 - JI CONFORT E-S-J TB VITRE.xlsx
2026-06-25 13:31:22,519 INFO Importado B.O.M. C:\Users\PRODUCAO-2.0\J I MONTADORA DE VEICULOS ESPECIAIS LTDA\JI Montadora - 02 Produção\01 Controle de Produção\01 - Projeto Cadastro\02 - B.O.M\06. TRANSFORMAÇÃO\14 - JI URBAN E-S-J TB SELADO.xlsx
2026-06-25 13:31:22,617 INFO Importado B.O.M. C:\Users\PRODUCAO-2.0\J I MONTADORA DE VEICULOS ESPECIAIS LTDA\JI Montadora - 02 Produção\01 Controle de Produção\01 - Projeto Cadastro\02 - B.O.M\06. TRANSFORMAÇÃO\15 - JI URBAN E-S-J TB VISTA.xlsx
2026-06-25 13:31:22,728 INFO Importado B.O.M. C:\Users\PRODUCAO-2.0\J I MONTADORA DE VEICULOS ESPECIAIS LTDA\JI Montadora - 02 Produção\01 Controle de Produção\01 - Projeto Cadastro\02 - B.O.M\06. TRANSFORMAÇÃO\16 - JI URBAN E-S-J TB VITRE.xlsx
2026-06-25 13:31:22,837 INFO Importado B.O.M. C:\Users\PRODUCAO-2.0\J I MONTADORA DE VEICULOS ESPECIAIS LTDA\JI Montadora - 02 Produção\01 Controle de Produção\01 - Projeto Cadastro\02 - B.O.M\06. TRANSFORMAÇÃO\17 - JI CONFORT E-J TA SELADO.xlsx
2026-06-25 13:31:22,928 INFO Importado B.O.M. C:\Users\PRODUCAO-2.0\J I MONTADORA DE VEICULOS ESPECIAIS LTDA\JI Montadora - 02 Produção\01 Controle de Produção\01 - Projeto Cadastro\02 - B.O.M\06. TRANSFORMAÇÃO\18 - JI CONFORT E-J TA VISTA.xlsx
2026-06-25 13:31:23,019 INFO Importado B.O.M. C:\Users\PRODUCAO-2.0\J I MONTADORA DE VEICULOS ESPECIAIS LTDA\JI Montadora - 02 Produção\01 Controle de Produção\01 - Projeto Cadastro\02 - B.O.M\06. TRANSFORMAÇÃO\19 - JI CONFORT E-J TA VITRE.xlsx
2026-06-25 13:31:23,112 INFO Importado B.O.M. C:\Users\PRODUCAO-2.0\J I MONTADORA DE VEICULOS ESPECIAIS LTDA\JI Montadora - 02 Produção\01 Controle de Produção\01 - Projeto Cadastro\02 - B.O.M\06. TRANSFORMAÇÃO\20 - JI URBAN E-J TA SELADO.xlsx
2026-06-25 13:31:23,217 INFO Importado B.O.M. C:\Users\PRODUCAO-2.0\J I MONTADORA DE VEICULOS ESPECIAIS LTDA\JI Montadora - 02 Produção\01 Controle de Produção\01 - Projeto Cadastro\02 - B.O.M\06. TRANSFORMAÇÃO\21 - JI URBAN E-J TA VISTA.xlsx
2026-06-25 13:31:23,319 INFO Importado B.O.M. C:\Users\PRODUCAO-2.0\J I MONTADORA DE VEICULOS ESPECIAIS LTDA\JI Montadora - 02 Produção\01 Controle de Produção\01 - Projeto Cadastro\02 - B.O.M\06. TRANSFORMAÇÃO\22 - JI URBAN E-J TA VITRE.xlsx
2026-06-25 13:31:23,419 INFO Importado B.O.M. C:\Users\PRODUCAO-2.0\J I MONTADORA DE VEICULOS ESPECIAIS LTDA\JI Montadora - 02 Produção\01 Controle de Produção\01 - Projeto Cadastro\02 - B.O.M\06. TRANSFORMAÇÃO\23 - JI CONFORT 417 10 M SELADO PLUS.xlsx
2026-06-25 13:31:23,526 INFO Importado B.O.M. C:\Users\PRODUCAO-2.0\J I MONTADORA DE VEICULOS ESPECIAIS LTDA\JI Montadora - 02 Produção\01 Controle de Produção\01 - Projeto Cadastro\02 - B.O.M\06. TRANSFORMAÇÃO\24 - JI CONFORT 417 10 M VISTA PLUS.xlsx
2026-06-25 13:31:23,621 INFO Importado B.O.M. C:\Users\PRODUCAO-2.0\J I MONTADORA DE VEICULOS ESPECIAIS LTDA\JI Montadora - 02 Produção\01 Controle de Produção\01 - Projeto Cadastro\02 - B.O.M\06. TRANSFORMAÇÃO\25 - JI CONFORT 417 10 M VITRE REVESTIDA.xlsx
2026-06-25 13:31:23,719 INFO Importado B.O.M. C:\Users\PRODUCAO-2.0\J I MONTADORA DE VEICULOS ESPECIAIS LTDA\JI Montadora - 02 Produção\01 Controle de Produção\01 - Projeto Cadastro\02 - B.O.M\06. TRANSFORMAÇÃO\26 - JI CONFORT 417 14 M SELADO PLUS.xlsx
2026-06-25 13:31:23,818 INFO Importado B.O.M. C:\Users\PRODUCAO-2.0\J I MONTADORA DE VEICULOS ESPECIAIS LTDA\JI Montadora - 02 Produção\01 Controle de Produção\01 - Projeto Cadastro\02 - B.O.M\06. TRANSFORMAÇÃO\27 - JI CONFORT 417 14 M VISTA PLUS.xlsx
2026-06-25 13:31:23,907 INFO Importado B.O.M. C:\Users\PRODUCAO-2.0\J I MONTADORA DE VEICULOS ESPECIAIS LTDA\JI Montadora - 02 Produção\01 Controle de Produção\01 - Projeto Cadastro\02 - B.O.M\06. TRANSFORMAÇÃO\28 - JI CONFORT 417 14 M VITRE REVESTIDA.xlsx
2026-06-25 13:31:24,011 INFO Importado B.O.M. C:\Users\PRODUCAO-2.0\J I MONTADORA DE VEICULOS ESPECIAIS LTDA\JI Montadora - 02 Produção\01 Controle de Produção\01 - Projeto Cadastro\02 - B.O.M\06. TRANSFORMAÇÃO\29 - JI CONFORT 517 15 M SELADO PLUS.xlsx
2026-06-25 13:31:24,105 INFO Importado B.O.M. C:\Users\PRODUCAO-2.0\J I MONTADORA DE VEICULOS ESPECIAIS LTDA\JI Montadora - 02 Produção\01 Controle de Produção\01 - Projeto Cadastro\02 - B.O.M\06. TRANSFORMAÇÃO\30 - JI CONFORT 517 15 M VISTA PLUS.xlsx
2026-06-25 13:31:24,196 INFO Importado B.O.M. C:\Users\PRODUCAO-2.0\J I MONTADORA DE VEICULOS ESPECIAIS LTDA\JI Montadora - 02 Produção\01 Controle de Produção\01 - Projeto Cadastro\02 - B.O.M\06. TRANSFORMAÇÃO\31 - JI CONFORT 517 15 M VITRE REVESTIDA.xlsx
2026-06-25 13:31:24,288 INFO Importado B.O.M. C:\Users\PRODUCAO-2.0\J I MONTADORA DE VEICULOS ESPECIAIS LTDA\JI Montadora - 02 Produção\01 Controle de Produção\01 - Projeto Cadastro\02 - B.O.M\06. TRANSFORMAÇÃO\32 - JI CONFORT 517 14 M SELADO PLUS.xlsx
2026-06-25 13:31:24,379 INFO Importado B.O.M. C:\Users\PRODUCAO-2.0\J I MONTADORA DE VEICULOS ESPECIAIS LTDA\JI Montadora - 02 Produção\01 Controle de Produção\01 - Projeto Cadastro\02 - B.O.M\06. TRANSFORMAÇÃO\33 - JI CONFORT 517 14 M VISTA PLUS.xlsx
2026-06-25 13:31:24,466 INFO Importado B.O.M. C:\Users\PRODUCAO-2.0\J I MONTADORA DE VEICULOS ESPECIAIS LTDA\JI Montadora - 02 Produção\01 Controle de Produção\01 - Projeto Cadastro\02 - B.O.M\06. TRANSFORMAÇÃO\34 - JI CONFORT 517 14 M VITRE REVESTIDA.xlsx
2026-06-25 13:31:24,576 INFO Importado B.O.M. C:\Users\PRODUCAO-2.0\J I MONTADORA DE VEICULOS ESPECIAIS LTDA\JI Montadora - 02 Produção\01 Controle de Produção\01 - Projeto Cadastro\02 - B.O.M\06. TRANSFORMAÇÃO\35 - JI CONFORT B-J-D SELADO.xlsx
2026-06-25 13:31:24,665 INFO Importado B.O.M. C:\Users\PRODUCAO-2.0\J I MONTADORA DE VEICULOS ESPECIAIS LTDA\JI Montadora - 02 Produção\01 Controle de Produção\01 - Projeto Cadastro\02 - B.O.M\06. TRANSFORMAÇÃO\36 - JI CONFORT B-J-D VISTA.xlsx
2026-06-25 13:31:24,752 INFO Importado B.O.M. C:\Users\PRODUCAO-2.0\J I MONTADORA DE VEICULOS ESPECIAIS LTDA\JI Montadora - 02 Produção\01 Controle de Produção\01 - Projeto Cadastro\02 - B.O.M\06. TRANSFORMAÇÃO\37 - JI CONFORT B-J-D VITRE.xlsx
2026-06-25 13:31:24,844 INFO Importado B.O.M. C:\Users\PRODUCAO-2.0\J I MONTADORA DE VEICULOS ESPECIAIS LTDA\JI Montadora - 02 Produção\01 Controle de Produção\01 - Projeto Cadastro\02 - B.O.M\06. TRANSFORMAÇÃO\38 - JI CONFORT TRANSIT L3H3 SELADO.xlsx
2026-06-25 13:31:24,938 INFO Importado B.O.M. C:\Users\PRODUCAO-2.0\J I MONTADORA DE VEICULOS ESPECIAIS LTDA\JI Montadora - 02 Produção\01 Controle de Produção\01 - Projeto Cadastro\02 - B.O.M\06. TRANSFORMAÇÃO\39 - JI CONFORT TRANSIT L3H3 VISTA.xlsx
2026-06-25 13:31:25,042 INFO Importado B.O.M. C:\Users\PRODUCAO-2.0\J I MONTADORA DE VEICULOS ESPECIAIS LTDA\JI Montadora - 02 Produção\01 Controle de Produção\01 - Projeto Cadastro\02 - B.O.M\06. TRANSFORMAÇÃO\40 - JI CONFORT TRANSIT L4H3 VITRE.xlsx
2026-06-25 13:31:25,152 INFO Importado B.O.M. C:\Users\PRODUCAO-2.0\J I MONTADORA DE VEICULOS ESPECIAIS LTDA\JI Montadora - 02 Produção\01 Controle de Produção\01 - Projeto Cadastro\02 - B.O.M\06. TRANSFORMAÇÃO\41 - JI URBAN E-S-J TB SELADO TETO C. VELUDO PRETO.xlsx
2026-06-25 13:31:25,279 INFO Importado B.O.M. C:\Users\PRODUCAO-2.0\J I MONTADORA DE VEICULOS ESPECIAIS LTDA\JI Montadora - 02 Produção\01 Controle de Produção\01 - Projeto Cadastro\02 - B.O.M\06. TRANSFORMAÇÃO\42 - JI URBAN E-S-J TB VISTA TETO C. VELUDO PRETO.xlsx
2026-06-25 13:31:25,389 INFO Importado B.O.M. C:\Users\PRODUCAO-2.0\J I MONTADORA DE VEICULOS ESPECIAIS LTDA\JI Montadora - 02 Produção\01 Controle de Produção\01 - Projeto Cadastro\02 - B.O.M\06. TRANSFORMAÇÃO\43 - JI URBAN E-S-J VITRE TB TETO C. VELUDO PRETO.xlsx
2026-06-25 13:31:25,498 INFO Importado B.O.M. C:\Users\PRODUCAO-2.0\J I MONTADORA DE VEICULOS ESPECIAIS LTDA\JI Montadora - 02 Produção\01 Controle de Produção\01 - Projeto Cadastro\02 - B.O.M\06. TRANSFORMAÇÃO\44 - JI CONFORT TRANSIT L3H2 VITRE.xlsx
2026-06-25 13:31:25,598 INFO Importado B.O.M. C:\Users\PRODUCAO-2.0\J I MONTADORA DE VEICULOS ESPECIAIS LTDA\JI Montadora - 02 Produção\01 Controle de Produção\01 - Projeto Cadastro\02 - B.O.M\07. REFORÇOS\01 - CJ REFORÇO EM ACO ARQUEAMENTO E-J TETO ALTO.xlsx
2026-06-25 13:31:25,803 INFO Importado B.O.M. C:\Users\PRODUCAO-2.0\J I MONTADORA DE VEICULOS ESPECIAIS LTDA\JI Montadora - 02 Produção\01 Controle de Produção\01 - Projeto Cadastro\02 - B.O.M\07. REFORÇOS\02 - CJ CHAPA PRONTA TRILHO ALUMÍNIO BCO INCOR. FIXO - SPRINTER 517 - 4,2-1,2,3,3,3.xlsx
2026-06-25 13:31:26,036 INFO Importado B.O.M. C:\Users\PRODUCAO-2.0\J I MONTADORA DE VEICULOS ESPECIAIS LTDA\JI Montadora - 02 Produção\01 Controle de Produção\01 - Projeto Cadastro\02 - B.O.M\07. REFORÇOS\03 - CJ CHAPA PRONTA TRILHO ALUMÍNIO BCO INCOR. RECLINAVEL - SPRINTER 517 - 4,2-1,2,3,3,3.xlsx
2026-06-25 13:31:26,266 INFO Importado B.O.M. C:\Users\PRODUCAO-2.0\J I MONTADORA DE VEICULOS ESPECIAIS LTDA\JI Montadora - 02 Produção\01 Controle de Produção\01 - Projeto Cadastro\02 - B.O.M\07. REFORÇOS\04 - CJ CHAPA PRONTA TRILHO ALUMÍNIO BCO INCOR. FIXO - UNIVERSAL - 4,3,3,3.xlsx
2026-06-25 13:31:26,396 INFO Importado B.O.M. C:\Users\PRODUCAO-2.0\J I MONTADORA DE VEICULOS ESPECIAIS LTDA\JI Montadora - 02 Produção\01 Controle de Produção\01 - Projeto Cadastro\02 - B.O.M\07. REFORÇOS\05 - CJ CHAPA PRONTA TRILHO ALUMÍNIO BCO INCOR. RECLINAVEL - UNIVERSAL - 4,3,3,3.xlsx
2026-06-25 13:31:26,516 INFO Importado B.O.M. C:\Users\PRODUCAO-2.0\J I MONTADORA DE VEICULOS ESPECIAIS LTDA\JI Montadora - 02 Produção\01 Controle de Produção\01 - Projeto Cadastro\02 - B.O.M\07. REFORÇOS\06 - PP REFORÇO SUPORTE METALON 40X20 - Copia.xlsx
2026-06-25 13:31:26,649 INFO Importado B.O.M. C:\Users\PRODUCAO-2.0\J I MONTADORA DE VEICULOS ESPECIAIS LTDA\JI Montadora - 02 Produção\01 Controle de Produção\01 - Projeto Cadastro\02 - B.O.M\07. REFORÇOS\06 - PP REFORÇO SUPORTE METALON 40X20.xlsx
2026-06-25 13:31:26,766 INFO Importado B.O.M. C:\Users\PRODUCAO-2.0\J I MONTADORA DE VEICULOS ESPECIAIS LTDA\JI Montadora - 02 Produção\01 Controle de Produção\01 - Projeto Cadastro\02 - B.O.M\08. BANCOS\01 - CJ BANCOS FIXOS - MC - LB - 4,3,3,3 - 2P - TECIDO - BJD.xlsx
2026-06-25 13:31:26,873 INFO Importado B.O.M. C:\Users\PRODUCAO-2.0\J I MONTADORA DE VEICULOS ESPECIAIS LTDA\JI Montadora - 02 Produção\01 Controle de Produção\01 - Projeto Cadastro\02 - B.O.M\08. BANCOS\02 - CJ BANCOS REC - MC - LB - 3,2,3 - 3P - COURVIN - EXPERT.xlsx
2026-06-25 13:31:27,014 INFO Importado B.O.M. C:\Users\PRODUCAO-2.0\J I MONTADORA DE VEICULOS ESPECIAIS LTDA\JI Montadora - 02 Produção\01 Controle de Produção\01 - Projeto Cadastro\02 - B.O.M\08. BANCOS\03 - CJ BANCOS REC - MC - LB - 3,2,3 - 3P - TECIDO - EXPERT.xlsx
2026-06-25 13:31:27,128 INFO Importado B.O.M. C:\Users\PRODUCAO-2.0\J I MONTADORA DE VEICULOS ESPECIAIS LTDA\JI Montadora - 02 Produção\01 Controle de Produção\01 - Projeto Cadastro\02 - B.O.M\08. BANCOS\04 - CJ BANCOS REC - MC - LB - 3,3 - 3P - TECIDO - EXPERT.xlsx
2026-06-25 13:31:27,244 INFO Importado B.O.M. C:\Users\PRODUCAO-2.0\J I MONTADORA DE VEICULOS ESPECIAIS LTDA\JI Montadora - 02 Produção\01 Controle de Produção\01 - Projeto Cadastro\02 - B.O.M\08. BANCOS\05 - CJ BANCOS FIXOS - MC - LB - 3,3 - 3P - TECIDO - EXPERT.xlsx
2026-06-25 13:31:27,382 INFO Importado B.O.M. C:\Users\PRODUCAO-2.0\J I MONTADORA DE VEICULOS ESPECIAIS LTDA\JI Montadora - 02 Produção\01 Controle de Produção\01 - Projeto Cadastro\02 - B.O.M\08. BANCOS\06 - CJ BANCOS REC - MC - LB - 3,3 - 3P - COURVIN- EXPERT.xlsx
2026-06-25 13:31:27,516 INFO Importado B.O.M. C:\Users\PRODUCAO-2.0\J I MONTADORA DE VEICULOS ESPECIAIS LTDA\JI Montadora - 02 Produção\01 Controle de Produção\01 - Projeto Cadastro\02 - B.O.M\08. BANCOS\07 - CJ BANCOS FIXOS - MC - LB - 3,2,3 - 3P - COURVIN- EXPERT.xlsx
2026-06-25 13:31:27,625 INFO Importado B.O.M. C:\Users\PRODUCAO-2.0\J I MONTADORA DE VEICULOS ESPECIAIS LTDA\JI Montadora - 02 Produção\01 Controle de Produção\01 - Projeto Cadastro\02 - B.O.M\08. BANCOS\08 - CJ BANCOS FIXOS - MC - LB - 3,2,3 - 2P - COURVIN - EXPERT.xlsx
2026-06-25 13:31:27,719 INFO Importado B.O.M. C:\Users\PRODUCAO-2.0\J I MONTADORA DE VEICULOS ESPECIAIS LTDA\JI Montadora - 02 Produção\01 Controle de Produção\01 - Projeto Cadastro\02 - B.O.M\08. BANCOS\09 - CJ BANCOS FIXOS - MC - LB - 3,2,3 - 3P - TECIDO - EXPERT.xlsx
2026-06-25 13:31:27,812 INFO Importado B.O.M. C:\Users\PRODUCAO-2.0\J I MONTADORA DE VEICULOS ESPECIAIS LTDA\JI Montadora - 02 Produção\01 Controle de Produção\01 - Projeto Cadastro\02 - B.O.M\08. BANCOS\10 - CJ BANCOS FIXOS - MC - LB - 3,2,3 - 2P - TECIDO - EXPERT.xlsx
2026-06-25 13:31:27,899 INFO Importado B.O.M. C:\Users\PRODUCAO-2.0\J I MONTADORA DE VEICULOS ESPECIAIS LTDA\JI Montadora - 02 Produção\01 Controle de Produção\01 - Projeto Cadastro\02 - B.O.M\08. BANCOS\11 - CJ BANCOS REC - MC - LB - 4,3,3,2,2-1 - 2P - TECIDO - TRILHO - FOCA.xlsx
2026-06-25 13:31:27,990 INFO Importado B.O.M. C:\Users\PRODUCAO-2.0\J I MONTADORA DE VEICULOS ESPECIAIS LTDA\JI Montadora - 02 Produção\01 Controle de Produção\01 - Projeto Cadastro\02 - B.O.M\08. BANCOS\12 - CJ BANCOS REC - MC - LB - 4,3,3,3 - 2P - TECIDO - BJD.xlsx
2026-06-25 13:31:28,089 INFO Importado B.O.M. C:\Users\PRODUCAO-2.0\J I MONTADORA DE VEICULOS ESPECIAIS LTDA\JI Montadora - 02 Produção\01 Controle de Produção\01 - Projeto Cadastro\02 - B.O.M\08. BANCOS\13 - CJ BANCOS FIXOS - MC - LB - 4,3,3,3 - 2P - TECIDO - TRILHO.xlsx
2026-06-25 13:31:28,200 INFO Importado B.O.M. C:\Users\PRODUCAO-2.0\J I MONTADORA DE VEICULOS ESPECIAIS LTDA\JI Montadora - 02 Produção\01 Controle de Produção\01 - Projeto Cadastro\02 - B.O.M\08. BANCOS\14 - CJ BANCOS REC- MC - LB - 1E,1E,1E,1D - 3P - COURVIN- NORMAL.xlsx
2026-06-25 13:31:28,308 INFO Importado B.O.M. C:\Users\PRODUCAO-2.0\J I MONTADORA DE VEICULOS ESPECIAIS LTDA\JI Montadora - 02 Produção\01 Controle de Produção\01 - Projeto Cadastro\02 - B.O.M\08. BANCOS\15 - CJ BANCOS FIXOS - MC - LB - 4,3,3,2-1 - 2P - TECIDO - NORMAL - FOCA.xlsx
2026-06-25 13:31:28,430 INFO Importado B.O.M. C:\Users\PRODUCAO-2.0\J I MONTADORA DE VEICULOS ESPECIAIS LTDA\JI Montadora - 02 Produção\01 Controle de Produção\01 - Projeto Cadastro\02 - B.O.M\08. BANCOS\16 - CJ BANCOS REC - MC - LB - 4,2,2,3,3,3 - REC - 3P - COURVIN - NORMAL.xlsx
2026-06-25 13:31:28,529 INFO Importado B.O.M. C:\Users\PRODUCAO-2.0\J I MONTADORA DE VEICULOS ESPECIAIS LTDA\JI Montadora - 02 Produção\01 Controle de Produção\01 - Projeto Cadastro\02 - B.O.M\08. BANCOS\17 - CJ BANCOS REC - MC - LB - 4,2,3,3,3 - REC - 2P - COURVIN - PME 2A.xlsx
2026-06-25 13:31:28,637 INFO Importado B.O.M. C:\Users\PRODUCAO-2.0\J I MONTADORA DE VEICULOS ESPECIAIS LTDA\JI Montadora - 02 Produção\01 Controle de Produção\01 - Projeto Cadastro\02 - B.O.M\08. BANCOS\18 - CJ BANCOS REC - LB - 1 E,1 E,1 D,1 D,3,3 - REC - 3P - TECIDO - BJD.xlsx
2026-06-25 13:31:28,732 INFO Importado B.O.M. C:\Users\PRODUCAO-2.0\J I MONTADORA DE VEICULOS ESPECIAIS LTDA\JI Montadora - 02 Produção\01 Controle de Produção\01 - Projeto Cadastro\02 - B.O.M\08. BANCOS\19 - CJ BANCOS REC - LB - 4,2-1,2,3,3,3 - REC - 2P - TECIDO - NORMAL.xlsx
2026-06-25 13:31:28,827 INFO Importado B.O.M. C:\Users\PRODUCAO-2.0\J I MONTADORA DE VEICULOS ESPECIAIS LTDA\JI Montadora - 02 Produção\01 Controle de Produção\01 - Projeto Cadastro\02 - B.O.M\08. BANCOS\20 - CJ BANCOS FIXOS - LB - 1E,1E,1E,1D - 2P - TECIDO - TRILHO.xlsx
2026-06-25 13:31:28,942 INFO Importado B.O.M. C:\Users\PRODUCAO-2.0\J I MONTADORA DE VEICULOS ESPECIAIS LTDA\JI Montadora - 02 Produção\01 Controle de Produção\01 - Projeto Cadastro\02 - B.O.M\08. BANCOS\21 - CJ BANCOS FIXOS - MC - LB - 4,3,3,2-1 - 2P - TECIDO - TRILHO - ELEVITTA.xlsx
2026-06-25 13:31:29,050 INFO Importado B.O.M. C:\Users\PRODUCAO-2.0\J I MONTADORA DE VEICULOS ESPECIAIS LTDA\JI Montadora - 02 Produção\01 Controle de Produção\01 - Projeto Cadastro\02 - B.O.M\08. BANCOS\22 - CJ BANCOS REC - LB - 4,2-1,2,3,3,3 - REC - 2P - TECIDO - TRILHO.xlsx
2026-06-25 13:31:29,150 INFO Importado B.O.M. C:\Users\PRODUCAO-2.0\J I MONTADORA DE VEICULOS ESPECIAIS LTDA\JI Montadora - 02 Produção\01 Controle de Produção\01 - Projeto Cadastro\02 - B.O.M\08. BANCOS\23 - CJ BANCOS REC - LB - 4,2-1,2,3,3,3 - REC - 3P - COURVIN - NORMAL.xlsx
2026-06-25 13:31:29,272 INFO Importado B.O.M. C:\Users\PRODUCAO-2.0\J I MONTADORA DE VEICULOS ESPECIAIS LTDA\JI Montadora - 02 Produção\01 Controle de Produção\01 - Projeto Cadastro\02 - B.O.M\08. BANCOS\24 - CJ. BANCOS FIXOS - LB - 3,2,2-1 - 2P - TECIDO - EXPERT - FOCA.xlsx
2026-06-25 13:31:29,374 INFO Importado B.O.M. C:\Users\PRODUCAO-2.0\J I MONTADORA DE VEICULOS ESPECIAIS LTDA\JI Montadora - 02 Produção\01 Controle de Produção\01 - Projeto Cadastro\02 - B.O.M\08. BANCOS\25 - CJ BANCOS REC- LE - 3,3 - 3P - COURVIN - EXPERT - MARROM.xlsx
2026-06-25 13:31:29,465 INFO Importado B.O.M. C:\Users\PRODUCAO-2.0\J I MONTADORA DE VEICULOS ESPECIAIS LTDA\JI Montadora - 02 Produção\01 Controle de Produção\01 - Projeto Cadastro\02 - B.O.M\08. BANCOS\26 -.xlsx
2026-06-25 13:31:29,631 INFO Importado B.O.M. C:\Users\PRODUCAO-2.0\J I MONTADORA DE VEICULOS ESPECIAIS LTDA\JI Montadora - 02 Produção\01 Controle de Produção\01 - Projeto Cadastro\02 - B.O.M\09. ELETRICA\01 - CJ CHICOTE ELETRICO CABINE E-S-J P. LIGAÇÃO ACESSORIOS.xlsx
2026-06-25 13:31:29,829 INFO Importado B.O.M. C:\Users\PRODUCAO-2.0\J I MONTADORA DE VEICULOS ESPECIAIS LTDA\JI Montadora - 02 Produção\01 Controle de Produção\01 - Projeto Cadastro\02 - B.O.M\09. ELETRICA\02 - CJ BOTOEIRA PLASTICA JI E-S-J CABINE 8 TECLAS.xlsx
2026-06-25 13:31:30,053 INFO Importado B.O.M. C:\Users\PRODUCAO-2.0\J I MONTADORA DE VEICULOS ESPECIAIS LTDA\JI Montadora - 02 Produção\01 Controle de Produção\01 - Projeto Cadastro\02 - B.O.M\09. ELETRICA\03 - CJ 3 TOMADAS USB ORBE DUPLA E-S-J.xlsx
2026-06-25 13:31:30,222 INFO Importado B.O.M. C:\Users\PRODUCAO-2.0\J I MONTADORA DE VEICULOS ESPECIAIS LTDA\JI Montadora - 02 Produção\01 Controle de Produção\01 - Projeto Cadastro\02 - B.O.M\09. ELETRICA\04 - CJ LUZ CORTESIA E-S-J - DEGRAU, SOLEIRA PM, SOB BCO 1º FIL.xlsx
2026-06-25 13:31:30,385 INFO Importado B.O.M. C:\Users\PRODUCAO-2.0\J I MONTADORA DE VEICULOS ESPECIAIS LTDA\JI Montadora - 02 Produção\01 Controle de Produção\01 - Projeto Cadastro\02 - B.O.M\09. ELETRICA\05 - CJ LUZ CORTESIA CABINE ESJ SOB PAINEL.xlsx
2026-06-25 13:31:30,554 INFO Importado B.O.M. C:\Users\PRODUCAO-2.0\J I MONTADORA DE VEICULOS ESPECIAIS LTDA\JI Montadora - 02 Produção\01 Controle de Produção\01 - Projeto Cadastro\02 - B.O.M\09. ELETRICA\06 - CJ LUZ LED RGB MOVEIS LATERAIS JI C-CLASS ESJ.xlsx
2026-06-25 13:31:30,753 INFO Importado B.O.M. C:\Users\PRODUCAO-2.0\J I MONTADORA DE VEICULOS ESPECIAIS LTDA\JI Montadora - 02 Produção\01 Controle de Produção\01 - Projeto Cadastro\02 - B.O.M\09. ELETRICA\07 - CJ LUZ AZUL 4 ARANDELAS LATERAIS JI.xlsx
2026-06-25 13:31:30,925 INFO Importado B.O.M. C:\Users\PRODUCAO-2.0\J I MONTADORA DE VEICULOS ESPECIAIS LTDA\JI Montadora - 02 Produção\01 Controle de Produção\01 - Projeto Cadastro\02 - B.O.M\09. ELETRICA\08 - CJ LUZ BALIZADORA INFERIOR E-S-J.xlsx
2026-06-25 13:31:31,082 INFO Importado B.O.M. C:\Users\PRODUCAO-2.0\J I MONTADORA DE VEICULOS ESPECIAIS LTDA\JI Montadora - 02 Produção\01 Controle de Produção\01 - Projeto Cadastro\02 - B.O.M\10. BANCOS FORNECEDOR JL\01 - BCO JL LE RECLINAVEL 3 L NORMAL C. AP BRACO LD 255 MM 3P MISTO.xlsx
2026-06-25 13:31:31,241 INFO Importado B.O.M. C:\Users\PRODUCAO-2.0\J I MONTADORA DE VEICULOS ESPECIAIS LTDA\JI Montadora - 02 Produção\01 Controle de Produção\01 - Projeto Cadastro\02 - B.O.M\10. BANCOS FORNECEDOR JL\02 - BCO JL LE RECLINAVEL 1 L PME S. AP BRACO 65 MM 3P MISTO.xlsx
2026-06-25 13:31:31,398 INFO Importado B.O.M. C:\Users\PRODUCAO-2.0\J I MONTADORA DE VEICULOS ESPECIAIS LTDA\JI Montadora - 02 Produção\01 Controle de Produção\01 - Projeto Cadastro\02 - B.O.M\10. BANCOS FORNECEDOR JL\03 - BCO JL LE RECLINAVEL 2 L PME S. AP BRACO 120 MM 3P MISTO.xlsx
2026-06-25 13:31:31,609 INFO Importado B.O.M. C:\Users\PRODUCAO-2.0\J I MONTADORA DE VEICULOS ESPECIAIS LTDA\JI Montadora - 02 Produção\01 Controle de Produção\01 - Projeto Cadastro\02 - B.O.M\10. BANCOS FORNECEDOR JL\04 - BCO JL LE RECLINAVEL 1 L PME S. AP BRACO 120 MM 3P MISTO.xlsx
2026-06-25 13:31:31,820 INFO Importado B.O.M. C:\Users\PRODUCAO-2.0\J I MONTADORA DE VEICULOS ESPECIAIS LTDA\JI Montadora - 02 Produção\01 Controle de Produção\01 - Projeto Cadastro\02 - B.O.M\10. BANCOS FORNECEDOR JL\05 - BCO JL LE RECLINAVEL 2 L NORMAL S. AP BRACO 330 MM 3P MISTO.xlsx
2026-06-25 13:31:31,986 INFO Importado B.O.M. C:\Users\PRODUCAO-2.0\J I MONTADORA DE VEICULOS ESPECIAIS LTDA\JI Montadora - 02 Produção\01 Controle de Produção\01 - Projeto Cadastro\02 - B.O.M\10. BANCOS FORNECEDOR JL\06 - BCO JL LE RECLINAVEL 1 L NORMAL S. AP BRACO 330 MM 3P MISTO.xlsx
2026-06-25 13:31:32,139 INFO Importado B.O.M. C:\Users\PRODUCAO-2.0\J I MONTADORA DE VEICULOS ESPECIAIS LTDA\JI Montadora - 02 Produção\01 Controle de Produção\01 - Projeto Cadastro\02 - B.O.M\10. BANCOS FORNECEDOR JL\07 - BCO JL LE RECLINAVEL 4 L PME S. AP BRACO 3P MISTO.xlsx
2026-06-25 13:31:32,292 INFO Importado B.O.M. C:\Users\PRODUCAO-2.0\J I MONTADORA DE VEICULOS ESPECIAIS LTDA\JI Montadora - 02 Produção\01 Controle de Produção\01 - Projeto Cadastro\02 - B.O.M\10. BANCOS FORNECEDOR JL\08 - BCO JL LE RECLINAVEL 3 L NORMAL C. AP BRACO LD 330 MM 3P MISTO.xlsx
2026-06-25 13:31:32,512 INFO Importado B.O.M. C:\Users\PRODUCAO-2.0\J I MONTADORA DE VEICULOS ESPECIAIS LTDA\JI Montadora - 02 Produção\01 Controle de Produção\01 - Projeto Cadastro\02 - B.O.M\10. BANCOS FORNECEDOR JL\09 - BCO CARONA JL LE RECLINAVEL 2 L SPRINTER S. AP BRACO 270 MM 3P MISTO.xlsx
2026-06-25 13:31:32,688 INFO Importado B.O.M. C:\Users\PRODUCAO-2.0\J I MONTADORA DE VEICULOS ESPECIAIS LTDA\JI Montadora - 02 Produção\01 Controle de Produção\01 - Projeto Cadastro\02 - B.O.M\10. BANCOS FORNECEDOR JL\10 - BCO CARONA JL LE RECLINAVEL 2 L MASTER S. AP BRACO 262 MM 3P MISTO.xlsx
2026-06-25 13:31:32,972 INFO Importado B.O.M. C:\Users\PRODUCAO-2.0\J I MONTADORA DE VEICULOS ESPECIAIS LTDA\JI Montadora - 02 Produção\01 Controle de Produção\01 - Projeto Cadastro\02 - B.O.M\11. PÇS BCO\01 - CJ CAPA COURVIN GRAFITE MOTORISTA MC LB ESJ.xlsx
2026-06-25 13:31:33,307 INFO Importado B.O.M. C:\Users\PRODUCAO-2.0\J I MONTADORA DE VEICULOS ESPECIAIS LTDA\JI Montadora - 02 Produção\01 Controle de Produção\01 - Projeto Cadastro\02 - B.O.M\11. PÇS BCO\02 - CJ CAPA COURVIN GRAFITE CARONA MC LB ESJ.xlsx
2026-06-25 13:31:33,553 INFO Importado B.O.M. C:\Users\PRODUCAO-2.0\J I MONTADORA DE VEICULOS ESPECIAIS LTDA\JI Montadora - 02 Produção\01 Controle de Produção\01 - Projeto Cadastro\02 - B.O.M\11. PÇS BCO\03 - CJ CAPA COURVIN GRAFITE CARONA MC LB TRANSIT.xlsx
2026-06-25 13:31:33,776 INFO Importado B.O.M. C:\Users\PRODUCAO-2.0\J I MONTADORA DE VEICULOS ESPECIAIS LTDA\JI Montadora - 02 Produção\01 Controle de Produção\01 - Projeto Cadastro\02 - B.O.M\11. PÇS BCO\04 - CJ CAPA COURVIN GRAFITE CARONA MC LB TRANSIT.xlsx
2026-06-25 13:31:33,978 INFO Importado B.O.M. C:\Users\PRODUCAO-2.0\J I MONTADORA DE VEICULOS ESPECIAIS LTDA\JI Montadora - 02 Produção\01 Controle de Produção\01 - Projeto Cadastro\02 - B.O.M\11. PÇS BCO\05 - CJ CAPA COURVIN GRAFITE MOTORISTA MC LB SPRINTER.xlsx
2026-06-25 13:31:34,205 INFO Importado B.O.M. C:\Users\PRODUCAO-2.0\J I MONTADORA DE VEICULOS ESPECIAIS LTDA\JI Montadora - 02 Produção\01 Controle de Produção\01 - Projeto Cadastro\02 - B.O.M\11. PÇS BCO\06 - CJ CAPA COURVIN GRAFITE CARONA MC LB SPRINTER.xlsx
2026-06-25 13:31:34,410 INFO Importado B.O.M. C:\Users\PRODUCAO-2.0\J I MONTADORA DE VEICULOS ESPECIAIS LTDA\JI Montadora - 02 Produção\01 Controle de Produção\01 - Projeto Cadastro\02 - B.O.M\11. PÇS BCO\07 - CJ CAPA COURVIN GRAFITE MOTORISTA MC LB MASTER.xlsx
2026-06-25 13:31:34,571 INFO Importado B.O.M. C:\Users\PRODUCAO-2.0\J I MONTADORA DE VEICULOS ESPECIAIS LTDA\JI Montadora - 02 Produção\01 Controle de Produção\01 - Projeto Cadastro\02 - B.O.M\11. PÇS BCO\08 - CJ CAPA COURVIN GRAFITE CARONA MC LB MASTER.xlsx
2026-06-25 13:31:34,766 INFO Importado B.O.M. C:\Users\PRODUCAO-2.0\J I MONTADORA DE VEICULOS ESPECIAIS LTDA\JI Montadora - 02 Produção\01 Controle de Produção\01 - Projeto Cadastro\02 - B.O.M\11. PÇS BCO\09 - CJ CAPA COURVIN GRAFITE CABINE MC LB ESJ.xlsx
2026-06-25 13:31:34,984 INFO Importado B.O.M. C:\Users\PRODUCAO-2.0\J I MONTADORA DE VEICULOS ESPECIAIS LTDA\JI Montadora - 02 Produção\01 Controle de Produção\01 - Projeto Cadastro\02 - B.O.M\11. PÇS BCO\10 - CJ CAPA COURVIN GRAFITE CABINE MC LB TRANSIT.xlsx
2026-06-25 13:31:35,150 INFO Importado B.O.M. C:\Users\PRODUCAO-2.0\J I MONTADORA DE VEICULOS ESPECIAIS LTDA\JI Montadora - 02 Produção\01 Controle de Produção\01 - Projeto Cadastro\02 - B.O.M\11. PÇS BCO\11 - CJ CAPA COURVIN GRAFITE CABINE MC LB SPRINTER.xlsx
2026-06-25 13:31:35,323 INFO Importado B.O.M. C:\Users\PRODUCAO-2.0\J I MONTADORA DE VEICULOS ESPECIAIS LTDA\JI Montadora - 02 Produção\01 Controle de Produção\01 - Projeto Cadastro\02 - B.O.M\11. PÇS BCO\12 - CJ CAPA COURVIN GRAFITE CABINE MC LB MASTER.xlsx
2026-06-25 14:01:51,578 WARNING B.O.M. ignorada porque nao esta mais acessivel: C:\Users\PRODUCAO-2.0\J I MONTADORA DE VEICULOS ESPECIAIS LTDA\JI Montadora - 02 Produção\01 Controle de Produção\01 - Projeto Cadastro\02 - B.O.M\02. CATEGORIA ABS\41 - PP ABS PC C. MOLDURA CORTINA PVC ESJ C-CLASS TB LATERAL MOTORISTA LE 1º2º VAO CINZA RAL 7021 PU - TI.01.J04.xlsx
2026-06-25 14:47:03,620 WARNING B.O.M. ignorada porque nao esta mais acessivel: C:\Users\PRODUCAO-2.0\J I MONTADORA DE VEICULOS ESPECIAIS LTDA\JI Montadora - 02 Produção\01 Controle de Produção\01 - Projeto Cadastro\02 - B.O.M\02. CATEGORIA ABS\41 - PP ABS PC C. MOLDURA CORTINA PVC ESJ C-CLASS TB LATERAL MOTORISTA LE 1º2º VAO CINZA RAL 7021 PU - TI.01.J04.xlsx
2026-06-25 14:47:21,338 INFO Importado B.O.M. C:\Users\PRODUCAO-2.0\J I MONTADORA DE VEICULOS ESPECIAIS LTDA\JI Montadora - 02 Produção\01 Controle de Produção\01 - Projeto Cadastro\02 - B.O.M\00. OBSOLETO\Consolidado B.O.M\consolidacao_bom\BOM_Onde_Usa.xlsx
2026-06-25 14:47:21,428 INFO Importado B.O.M. C:\Users\PRODUCAO-2.0\J I MONTADORA DE VEICULOS ESPECIAIS LTDA\JI Montadora - 02 Produção\01 Controle de Produção\01 - Projeto Cadastro\02 - B.O.M\01. CATEGORIA VIDRO\01 - VIDROS - SELADO - CJ VIDROS SELADO MASTER L2H2 - VIDROFORTE.xlsx
2026-06-25 14:47:21,564 INFO Importado B.O.M. C:\Users\PRODUCAO-2.0\J I MONTADORA DE VEICULOS ESPECIAIS LTDA\JI Montadora - 02 Produção\01 Controle de Produção\01 - Projeto Cadastro\02 - B.O.M\01. CATEGORIA VIDRO\02 - VIDROS - SELADO - CJ VIDROS SELADO MASTER L3H2 - SELADO - VIDROFORTE.xlsx
2026-06-25 14:47:21,787 INFO Importado B.O.M. C:\Users\PRODUCAO-2.0\J I MONTADORA DE VEICULOS ESPECIAIS LTDA\JI Montadora - 02 Produção\01 Controle de Produção\01 - Projeto Cadastro\02 - B.O.M\01. CATEGORIA VIDRO\03 - VIDROS - SELADO - CJ VIDROS SELADO MASTER L1H1 - SELADO - VIDROFORTE.xlsx
2026-06-25 14:47:22,027 INFO Importado B.O.M. C:\Users\PRODUCAO-2.0\J I MONTADORA DE VEICULOS ESPECIAIS LTDA\JI Montadora - 02 Produção\01 Controle de Produção\01 - Projeto Cadastro\02 - B.O.M\01. CATEGORIA VIDRO\04 - VIDROS - SELADO - CJ VIDROS SELADO TRANSIT L3H3 - SELADO - VIDROFORTE.xlsx
2026-06-25 14:47:22,235 INFO Importado B.O.M. C:\Users\PRODUCAO-2.0\J I MONTADORA DE VEICULOS ESPECIAIS LTDA\JI Montadora - 02 Produção\01 Controle de Produção\01 - Projeto Cadastro\02 - B.O.M\01. CATEGORIA VIDRO\05 - VIDROS - SELADO - CJ VIDROS SELADO TRANSIT L2H3 - SELADO - VIDROFORTE.xlsx
2026-06-25 14:47:22,443 INFO Importado B.O.M. C:\Users\PRODUCAO-2.0\J I MONTADORA DE VEICULOS ESPECIAIS LTDA\JI Montadora - 02 Produção\01 Controle de Produção\01 - Projeto Cadastro\02 - B.O.M\01. CATEGORIA VIDRO\06 - VIDROS - SELADO - CJ VIDROS SELADO SPRINTER 10 M - SELADO - VIDROFORTE.xlsx
2026-06-25 14:47:23,496 INFO Importado B.O.M. C:\Users\PRODUCAO-2.0\J I MONTADORA DE VEICULOS ESPECIAIS LTDA\JI Montadora - 02 Produção\01 Controle de Produção\01 - Projeto Cadastro\02 - B.O.M\01. CATEGORIA VIDRO\07 - VIDROS - SELADO - CJ VIDROS SELADO SPRINTER 14 M - SELADO - VIDROFORTE.xlsx
2026-06-25 14:47:23,691 INFO Importado B.O.M. C:\Users\PRODUCAO-2.0\J I MONTADORA DE VEICULOS ESPECIAIS LTDA\JI Montadora - 02 Produção\01 Controle de Produção\01 - Projeto Cadastro\02 - B.O.M\01. CATEGORIA VIDRO\08 - VIDROS - SELADO - CJ VIDROS SELADO EXPERT JUMPY SCUDO - SELADO - VIDROFORTE.xlsx
2026-06-25 14:47:23,860 INFO Importado B.O.M. C:\Users\PRODUCAO-2.0\J I MONTADORA DE VEICULOS ESPECIAIS LTDA\JI Montadora - 02 Produção\01 Controle de Produção\01 - Projeto Cadastro\02 - B.O.M\01. CATEGORIA VIDRO\09 - VIDROS - SELADO - CJ VIDROS SELADO BOXER JUMPER DUCATO - SELADO - VIDROFORTE.xlsx
2026-06-25 14:47:24,025 INFO Importado B.O.M. C:\Users\PRODUCAO-2.0\J I MONTADORA DE VEICULOS ESPECIAIS LTDA\JI Montadora - 02 Produção\01 Controle de Produção\01 - Projeto Cadastro\02 - B.O.M\01. CATEGORIA VIDRO\10 - VIDROS - VISTA - CJ VIDROS VISTA MASTER L2H2 - VIDROFORTE.xlsx
2026-06-25 14:47:24,231 INFO Importado B.O.M. C:\Users\PRODUCAO-2.0\J I MONTADORA DE VEICULOS ESPECIAIS LTDA\JI Montadora - 02 Produção\01 Controle de Produção\01 - Projeto Cadastro\02 - B.O.M\01. CATEGORIA VIDRO\11 - VIDROS - VISTA - CJ VIDROS VISTA MASTER L3H2  - VIDROFORTE.xlsx
2026-06-25 14:47:24,401 INFO Importado B.O.M. C:\Users\PRODUCAO-2.0\J I MONTADORA DE VEICULOS ESPECIAIS LTDA\JI Montadora - 02 Produção\01 Controle de Produção\01 - Projeto Cadastro\02 - B.O.M\01. CATEGORIA VIDRO\12 - VIDROS - VISTA - CJ VIDROS VISTA MASTER L1H1  - VIDROFORTE.xlsx
2026-06-25 14:47:24,627 INFO Importado B.O.M. C:\Users\PRODUCAO-2.0\J I MONTADORA DE VEICULOS ESPECIAIS LTDA\JI Montadora - 02 Produção\01 Controle de Produção\01 - Projeto Cadastro\02 - B.O.M\01. CATEGORIA VIDRO\13 - VIDROS - VISTA - CJ VIDROS VISTA TRANSIT L3H3  - VIDROFORTE.xlsx
2026-06-25 14:47:24,836 INFO Importado B.O.M. C:\Users\PRODUCAO-2.0\J I MONTADORA DE VEICULOS ESPECIAIS LTDA\JI Montadora - 02 Produção\01 Controle de Produção\01 - Projeto Cadastro\02 - B.O.M\01. CATEGORIA VIDRO\14 - VIDROS - VISTA - CJ VIDROS VISTA TRANSIT L2H3  - VIDROFORTE.xlsx
2026-06-25 14:47:25,029 INFO Importado B.O.M. C:\Users\PRODUCAO-2.0\J I MONTADORA DE VEICULOS ESPECIAIS LTDA\JI Montadora - 02 Produção\01 Controle de Produção\01 - Projeto Cadastro\02 - B.O.M\01. CATEGORIA VIDRO\15 - VIDROS - VISTA - CJ VIDROS VISTA SPRINTER 10 M  - VIDROFORTE.xlsx
2026-06-25 14:47:25,235 INFO Importado B.O.M. C:\Users\PRODUCAO-2.0\J I MONTADORA DE VEICULOS ESPECIAIS LTDA\JI Montadora - 02 Produção\01 Controle de Produção\01 - Projeto Cadastro\02 - B.O.M\01. CATEGORIA VIDRO\16 - VIDROS - VISTA - CJ VIDROS VISTA SPRINTER 14 M  - VIDROFORTE.xlsx
2026-06-25 14:47:25,466 INFO Importado B.O.M. C:\Users\PRODUCAO-2.0\J I MONTADORA DE VEICULOS ESPECIAIS LTDA\JI Montadora - 02 Produção\01 Controle de Produção\01 - Projeto Cadastro\02 - B.O.M\01. CATEGORIA VIDRO\17 - VIDROS - VISTA - CJ VIDROS VISTA EXPERT JUMPY SCUDO - VIDROFORTE.xlsx
2026-06-25 14:47:25,697 INFO Importado B.O.M. C:\Users\PRODUCAO-2.0\J I MONTADORA DE VEICULOS ESPECIAIS LTDA\JI Montadora - 02 Produção\01 Controle de Produção\01 - Projeto Cadastro\02 - B.O.M\01. CATEGORIA VIDRO\18 - VIDROS - VISTA - CJ VIDROS VISTA BOXER JUMPER DUCATO - VIDROFORTE.xlsx
2026-06-25 14:47:25,894 INFO Importado B.O.M. C:\Users\PRODUCAO-2.0\J I MONTADORA DE VEICULOS ESPECIAIS LTDA\JI Montadora - 02 Produção\01 Controle de Produção\01 - Projeto Cadastro\02 - B.O.M\01. CATEGORIA VIDRO\19 - VIDROS - SELADO - CJ VIDROS SELADO MASTER L2H2 - VETROEX.xlsx
2026-06-25 14:47:26,137 INFO Importado B.O.M. C:\Users\PRODUCAO-2.0\J I MONTADORA DE VEICULOS ESPECIAIS LTDA\JI Montadora - 02 Produção\01 Controle de Produção\01 - Projeto Cadastro\02 - B.O.M\01. CATEGORIA VIDRO\20 - VIDROS - SELADO - CJ VIDROS SELADO MASTER L3H2 - SELADO - VETROEX.xlsx
2026-06-25 14:47:26,334 INFO Importado B.O.M. C:\Users\PRODUCAO-2.0\J I MONTADORA DE VEICULOS ESPECIAIS LTDA\JI Montadora - 02 Produção\01 Controle de Produção\01 - Projeto Cadastro\02 - B.O.M\01. CATEGORIA VIDRO\21 - VIDROS - SELADO - CJ VIDROS SELADO MASTER L1H1 - SELADO - VETROEX.xlsx
2026-06-25 14:47:26,535 INFO Importado B.O.M. C:\Users\PRODUCAO-2.0\J I MONTADORA DE VEICULOS ESPECIAIS LTDA\JI Montadora - 02 Produção\01 Controle de Produção\01 - Projeto Cadastro\02 - B.O.M\01. CATEGORIA VIDRO\22 - VIDROS - SELADO - CJ VIDROS SELADO TRANSIT L3H3 - SELADO - VETROEX.xlsx
2026-06-25 14:47:26,754 INFO Importado B.O.M. C:\Users\PRODUCAO-2.0\J I MONTADORA DE VEICULOS ESPECIAIS LTDA\JI Montadora - 02 Produção\01 Controle de Produção\01 - Projeto Cadastro\02 - B.O.M\01. CATEGORIA VIDRO\23 - VIDROS - SELADO - CJ VIDROS SELADO TRANSIT L2H3 - SELADO - VETROEX.xlsx
2026-06-25 14:47:26,978 INFO Importado B.O.M. C:\Users\PRODUCAO-2.0\J I MONTADORA DE VEICULOS ESPECIAIS LTDA\JI Montadora - 02 Produção\01 Controle de Produção\01 - Projeto Cadastro\02 - B.O.M\01. CATEGORIA VIDRO\24 - VIDROS - SELADO - CJ VIDROS SELADO SPRINTER 10 M - SELADO - VETROEX.xlsx
2026-06-25 14:47:27,192 INFO Importado B.O.M. C:\Users\PRODUCAO-2.0\J I MONTADORA DE VEICULOS ESPECIAIS LTDA\JI Montadora - 02 Produção\01 Controle de Produção\01 - Projeto Cadastro\02 - B.O.M\01. CATEGORIA VIDRO\25 - VIDROS - SELADO - CJ VIDROS SELADO SPRINTER 14 M - SELADO - VETROEX.xlsx
2026-06-25 14:47:27,397 INFO Importado B.O.M. C:\Users\PRODUCAO-2.0\J I MONTADORA DE VEICULOS ESPECIAIS LTDA\JI Montadora - 02 Produção\01 Controle de Produção\01 - Projeto Cadastro\02 - B.O.M\01. CATEGORIA VIDRO\26 - VIDROS - SELADO - CJ VIDROS SELADO EXPERT JUMPY SCUDO - SELADO - VETROEX.xlsx
2026-06-25 14:47:27,592 INFO Importado B.O.M. C:\Users\PRODUCAO-2.0\J I MONTADORA DE VEICULOS ESPECIAIS LTDA\JI Montadora - 02 Produção\01 Controle de Produção\01 - Projeto Cadastro\02 - B.O.M\01. CATEGORIA VIDRO\27- VIDROS - SELADO - CJ VIDROS SELADO BOXER JUMPER DUCATO - SELADO - VETROEX.xlsx
2026-06-25 14:47:27,829 INFO Importado B.O.M. C:\Users\PRODUCAO-2.0\J I MONTADORA DE VEICULOS ESPECIAIS LTDA\JI Montadora - 02 Produção\01 Controle de Produção\01 - Projeto Cadastro\02 - B.O.M\01. CATEGORIA VIDRO\28 - VIDROS - VISTA - CJ VIDROS VISTA 1º LDLE 2º LE EXPERT JUMPY SCUDO - STYLLUS.xlsx
2026-06-25 14:47:27,945 INFO Importado B.O.M. C:\Users\PRODUCAO-2.0\J I MONTADORA DE VEICULOS ESPECIAIS LTDA\JI Montadora - 02 Produção\01 Controle de Produção\01 - Projeto Cadastro\02 - B.O.M\01. TEMPLATE PADRÃO COMPOSIÇÃO.xlsx
2026-06-25 14:47:28,140 INFO Importado B.O.M. C:\Users\PRODUCAO-2.0\J I MONTADORA DE VEICULOS ESPECIAIS LTDA\JI Montadora - 02 Produção\01 Controle de Produção\01 - Projeto Cadastro\02 - B.O.M\02. CATEGORIA ABS\01 - ABS - CJ REVESTIMENTO ESSENCIAL RENAULT MASTER L2H2.xlsx
2026-06-25 14:47:28,375 INFO Importado B.O.M. C:\Users\PRODUCAO-2.0\J I MONTADORA DE VEICULOS ESPECIAIS LTDA\JI Montadora - 02 Produção\01 Controle de Produção\01 - Projeto Cadastro\02 - B.O.M\02. CATEGORIA ABS\02 - ABS - CJ REVESTIMENTO ESSENCIAL RENAULT MASTER L3H2.xlsx
2026-06-25 14:47:28,595 INFO Importado B.O.M. C:\Users\PRODUCAO-2.0\J I MONTADORA DE VEICULOS ESPECIAIS LTDA\JI Montadora - 02 Produção\01 Controle de Produção\01 - Projeto Cadastro\02 - B.O.M\02. CATEGORIA ABS\03 - ABS - CJ REVESTIMENTO B-J-D.xlsx
2026-06-25 14:47:28,718 INFO Importado B.O.M. C:\Users\PRODUCAO-2.0\J I MONTADORA DE VEICULOS ESPECIAIS LTDA\JI Montadora - 02 Produção\01 Controle de Produção\01 - Projeto Cadastro\02 - B.O.M\02. CATEGORIA ABS\04 - ABS - CJ REVESTIMENTO E-S-J.xlsx
2026-06-25 14:47:28,944 INFO Importado B.O.M. C:\Users\PRODUCAO-2.0\J I MONTADORA DE VEICULOS ESPECIAIS LTDA\JI Montadora - 02 Produção\01 Controle de Produção\01 - Projeto Cadastro\02 - B.O.M\02. CATEGORIA ABS\05 - ABS - CJ REVESTIMENTO IVECO 50-180.xlsx
2026-06-25 14:47:29,050 INFO Importado B.O.M. C:\Users\PRODUCAO-2.0\J I MONTADORA DE VEICULOS ESPECIAIS LTDA\JI Montadora - 02 Produção\01 Controle de Produção\01 - Projeto Cadastro\02 - B.O.M\02. CATEGORIA ABS\06 - ABS - CJ REVESTIMENTO PLUS SPRINTER 417 10,5 M³.xlsx
2026-06-25 14:47:29,147 INFO Importado B.O.M. C:\Users\PRODUCAO-2.0\J I MONTADORA DE VEICULOS ESPECIAIS LTDA\JI Montadora - 02 Produção\01 Controle de Produção\01 - Projeto Cadastro\02 - B.O.M\02. CATEGORIA ABS\07 - ABS - CJ REVESTIMENTO PLUS SPRINTER 417 14 M³.xlsx
2026-06-25 14:47:29,402 INFO Importado B.O.M. C:\Users\PRODUCAO-2.0\J I MONTADORA DE VEICULOS ESPECIAIS LTDA\JI Montadora - 02 Produção\01 Controle de Produção\01 - Projeto Cadastro\02 - B.O.M\02. CATEGORIA ABS\08 - ABS - CJ REVESTIMENTO PLUS SPRINTER 517 15 M³.xlsx
2026-06-25 14:47:29,593 INFO Importado B.O.M. C:\Users\PRODUCAO-2.0\J I MONTADORA DE VEICULOS ESPECIAIS LTDA\JI Montadora - 02 Produção\01 Controle de Produção\01 - Projeto Cadastro\02 - B.O.M\02. CATEGORIA ABS\09 - ABS - CJ REVESTIMENTO TRANSIT L4H3.xlsx
2026-06-25 14:47:29,804 INFO Importado B.O.M. C:\Users\PRODUCAO-2.0\J I MONTADORA DE VEICULOS ESPECIAIS LTDA\JI Montadora - 02 Produção\01 Controle de Produção\01 - Projeto Cadastro\02 - B.O.M\02. CATEGORIA ABS\10 - ABS - CJ REVESTIMENTO TRANSIT L3H3.xlsx
2026-06-25 14:47:29,987 INFO Importado B.O.M. C:\Users\PRODUCAO-2.0\J I MONTADORA DE VEICULOS ESPECIAIS LTDA\JI Montadora - 02 Produção\01 Controle de Produção\01 - Projeto Cadastro\02 - B.O.M\02. CATEGORIA ABS\11 - ABS - CJ DUTO AR CONDICIONADO ABS PC PLUS SPRINTER 10,5M³.xlsx
2026-06-25 14:47:30,164 INFO Importado B.O.M. C:\Users\PRODUCAO-2.0\J I MONTADORA DE VEICULOS ESPECIAIS LTDA\JI Montadora - 02 Produção\01 Controle de Produção\01 - Projeto Cadastro\02 - B.O.M\02. CATEGORIA ABS\12 - ABS - CJ DUTO AR CONDICIONADO ABS PC PLUS SPRINTER 1415M³.xlsx
2026-06-25 14:47:30,369 INFO Importado B.O.M. C:\Users\PRODUCAO-2.0\J I MONTADORA DE VEICULOS ESPECIAIS LTDA\JI Montadora - 02 Produção\01 Controle de Produção\01 - Projeto Cadastro\02 - B.O.M\02. CATEGORIA ABS\13 - ABS - CJ REVESTIMENTO PLUS SPRINTER 517 14 M³.xlsx
2026-06-25 14:47:30,572 INFO Importado B.O.M. C:\Users\PRODUCAO-2.0\J I MONTADORA DE VEICULOS ESPECIAIS LTDA\JI Montadora - 02 Produção\01 Controle de Produção\01 - Projeto Cadastro\02 - B.O.M\02. CATEGORIA ABS\14 - CJ CONSOLE AC TRANSIT L3H3 ACABAMENTO MADEIRA REVESTIDA.xlsx
2026-06-25 14:47:30,736 INFO Importado B.O.M. C:\Users\PRODUCAO-2.0\J I MONTADORA DE VEICULOS ESPECIAIS LTDA\JI Montadora - 02 Produção\01 Controle de Produção\01 - Projeto Cadastro\02 - B.O.M\02. CATEGORIA ABS\15 - ABS - CJ REVESTIMENTO PLUS RENAULT MASTER L2H2.xlsx
2026-06-25 14:47:30,884 INFO Importado B.O.M. C:\Users\PRODUCAO-2.0\J I MONTADORA DE VEICULOS ESPECIAIS LTDA\JI Montadora - 02 Produção\01 Controle de Produção\01 - Projeto Cadastro\02 - B.O.M\02. CATEGORIA ABS\16 - ABS - CJ REVESTIMENTO PLUS RENAULT MASTER L3H2.xlsx
2026-06-25 14:47:31,029 INFO Importado B.O.M. C:\Users\PRODUCAO-2.0\J I MONTADORA DE VEICULOS ESPECIAIS LTDA\JI Montadora - 02 Produção\01 Controle de Produção\01 - Projeto Cadastro\02 - B.O.M\02. CATEGORIA ABS\17 - ABS - CJ REVESTIMENTO IVECO 50-180.xlsx
2026-06-25 14:47:31,105 INFO Importado B.O.M. C:\Users\PRODUCAO-2.0\J I MONTADORA DE VEICULOS ESPECIAIS LTDA\JI Montadora - 02 Produção\01 Controle de Produção\01 - Projeto Cadastro\02 - B.O.M\02. CATEGORIA ABS\18 - ABS - CJ. ACABAMENTO ABS ARO JANELAS ESJ.xlsx
2026-06-25 14:47:31,261 INFO Importado B.O.M. C:\Users\PRODUCAO-2.0\J I MONTADORA DE VEICULOS ESPECIAIS LTDA\JI Montadora - 02 Produção\01 Controle de Produção\01 - Projeto Cadastro\02 - B.O.M\02. CATEGORIA ABS\19 - CJ ABS FORROS E-S-J PL-PTS.xlsx
2026-06-25 14:47:31,422 INFO Importado B.O.M. C:\Users\PRODUCAO-2.0\J I MONTADORA DE VEICULOS ESPECIAIS LTDA\JI Montadora - 02 Produção\01 Controle de Produção\01 - Projeto Cadastro\02 - B.O.M\02. CATEGORIA ABS\20 - PP ABS TETO FLOCADO PRETO PC E-S-J TB.xlsx
2026-06-25 14:47:31,592 INFO Importado B.O.M. C:\Users\PRODUCAO-2.0\J I MONTADORA DE VEICULOS ESPECIAIS LTDA\JI Montadora - 02 Produção\01 Controle de Produção\01 - Projeto Cadastro\02 - B.O.M\02. CATEGORIA ABS\21 - PP ALCA PQP CABINE ORIGINAL LD E-S-J.xlsx
2026-06-25 14:47:31,745 INFO Importado B.O.M. C:\Users\PRODUCAO-2.0\J I MONTADORA DE VEICULOS ESPECIAIS LTDA\JI Montadora - 02 Produção\01 Controle de Produção\01 - Projeto Cadastro\02 - B.O.M\02. CATEGORIA ABS\22 - PP COLUNA B ORIGINAL CINTO SEGURANCA LE E-S-J PRETO FOSCO VINÍLICA.xlsx
2026-06-25 14:47:31,887 INFO Importado B.O.M. C:\Users\PRODUCAO-2.0\J I MONTADORA DE VEICULOS ESPECIAIS LTDA\JI Montadora - 02 Produção\01 Controle de Produção\01 - Projeto Cadastro\02 - B.O.M\02. CATEGORIA ABS\23 - PP COLUNA B ORIGINAL CINTO SEGURANCA LD E-S-J PRETO FOSCO VINÍLICA.xlsx
2026-06-25 14:47:32,029 INFO Importado B.O.M. C:\Users\PRODUCAO-2.0\J I MONTADORA DE VEICULOS ESPECIAIS LTDA\JI Montadora - 02 Produção\01 Controle de Produção\01 - Projeto Cadastro\02 - B.O.M\02. CATEGORIA ABS\24 - PP COLUNA A ORIGINAL LE E-S-J PRETO FOSCO VINÍLICA.xlsx
2026-06-25 14:47:32,186 INFO Importado B.O.M. C:\Users\PRODUCAO-2.0\J I MONTADORA DE VEICULOS ESPECIAIS LTDA\JI Montadora - 02 Produção\01 Controle de Produção\01 - Projeto Cadastro\02 - B.O.M\02. CATEGORIA ABS\25 - PP COLUNA A ORIGINAL LD E-S-J PRETO FOSCO VINÍLICA.xlsx
2026-06-25 14:47:32,361 INFO Importado B.O.M. C:\Users\PRODUCAO-2.0\J I MONTADORA DE VEICULOS ESPECIAIS LTDA\JI Montadora - 02 Produção\01 Controle de Produção\01 - Projeto Cadastro\02 - B.O.M\02. CATEGORIA ABS\26 - PP TETO ORIGINAL CABINE E-S-J PRETO FOSCO VINÍLICA.xlsx
2026-06-25 14:47:32,514 INFO Importado B.O.M. C:\Users\PRODUCAO-2.0\J I MONTADORA DE VEICULOS ESPECIAIS LTDA\JI Montadora - 02 Produção\01 Controle de Produção\01 - Projeto Cadastro\02 - B.O.M\02. CATEGORIA ABS\27 - PP QUEBRA SOL ORIGINAL CABINE E-S-J LD PRETO FOSCO VINÍLICA.xlsx
2026-06-25 14:47:32,665 INFO Importado B.O.M. C:\Users\PRODUCAO-2.0\J I MONTADORA DE VEICULOS ESPECIAIS LTDA\JI Montadora - 02 Produção\01 Controle de Produção\01 - Projeto Cadastro\02 - B.O.M\02. CATEGORIA ABS\27 - PP QUEBRA SOL ORIGINAL CABINE E-S-J LE PRETO FOSCO VINÍLICA.xlsx
2026-06-25 14:47:32,813 INFO Importado B.O.M. C:\Users\PRODUCAO-2.0\J I MONTADORA DE VEICULOS ESPECIAIS LTDA\JI Montadora - 02 Produção\01 Controle de Produção\01 - Projeto Cadastro\02 - B.O.M\02. CATEGORIA ABS\28 - PP SUPORTE QUEBRA SOL ORIGINAL CABINE E-S-J PRETO FOSCO VINÍLICA.xlsx
2026-06-25 14:47:32,972 INFO Importado B.O.M. C:\Users\PRODUCAO-2.0\J I MONTADORA DE VEICULOS ESPECIAIS LTDA\JI Montadora - 02 Produção\01 Controle de Produção\01 - Projeto Cadastro\02 - B.O.M\02. CATEGORIA ABS\29 - PP ACABAMENTO PLASTICO ORIGINAL MICROFONE SOM E-S-J.xlsx
2026-06-25 14:47:33,134 INFO Importado B.O.M. C:\Users\PRODUCAO-2.0\J I MONTADORA DE VEICULOS ESPECIAIS LTDA\JI Montadora - 02 Produção\01 Controle de Produção\01 - Projeto Cadastro\02 - B.O.M\02. CATEGORIA ABS\30 - PP LUMINARIA CABINE ORIGINAL E-S-J PRETO FOSCO VINÍLICA.xlsx
2026-06-25 14:47:33,292 INFO Importado B.O.M. C:\Users\PRODUCAO-2.0\J I MONTADORA DE VEICULOS ESPECIAIS LTDA\JI Montadora - 02 Produção\01 Controle de Produção\01 - Projeto Cadastro\02 - B.O.M\02. CATEGORIA ABS\31 - CJ TETO E-S-J VELUDO PRETO SALAO-CABINE-COLUNAB- COLUNAA-ACESSORIOS ORICAB.xlsx
2026-06-25 14:47:33,368 INFO Importado B.O.M. C:\Users\PRODUCAO-2.0\J I MONTADORA DE VEICULOS ESPECIAIS LTDA\JI Montadora - 02 Produção\01 Controle de Produção\01 - Projeto Cadastro\02 - B.O.M\02. CATEGORIA ABS\32 - CJ REVESTIMENTO E-S-J TB C. TETO VELUDO PRETO.xlsx
2026-06-25 14:47:33,446 INFO Importado B.O.M. C:\Users\PRODUCAO-2.0\J I MONTADORA DE VEICULOS ESPECIAIS LTDA\JI Montadora - 02 Produção\01 Controle de Produção\01 - Projeto Cadastro\02 - B.O.M\02. CATEGORIA ABS\33 - ABS - CJ REVESTIMENTO TRANSIT L3H2 VITRE.xlsx
2026-06-25 14:47:33,626 INFO Importado B.O.M. C:\Users\PRODUCAO-2.0\J I MONTADORA DE VEICULOS ESPECIAIS LTDA\JI Montadora - 02 Produção\01 Controle de Produção\01 - Projeto Cadastro\02 - B.O.M\02. CATEGORIA ABS\34 - PP ABS PC ALETA AR PRETA E-S-J TB PILAR.xlsx
2026-06-25 14:47:33,825 INFO Importado B.O.M. C:\Users\PRODUCAO-2.0\J I MONTADORA DE VEICULOS ESPECIAIS LTDA\JI Montadora - 02 Produção\01 Controle de Produção\01 - Projeto Cadastro\02 - B.O.M\02. CATEGORIA ABS\35 - PP ARO JANELA PVC 1º VAO LE ESJ C-CLASS.xlsx
2026-06-25 14:47:34,043 INFO Importado B.O.M. C:\Users\PRODUCAO-2.0\J I MONTADORA DE VEICULOS ESPECIAIS LTDA\JI Montadora - 02 Produção\01 Controle de Produção\01 - Projeto Cadastro\02 - B.O.M\02. CATEGORIA ABS\36 - PP ARO JANELA PVC 2º VAO LE ESJ C-CLASS.xlsx
2026-06-25 14:47:34,250 INFO Importado B.O.M. C:\Users\PRODUCAO-2.0\J I MONTADORA DE VEICULOS ESPECIAIS LTDA\JI Montadora - 02 Produção\01 Controle de Produção\01 - Projeto Cadastro\02 - B.O.M\02. CATEGORIA ABS\37 - PP ARO JANELA PVC 2º VAO LD ESJ C-CLASS.xlsx
2026-06-25 14:47:34,428 INFO Importado B.O.M. C:\Users\PRODUCAO-2.0\J I MONTADORA DE VEICULOS ESPECIAIS LTDA\JI Montadora - 02 Produção\01 Controle de Produção\01 - Projeto Cadastro\02 - B.O.M\02. CATEGORIA ABS\38 - CJ ABS ACABAMENTO ARO JANELAS ESJ C. CORTINA VELUDO PRETA.xlsx
2026-06-25 14:47:34,610 INFO Importado B.O.M. C:\Users\PRODUCAO-2.0\J I MONTADORA DE VEICULOS ESPECIAIS LTDA\JI Montadora - 02 Produção\01 Controle de Produção\01 - Projeto Cadastro\02 - B.O.M\02. CATEGORIA ABS\39 - PP ABS PC C. MOLDURA CORTINA PVC ESJ C-CLASS TB LATERAL MOTORISTA LE 1º2º VAO.xlsx
2026-06-25 14:47:34,801 INFO Importado B.O.M. C:\Users\PRODUCAO-2.0\J I MONTADORA DE VEICULOS ESPECIAIS LTDA\JI Montadora - 02 Produção\01 Controle de Produção\01 - Projeto Cadastro\02 - B.O.M\02. CATEGORIA ABS\40 - PP ABS PC C. MOLDURA CORTINA PVC ESJ C-CLASS TB LATERAL PASSAGEIRO LD 2º VAO.xlsx
2026-06-25 14:47:34,985 INFO Importado B.O.M. C:\Users\PRODUCAO-2.0\J I MONTADORA DE VEICULOS ESPECIAIS LTDA\JI Montadora - 02 Produção\01 Controle de Produção\01 - Projeto Cadastro\02 - B.O.M\02. CATEGORIA ABS\41 - PP ABS PC C. MOLDURA CORTINA PVC ESJ C-CLASS TB LATERAL MOTORISTA LE 1º2º VAO CINZA RAL 7021 PU - TI.01.J04.xlsx
2026-06-25 14:47:35,180 INFO Importado B.O.M. C:\Users\PRODUCAO-2.0\J I MONTADORA DE VEICULOS ESPECIAIS LTDA\JI Montadora - 02 Produção\01 Controle de Produção\01 - Projeto Cadastro\02 - B.O.M\02. CATEGORIA ABS\42 - PP ABS PC C. MOL COR ESJ C-CLAS LAT LD 2º CINZA RAL 7021 PU - TI.01.J04.xlsx
2026-06-25 14:47:35,387 INFO Importado B.O.M. C:\Users\PRODUCAO-2.0\J I MONTADORA DE VEICULOS ESPECIAIS LTDA\JI Montadora - 02 Produção\01 Controle de Produção\01 - Projeto Cadastro\02 - B.O.M\02. CATEGORIA ABS\43 - PP ABS ESJ ACAB INF PL LD CINZA RAL 7021 PU - TI.01.J04.xlsx
2026-06-25 14:47:35,565 INFO Importado B.O.M. C:\Users\PRODUCAO-2.0\J I MONTADORA DE VEICULOS ESPECIAIS LTDA\JI Montadora - 02 Produção\01 Controle de Produção\01 - Projeto Cadastro\02 - B.O.M\02. CATEGORIA ABS\44 - PP ABS ESJ ACAB INF PT LE CINZA RAL 7021 PU - TI.01.J04.xlsx
2026-06-25 14:47:35,761 INFO Importado B.O.M. C:\Users\PRODUCAO-2.0\J I MONTADORA DE VEICULOS ESPECIAIS LTDA\JI Montadora - 02 Produção\01 Controle de Produção\01 - Projeto Cadastro\02 - B.O.M\02. CATEGORIA ABS\45 - PP ABS ESJ ACAB INF PT LD CINZA RAL 7021 PU - TI.01.J04.xlsx
2026-06-25 14:47:35,950 INFO Importado B.O.M. C:\Users\PRODUCAO-2.0\J I MONTADORA DE VEICULOS ESPECIAIS LTDA\JI Montadora - 02 Produção\01 Controle de Produção\01 - Projeto Cadastro\02 - B.O.M\02. CATEGORIA ABS\46 - PP ABS ESJ ACAB ARO PL LD CINZA RAL 7021 PU - TI.01.J04.xlsx
2026-06-25 14:47:36,135 INFO Importado B.O.M. C:\Users\PRODUCAO-2.0\J I MONTADORA DE VEICULOS ESPECIAIS LTDA\JI Montadora - 02 Produção\01 Controle de Produção\01 - Projeto Cadastro\02 - B.O.M\02. CATEGORIA ABS\47 - PP ABS ESJ ACAB ARO PT LE CINZA RAL 7021 PU - TI.01.J04.xlsx
2026-06-25 14:47:36,324 INFO Importado B.O.M. C:\Users\PRODUCAO-2.0\J I MONTADORA DE VEICULOS ESPECIAIS LTDA\JI Montadora - 02 Produção\01 Controle de Produção\01 - Projeto Cadastro\02 - B.O.M\02. CATEGORIA ABS\48 - PP ABS ESJ ACAB ARO PT LD CINZA RAL 7021 PU - TI.01.J04.xlsx
2026-06-25 14:47:36,410 INFO Importado B.O.M. C:\Users\PRODUCAO-2.0\J I MONTADORA DE VEICULOS ESPECIAIS LTDA\JI Montadora - 02 Produção\01 Controle de Produção\01 - Projeto Cadastro\02 - B.O.M\02. CATEGORIA ABS\49 - PP ABS ESJ ACAB COLUNA CINTO SEGURANCA LD CINZA RAL 7021 PU - TI.01.J04.xlsx
2026-06-25 14:47:36,485 INFO Importado B.O.M. C:\Users\PRODUCAO-2.0\J I MONTADORA DE VEICULOS ESPECIAIS LTDA\JI Montadora - 02 Produção\01 Controle de Produção\01 - Projeto Cadastro\02 - B.O.M\02. CATEGORIA ABS\50 - CJ REVES ESJ CINZA RAL C. MOLD. P. CORTINAS EMBUT E TETO C. VELUDO PRETO.xlsx
2026-06-25 14:47:36,570 INFO Importado B.O.M. C:\Users\PRODUCAO-2.0\J I MONTADORA DE VEICULOS ESPECIAIS LTDA\JI Montadora - 02 Produção\01 Controle de Produção\01 - Projeto Cadastro\02 - B.O.M\02. CATEGORIA ABS\51 - CJ ABS ACAB ARO JANELAS ESJ CINZA RAL 7021 PU - TI.01.J04 C. CORT VEL PRE.xlsx
2026-06-25 14:47:36,669 INFO Importado B.O.M. C:\Users\PRODUCAO-2.0\J I MONTADORA DE VEICULOS ESPECIAIS LTDA\JI Montadora - 02 Produção\01 Controle de Produção\01 - Projeto Cadastro\02 - B.O.M\02. CATEGORIA ABS\52 - CJ ABS ACAB ARO JAN ESJ CINZA RAL 7021 PU - TI.01.J04.xlsx
2026-06-25 14:47:36,870 INFO Importado B.O.M. C:\Users\PRODUCAO-2.0\J I MONTADORA DE VEICULOS ESPECIAIS LTDA\JI Montadora - 02 Produção\01 Controle de Produção\01 - Projeto Cadastro\02 - B.O.M\03. CATEGORIA ISOLAMENTO\01 - CJ ISOLAMENTO TERMICO P. MASTER L3H2 C. MANTA AUTOADESIVA ALUMINIZADA.xlsx
2026-06-25 14:47:37,074 INFO Importado B.O.M. C:\Users\PRODUCAO-2.0\J I MONTADORA DE VEICULOS ESPECIAIS LTDA\JI Montadora - 02 Produção\01 Controle de Produção\01 - Projeto Cadastro\02 - B.O.M\03. CATEGORIA ISOLAMENTO\02 - CJ ISOLAMENTO TERMICO P E-S-J TB C MANTA AUTOADESIVA ALUMINIZADA.xlsx
2026-06-25 14:47:37,296 INFO Importado B.O.M. C:\Users\PRODUCAO-2.0\J I MONTADORA DE VEICULOS ESPECIAIS LTDA\JI Montadora - 02 Produção\01 Controle de Produção\01 - Projeto Cadastro\02 - B.O.M\03. CATEGORIA ISOLAMENTO\03 - CJ ISOLAMENTO TERMICO P E-S-J TA C MANTA AUTOADESIVA ALUMINIZADA.xlsx
2026-06-25 14:47:37,510 INFO Importado B.O.M. C:\Users\PRODUCAO-2.0\J I MONTADORA DE VEICULOS ESPECIAIS LTDA\JI Montadora - 02 Produção\01 Controle de Produção\01 - Projeto Cadastro\02 - B.O.M\03. CATEGORIA ISOLAMENTO\04 - CJ ISOLAMENTO TERMICO P MASTER L2H2 C MANTA AUTOADESIVA ALUMINIZADA.xlsx
2026-06-25 14:47:37,699 INFO Importado B.O.M. C:\Users\PRODUCAO-2.0\J I MONTADORA DE VEICULOS ESPECIAIS LTDA\JI Montadora - 02 Produção\01 Controle de Produção\01 - Projeto Cadastro\02 - B.O.M\03. CATEGORIA ISOLAMENTO\05 - CJ ISOLAMENTO TERMICO P SPRINTER 417 10 M C MANTA AUTOADESIVA ALUMINIZADA.xlsx
2026-06-25 14:47:37,898 INFO Importado B.O.M. C:\Users\PRODUCAO-2.0\J I MONTADORA DE VEICULOS ESPECIAIS LTDA\JI Montadora - 02 Produção\01 Controle de Produção\01 - Projeto Cadastro\02 - B.O.M\03. CATEGORIA ISOLAMENTO\06 - CJ ISOLAMENTO TERMICO P SPRINTER 417 14 M C MANTA AUTOADESIVA ALUMINIZADA.xlsx
2026-06-25 14:47:38,068 INFO Importado B.O.M. C:\Users\PRODUCAO-2.0\J I MONTADORA DE VEICULOS ESPECIAIS LTDA\JI Montadora - 02 Produção\01 Controle de Produção\01 - Projeto Cadastro\02 - B.O.M\03. CATEGORIA ISOLAMENTO\07 - CJ ISOLAMENTO TERMICO P SPRINTER 517 15 M C MANTA AUTOADESIVA ALUMINIZADA.xlsx
2026-06-25 14:47:38,198 INFO Importado B.O.M. C:\Users\PRODUCAO-2.0\J I MONTADORA DE VEICULOS ESPECIAIS LTDA\JI Montadora - 02 Produção\01 Controle de Produção\01 - Projeto Cadastro\02 - B.O.M\03. CATEGORIA ISOLAMENTO\08 - CJ ISOLAMENTO TERMICO P B-J-D C MANTA AUTOADESIVA ALUMINIZADA.xlsx
2026-06-25 14:47:38,361 INFO Importado B.O.M. C:\Users\PRODUCAO-2.0\J I MONTADORA DE VEICULOS ESPECIAIS LTDA\JI Montadora - 02 Produção\01 Controle de Produção\01 - Projeto Cadastro\02 - B.O.M\03. CATEGORIA ISOLAMENTO\09 - CJ ISOLAMENTO TERMICO P TRANSIT L3H3 C MANTA AUTOADESIVA.xlsx
2026-06-25 14:47:38,548 INFO Importado B.O.M. C:\Users\PRODUCAO-2.0\J I MONTADORA DE VEICULOS ESPECIAIS LTDA\JI Montadora - 02 Produção\01 Controle de Produção\01 - Projeto Cadastro\02 - B.O.M\03. CATEGORIA ISOLAMENTO\10 - CJ ISOLAMENTO TERMICO P TRANSIT L4H3 C MANTA AUTOADESIVA.xlsx
2026-06-25 14:47:38,624 INFO Importado B.O.M. C:\Users\PRODUCAO-2.0\J I MONTADORA DE VEICULOS ESPECIAIS LTDA\JI Montadora - 02 Produção\01 Controle de Produção\01 - Projeto Cadastro\02 - B.O.M\04. CATEGORIA PISO\01 - CJ PISO CN 12 MM MASTER L3H2 LG BRIGHT GRAFITE 92402 - UNIVERSAL - R00.xlsx
2026-06-25 14:47:38,781 INFO Importado B.O.M. C:\Users\PRODUCAO-2.0\J I MONTADORA DE VEICULOS ESPECIAIS LTDA\JI Montadora - 02 Produção\01 Controle de Produção\01 - Projeto Cadastro\02 - B.O.M\04. CATEGORIA PISO\01.1 - PP PISO CN 12 MM MASTER L3H2 - UNIVERSAL - R00.xlsx
2026-06-25 14:47:38,948 INFO Importado B.O.M. C:\Users\PRODUCAO-2.0\J I MONTADORA DE VEICULOS ESPECIAIS LTDA\JI Montadora - 02 Produção\01 Controle de Produção\01 - Projeto Cadastro\02 - B.O.M\04. CATEGORIA PISO\02 - CJ CANTONEIRA PVC PRETA PORTAS LATERAL E TRASEIRA RENAULT MASTER L2H2-L3H2.xlsx
2026-06-25 14:47:39,024 INFO Importado B.O.M. C:\Users\PRODUCAO-2.0\J I MONTADORA DE VEICULOS ESPECIAIS LTDA\JI Montadora - 02 Produção\01 Controle de Produção\01 - Projeto Cadastro\02 - B.O.M\04. CATEGORIA PISO\02.1 - PP CANTONEIRA PVC PRETA PORTA LATERAL CORREDICA RENAULT MASTER L2H2-L3H2.xlsx
2026-06-25 14:47:39,169 INFO Importado B.O.M. C:\Users\PRODUCAO-2.0\J I MONTADORA DE VEICULOS ESPECIAIS LTDA\JI Montadora - 02 Produção\01 Controle de Produção\01 - Projeto Cadastro\02 - B.O.M\04. CATEGORIA PISO\02.2 - PP CANTONEIRA PVC PRETA PORTA TRASEIRA RENAULT MASTER L2H2-L3H2.xlsx
2026-06-25 14:47:39,268 INFO Importado B.O.M. C:\Users\PRODUCAO-2.0\J I MONTADORA DE VEICULOS ESPECIAIS LTDA\JI Montadora - 02 Produção\01 Controle de Produção\01 - Projeto Cadastro\02 - B.O.M\04. CATEGORIA PISO\03 - CJ PISO CN 12 MM MASTER L2H2 LG BRIGHT GRAFITE 92402 - UNIVERSAL - R00.xlsx
2026-06-25 14:47:39,474 INFO Importado B.O.M. C:\Users\PRODUCAO-2.0\J I MONTADORA DE VEICULOS ESPECIAIS LTDA\JI Montadora - 02 Produção\01 Controle de Produção\01 - Projeto Cadastro\02 - B.O.M\04. CATEGORIA PISO\03.1 - PP PISO CN 12 MM MASTER L2H2 - UNIVERSAL - R00 - 311-20.01-02.01-0001.xlsx
2026-06-25 14:47:39,579 INFO Importado B.O.M. C:\Users\PRODUCAO-2.0\J I MONTADORA DE VEICULOS ESPECIAIS LTDA\JI Montadora - 02 Produção\01 Controle de Produção\01 - Projeto Cadastro\02 - B.O.M\04. CATEGORIA PISO\04 - CJ ACABAMENTO TUBULAÇÃO AC RENAULT MASTER L3H2 VITRE LG BRIGHT GRAFITE 92402.xlsx
2026-06-25 14:47:39,661 INFO Importado B.O.M. C:\Users\PRODUCAO-2.0\J I MONTADORA DE VEICULOS ESPECIAIS LTDA\JI Montadora - 02 Produção\01 Controle de Produção\01 - Projeto Cadastro\02 - B.O.M\04. CATEGORIA PISO\04.1 - PP CAIXA COMPENSADO NAVAL P ACABAMENTO TUBULAÇÃO AC RENAULT MASTER.xlsx
2026-06-25 14:47:39,806 INFO Importado B.O.M. C:\Users\PRODUCAO-2.0\J I MONTADORA DE VEICULOS ESPECIAIS LTDA\JI Montadora - 02 Produção\01 Controle de Produção\01 - Projeto Cadastro\02 - B.O.M\04. CATEGORIA PISO\05 - CJ ACABAMENTO TUBULAÇÃO AC RENAULT MASTER L3H2 VITRE PASSADEIRA AMADEIRADA TARKETT.xlsx
2026-06-25 14:47:39,952 INFO Importado B.O.M. C:\Users\PRODUCAO-2.0\J I MONTADORA DE VEICULOS ESPECIAIS LTDA\JI Montadora - 02 Produção\01 Controle de Produção\01 - Projeto Cadastro\02 - B.O.M\04. CATEGORIA PISO\05.1 - PP CAIXA COMPENSADO NAVAL P ACAB TUBU AC REN MAS L3H2 VITRE.xlsx
2026-06-25 14:47:40,029 INFO Importado B.O.M. C:\Users\PRODUCAO-2.0\J I MONTADORA DE VEICULOS ESPECIAIS LTDA\JI Montadora - 02 Produção\01 Controle de Produção\01 - Projeto Cadastro\02 - B.O.M\04. CATEGORIA PISO\06 - CJ CANTONEIRA PVC PRETA PORTA TRASEIRA SPRINTER.xlsx
2026-06-25 14:47:40,214 INFO Importado B.O.M. C:\Users\PRODUCAO-2.0\J I MONTADORA DE VEICULOS ESPECIAIS LTDA\JI Montadora - 02 Produção\01 Controle de Produção\01 - Projeto Cadastro\02 - B.O.M\04. CATEGORIA PISO\06.1 - PP CANTONEIRA PVC PRETA PORTA TRASEIRA SPRINTER.xlsx
2026-06-25 14:47:40,305 INFO Importado B.O.M. C:\Users\PRODUCAO-2.0\J I MONTADORA DE VEICULOS ESPECIAIS LTDA\JI Montadora - 02 Produção\01 Controle de Produção\01 - Projeto Cadastro\02 - B.O.M\04. CATEGORIA PISO\07 - CJ CANTONEIRA PVC PRETA PORTAS (LATERAL E TRASEIRA) B-J-D.xlsx
2026-06-25 14:47:40,457 INFO Importado B.O.M. C:\Users\PRODUCAO-2.0\J I MONTADORA DE VEICULOS ESPECIAIS LTDA\JI Montadora - 02 Produção\01 Controle de Produção\01 - Projeto Cadastro\02 - B.O.M\04. CATEGORIA PISO\07.2 - PP CANTONEIRA PVC PRETA PORTA LATERAL CORREDICA B-J-D.xlsx
2026-06-25 14:47:40,536 INFO Importado B.O.M. C:\Users\PRODUCAO-2.0\J I MONTADORA DE VEICULOS ESPECIAIS LTDA\JI Montadora - 02 Produção\01 Controle de Produção\01 - Projeto Cadastro\02 - B.O.M\04. CATEGORIA PISO\07.3 - PP CANTONEIRA PVC PRETA PORTA TRASEIRA RENAULT B-J-D.xlsx
2026-06-25 14:47:40,624 INFO Importado B.O.M. C:\Users\PRODUCAO-2.0\J I MONTADORA DE VEICULOS ESPECIAIS LTDA\JI Montadora - 02 Produção\01 Controle de Produção\01 - Projeto Cadastro\02 - B.O.M\04. CATEGORIA PISO\08 - CJ ASSOALHO DEGRAU ENTRADA COMPENSADO NAVAL 12 MM LG BRIGHT GRAFITE 92402.xlsx
2026-06-25 14:47:40,699 INFO Importado B.O.M. C:\Users\PRODUCAO-2.0\J I MONTADORA DE VEICULOS ESPECIAIS LTDA\JI Montadora - 02 Produção\01 Controle de Produção\01 - Projeto Cadastro\02 - B.O.M\04. CATEGORIA PISO\08.1 - PP ASSOALHO DEGRAU ENTRADA TRANSIT COMPENSADO NAVAL 12 MM.xlsx
2026-06-25 14:47:40,837 INFO Importado B.O.M. C:\Users\PRODUCAO-2.0\J I MONTADORA DE VEICULOS ESPECIAIS LTDA\JI Montadora - 02 Produção\01 Controle de Produção\01 - Projeto Cadastro\02 - B.O.M\04. CATEGORIA PISO\09 - CJ ASSOALHO DEGRAU ENTRADA TRANSIT COMPENSADO NAVAL 12 MM PASSADEIRA AMADEIRADA.xlsx
2026-06-25 14:47:40,923 INFO Importado B.O.M. C:\Users\PRODUCAO-2.0\J I MONTADORA DE VEICULOS ESPECIAIS LTDA\JI Montadora - 02 Produção\01 Controle de Produção\01 - Projeto Cadastro\02 - B.O.M\04. CATEGORIA PISO\10 - CJ PISO CN 12 MM MASTER L2H2 PASSADEIRA AMADEIRADA TARKETT DB-UNIVERSAL- R00.xlsx
2026-06-25 14:47:41,094 INFO Importado B.O.M. C:\Users\PRODUCAO-2.0\J I MONTADORA DE VEICULOS ESPECIAIS LTDA\JI Montadora - 02 Produção\01 Controle de Produção\01 - Projeto Cadastro\02 - B.O.M\04. CATEGORIA PISO\11 - CJ PISO CN 12 MM MASTER L3H2 PASSADEIRA AMADEIRADA TARKETT DARK BROWN - UNIVERSAL.xlsx
2026-06-25 14:47:41,186 INFO Importado B.O.M. C:\Users\PRODUCAO-2.0\J I MONTADORA DE VEICULOS ESPECIAIS LTDA\JI Montadora - 02 Produção\01 Controle de Produção\01 - Projeto Cadastro\02 - B.O.M\04. CATEGORIA PISO\12 - CJ PISO CN 12 MM SPRINTER 417 10,5 FG LG BRIGHTGRAFITE92402-UNIVERSAL-R00.xlsx
2026-06-25 14:47:41,269 INFO Importado B.O.M. C:\Users\PRODUCAO-2.0\J I MONTADORA DE VEICULOS ESPECIAIS LTDA\JI Montadora - 02 Produção\01 Controle de Produção\01 - Projeto Cadastro\02 - B.O.M\04. CATEGORIA PISO\12.1 - PP PISO CN 12 MM SPRINTER 417 10,5 FG - UNIVERSAL - R00.xlsx
2026-06-25 14:47:41,344 INFO Importado B.O.M. C:\Users\PRODUCAO-2.0\J I MONTADORA DE VEICULOS ESPECIAIS LTDA\JI Montadora - 02 Produção\01 Controle de Produção\01 - Projeto Cadastro\02 - B.O.M\04. CATEGORIA PISO\13 - CJ PISO CN 12 MM SPRINTER 417 10,5 VITRE LG BRIGHT GRAFITE 92402-UNIVERSAL-R00.xlsx
2026-06-25 14:47:41,496 INFO Importado B.O.M. C:\Users\PRODUCAO-2.0\J I MONTADORA DE VEICULOS ESPECIAIS LTDA\JI Montadora - 02 Produção\01 Controle de Produção\01 - Projeto Cadastro\02 - B.O.M\04. CATEGORIA PISO\13.1 - PP PISO CN 12 MM SPRINTER 417 10,5 VITRE - UNIVERSAL - R00.xlsx
2026-06-25 14:47:41,577 INFO Importado B.O.M. C:\Users\PRODUCAO-2.0\J I MONTADORA DE VEICULOS ESPECIAIS LTDA\JI Montadora - 02 Produção\01 Controle de Produção\01 - Projeto Cadastro\02 - B.O.M\04. CATEGORIA PISO\14 - CJ PISO CN 12 MM SPRINTER 417 10,5 PASSADEIRA AMADEIRADATARKETTDARKBROWN.xlsx
2026-06-25 14:47:41,656 INFO Importado B.O.M. C:\Users\PRODUCAO-2.0\J I MONTADORA DE VEICULOS ESPECIAIS LTDA\JI Montadora - 02 Produção\01 Controle de Produção\01 - Projeto Cadastro\02 - B.O.M\04. CATEGORIA PISO\15 - CJ PISO CN 12 MM SPRINTER 417 10,5 VITRE PASSADEIRA AMADEIRADA TARKETT DARK BROWN.xlsx
2026-06-25 14:47:41,756 INFO Importado B.O.M. C:\Users\PRODUCAO-2.0\J I MONTADORA DE VEICULOS ESPECIAIS LTDA\JI Montadora - 02 Produção\01 Controle de Produção\01 - Projeto Cadastro\02 - B.O.M\04. CATEGORIA PISO\16 - CJ PISO CN 12 MM SPRINTER 417 14 FG LG BRIGHT GRAFITE 92402 - UNIVERSAL - R00.xlsx
2026-06-25 14:47:41,957 INFO Importado B.O.M. C:\Users\PRODUCAO-2.0\J I MONTADORA DE VEICULOS ESPECIAIS LTDA\JI Montadora - 02 Produção\01 Controle de Produção\01 - Projeto Cadastro\02 - B.O.M\04. CATEGORIA PISO\16.1 - PP PISO CN 12 MM SPRINTER 417 14 FG - UNIVERSAL - R00.xlsx
2026-06-25 14:47:42,114 INFO Importado B.O.M. C:\Users\PRODUCAO-2.0\J I MONTADORA DE VEICULOS ESPECIAIS LTDA\JI Montadora - 02 Produção\01 Controle de Produção\01 - Projeto Cadastro\02 - B.O.M\04. CATEGORIA PISO\17 - CJ PISO CN 12 MM SPRINTER 417 14 VITRE LG BRIGHT GRAFITE 92402 - UNIV - R00.xlsx
2026-06-25 14:47:42,259 INFO Importado B.O.M. C:\Users\PRODUCAO-2.0\J I MONTADORA DE VEICULOS ESPECIAIS LTDA\JI Montadora - 02 Produção\01 Controle de Produção\01 - Projeto Cadastro\02 - B.O.M\04. CATEGORIA PISO\17.1 - PP PISO CN 12 MM SPRINTER 417 14 VITRE - UNIVERSAL - R00.xlsx
2026-06-25 14:47:42,404 INFO Importado B.O.M. C:\Users\PRODUCAO-2.0\J I MONTADORA DE VEICULOS ESPECIAIS LTDA\JI Montadora - 02 Produção\01 Controle de Produção\01 - Projeto Cadastro\02 - B.O.M\04. CATEGORIA PISO\18 - CJ PISO CN 12 MM SPRINTER 417 14 FG PASSADEIRA AMADEIRADA TARKETT DARK.xlsx
2026-06-25 14:47:42,479 INFO Importado B.O.M. C:\Users\PRODUCAO-2.0\J I MONTADORA DE VEICULOS ESPECIAIS LTDA\JI Montadora - 02 Produção\01 Controle de Produção\01 - Projeto Cadastro\02 - B.O.M\04. CATEGORIA PISO\19 - CJ PISO CN 12 MM SPRINTER 417 14 VITRE PASSADEIRA AMADEIRADA TARKETT DARK.xlsx
2026-06-25 14:47:42,569 INFO Importado B.O.M. C:\Users\PRODUCAO-2.0\J I MONTADORA DE VEICULOS ESPECIAIS LTDA\JI Montadora - 02 Produção\01 Controle de Produção\01 - Projeto Cadastro\02 - B.O.M\04. CATEGORIA PISO\20 - CJ PISO CN 12 MM SPRINTER 517 14 FG LG BRIGHT GRAFITE 92402 - UNIVERSAL - R00.xlsx
2026-06-25 14:47:42,768 INFO Importado B.O.M. C:\Users\PRODUCAO-2.0\J I MONTADORA DE VEICULOS ESPECIAIS LTDA\JI Montadora - 02 Produção\01 Controle de Produção\01 - Projeto Cadastro\02 - B.O.M\04. CATEGORIA PISO\20.1 - PP PISO CN 12 MM SPRINTER 517 14 FG - UNIVERSAL - R00.xlsx
2026-06-25 14:47:42,867 INFO Importado B.O.M. C:\Users\PRODUCAO-2.0\J I MONTADORA DE VEICULOS ESPECIAIS LTDA\JI Montadora - 02 Produção\01 Controle de Produção\01 - Projeto Cadastro\02 - B.O.M\04. CATEGORIA PISO\21 - CJ PISO CN 12 MM SPRINTER 517 14 VITRE LG BRIGHT GRAFITE 92402 - UNIV - R00.xlsx
2026-06-25 14:47:43,015 INFO Importado B.O.M. C:\Users\PRODUCAO-2.0\J I MONTADORA DE VEICULOS ESPECIAIS LTDA\JI Montadora - 02 Produção\01 Controle de Produção\01 - Projeto Cadastro\02 - B.O.M\04. CATEGORIA PISO\21.1 - PP PISO CN 12 MM SPRINTER 517 14 VITRE - UNIVERSAL - R00.xlsx
2026-06-25 14:47:43,091 INFO Importado B.O.M. C:\Users\PRODUCAO-2.0\J I MONTADORA DE VEICULOS ESPECIAIS LTDA\JI Montadora - 02 Produção\01 Controle de Produção\01 - Projeto Cadastro\02 - B.O.M\04. CATEGORIA PISO\22 - CJ PISO CN 12 MM SPRINTER 517 14 FG PASSADEIRA AMADEIRADA TAR DARK-UNIVER00.xlsx
2026-06-25 14:47:43,168 INFO Importado B.O.M. C:\Users\PRODUCAO-2.0\J I MONTADORA DE VEICULOS ESPECIAIS LTDA\JI Montadora - 02 Produção\01 Controle de Produção\01 - Projeto Cadastro\02 - B.O.M\04. CATEGORIA PISO\23 - CJ PISO CN 12 MM SPRINTER 517 14 VITRE PASSADEIRA AMADEIRADA TARDARK-UNIVER00.xlsx
2026-06-25 14:47:43,244 INFO Importado B.O.M. C:\Users\PRODUCAO-2.0\J I MONTADORA DE VEICULOS ESPECIAIS LTDA\JI Montadora - 02 Produção\01 Controle de Produção\01 - Projeto Cadastro\02 - B.O.M\04. CATEGORIA PISO\24 - CJ PISO CN 12 MM SPRINTER 517 15 FG LG BRIGHT GRAFITE 92402 - UNIVERSAL - R00.xlsx
2026-06-25 14:47:43,320 INFO Importado B.O.M. C:\Users\PRODUCAO-2.0\J I MONTADORA DE VEICULOS ESPECIAIS LTDA\JI Montadora - 02 Produção\01 Controle de Produção\01 - Projeto Cadastro\02 - B.O.M\04. CATEGORIA PISO\24.1 - PP PISO CN 12 MM SPRINTER 517 15 FG - UNIVERSAL - R00.xlsx
2026-06-25 14:47:43,411 INFO Importado B.O.M. C:\Users\PRODUCAO-2.0\J I MONTADORA DE VEICULOS ESPECIAIS LTDA\JI Montadora - 02 Produção\01 Controle de Produção\01 - Projeto Cadastro\02 - B.O.M\04. CATEGORIA PISO\25 - CJ PISO CN 12 MM SPRINTER 517 15 VITRE LG BRIGHT GRAFITE 92402 - UNIVE-R00.xlsx
2026-06-25 14:47:43,589 INFO Importado B.O.M. C:\Users\PRODUCAO-2.0\J I MONTADORA DE VEICULOS ESPECIAIS LTDA\JI Montadora - 02 Produção\01 Controle de Produção\01 - Projeto Cadastro\02 - B.O.M\04. CATEGORIA PISO\25.1 - PP PISO CN 12 MM SPRINTER 517 15 VITRE - UNIVERSAL - R00.xlsx
2026-06-25 14:47:43,682 INFO Importado B.O.M. C:\Users\PRODUCAO-2.0\J I MONTADORA DE VEICULOS ESPECIAIS LTDA\JI Montadora - 02 Produção\01 Controle de Produção\01 - Projeto Cadastro\02 - B.O.M\04. CATEGORIA PISO\26 - CJ PISO CN 12 MM SPRINTER 517 15 FG AMA TARKETT DARK BROWN - UNIVERSAL - R00.xlsx
2026-06-25 14:47:43,772 INFO Importado B.O.M. C:\Users\PRODUCAO-2.0\J I MONTADORA DE VEICULOS ESPECIAIS LTDA\JI Montadora - 02 Produção\01 Controle de Produção\01 - Projeto Cadastro\02 - B.O.M\04. CATEGORIA PISO\27 - CJ PISO CN 12 MM SPRINTER 517 15 VITRE AMA TARKETT DA BR - UNIVERSAL - R00.xlsx
2026-06-25 14:47:43,855 INFO Importado B.O.M. C:\Users\PRODUCAO-2.0\J I MONTADORA DE VEICULOS ESPECIAIS LTDA\JI Montadora - 02 Produção\01 Controle de Produção\01 - Projeto Cadastro\02 - B.O.M\04. CATEGORIA PISO\28 - CJ PISO CN 12 MM E-S-J TB LG BRIGHT GRAFITE 92402 - UNIVERSAL - R00.xlsx
2026-06-25 14:47:44,010 INFO Importado B.O.M. C:\Users\PRODUCAO-2.0\J I MONTADORA DE VEICULOS ESPECIAIS LTDA\JI Montadora - 02 Produção\01 Controle de Produção\01 - Projeto Cadastro\02 - B.O.M\04. CATEGORIA PISO\28.1 - PP PISO CN 12 MM E-S-J TB - UNIVERSAL - R00.xlsx
2026-06-25 14:47:44,100 INFO Importado B.O.M. C:\Users\PRODUCAO-2.0\J I MONTADORA DE VEICULOS ESPECIAIS LTDA\JI Montadora - 02 Produção\01 Controle de Produção\01 - Projeto Cadastro\02 - B.O.M\04. CATEGORIA PISO\29 - CJ PISO CN 12 MM E-S-J TA LG BRIGHT GRAFITE 92402 - UNIVERSAL - R00.xlsx
2026-06-25 14:47:44,268 INFO Importado B.O.M. C:\Users\PRODUCAO-2.0\J I MONTADORA DE VEICULOS ESPECIAIS LTDA\JI Montadora - 02 Produção\01 Controle de Produção\01 - Projeto Cadastro\02 - B.O.M\04. CATEGORIA PISO\29.1 - PP PISO CN 12 MM E-S-J TA - UNIVERSAL - R00.xlsx
2026-06-25 14:47:44,362 INFO Importado B.O.M. C:\Users\PRODUCAO-2.0\J I MONTADORA DE VEICULOS ESPECIAIS LTDA\JI Montadora - 02 Produção\01 Controle de Produção\01 - Projeto Cadastro\02 - B.O.M\04. CATEGORIA PISO\30 - CJ PISO CN 12 MM E-S-J TB AMADEIRADA TARKETT DARK BROWN - UNIVERSAL - R00.xlsx
2026-06-25 14:47:44,546 INFO Importado B.O.M. C:\Users\PRODUCAO-2.0\J I MONTADORA DE VEICULOS ESPECIAIS LTDA\JI Montadora - 02 Produção\01 Controle de Produção\01 - Projeto Cadastro\02 - B.O.M\04. CATEGORIA PISO\31 - CJ PISO CN 12 MM E-S-J TA PASSADEIRA AMADEIRADA TARKETT DARK BROWN - UNIVERSAL.xlsx
2026-06-25 14:47:44,627 INFO Importado B.O.M. C:\Users\PRODUCAO-2.0\J I MONTADORA DE VEICULOS ESPECIAIS LTDA\JI Montadora - 02 Produção\01 Controle de Produção\01 - Projeto Cadastro\02 - B.O.M\04. CATEGORIA PISO\32 - CJ PISO CN 12 MM B-J-D FG LG BRIGHT GRAFITE 92402 - UNIVERSAL - R00.xlsx
2026-06-25 14:47:44,771 INFO Importado B.O.M. C:\Users\PRODUCAO-2.0\J I MONTADORA DE VEICULOS ESPECIAIS LTDA\JI Montadora - 02 Produção\01 Controle de Produção\01 - Projeto Cadastro\02 - B.O.M\04. CATEGORIA PISO\32.1 - PP PISO CN 12 MM B-J-D FG - UNIVERSAL - R00.xlsx
2026-06-25 14:47:44,847 INFO Importado B.O.M. C:\Users\PRODUCAO-2.0\J I MONTADORA DE VEICULOS ESPECIAIS LTDA\JI Montadora - 02 Produção\01 Controle de Produção\01 - Projeto Cadastro\02 - B.O.M\04. CATEGORIA PISO\33 - CJ PISO CN 12 MM B-J-D VITRE LG BRIGHT GRAFITE 92402 - UNIVERSAL - R00.xlsx
2026-06-25 14:47:45,009 INFO Importado B.O.M. C:\Users\PRODUCAO-2.0\J I MONTADORA DE VEICULOS ESPECIAIS LTDA\JI Montadora - 02 Produção\01 Controle de Produção\01 - Projeto Cadastro\02 - B.O.M\04. CATEGORIA PISO\33.1 - PP PISO CN 12 MM B-J-D VITRE - UNIVERSAL - R00.xlsx
2026-06-25 14:47:45,120 INFO Importado B.O.M. C:\Users\PRODUCAO-2.0\J I MONTADORA DE VEICULOS ESPECIAIS LTDA\JI Montadora - 02 Produção\01 Controle de Produção\01 - Projeto Cadastro\02 - B.O.M\04. CATEGORIA PISO\34 - CJ PISO CN 12 MM B-J-D FG AMADE TARKETT DARK BROWN - UNIVER00.xlsx
2026-06-25 14:47:45,312 INFO Importado B.O.M. C:\Users\PRODUCAO-2.0\J I MONTADORA DE VEICULOS ESPECIAIS LTDA\JI Montadora - 02 Produção\01 Controle de Produção\01 - Projeto Cadastro\02 - B.O.M\04. CATEGORIA PISO\35 - CJ PISO CN 12 MM B-J-D VITRE PASSADEIRA AMADEIRADA TARKETT DARK BROWN - UNIVERSAL.xlsx
2026-06-25 14:47:45,393 INFO Importado B.O.M. C:\Users\PRODUCAO-2.0\J I MONTADORA DE VEICULOS ESPECIAIS LTDA\JI Montadora - 02 Produção\01 Controle de Produção\01 - Projeto Cadastro\02 - B.O.M\04. CATEGORIA PISO\36 - CJ PISO CN 12 MM TRANSIT L3H2 VITRE LG BRIGHT GRAFITE 92402 - UNIVERSAL.xlsx
2026-06-25 14:47:45,541 INFO Importado B.O.M. C:\Users\PRODUCAO-2.0\J I MONTADORA DE VEICULOS ESPECIAIS LTDA\JI Montadora - 02 Produção\01 Controle de Produção\01 - Projeto Cadastro\02 - B.O.M\04. CATEGORIA PISO\36.1 - PP PISO CN 12 MM TRANSIT L3H2 VITRE - UNIVERSAL - R00.xlsx
2026-06-25 14:47:45,617 INFO Importado B.O.M. C:\Users\PRODUCAO-2.0\J I MONTADORA DE VEICULOS ESPECIAIS LTDA\JI Montadora - 02 Produção\01 Controle de Produção\01 - Projeto Cadastro\02 - B.O.M\04. CATEGORIA PISO\37 - CJ PISO CN 12 MM TRANSIT L3H2 VITRE AMAD TARKETT DARK BROWN - UNIVR00.xlsx
2026-06-25 14:47:45,696 INFO Importado B.O.M. C:\Users\PRODUCAO-2.0\J I MONTADORA DE VEICULOS ESPECIAIS LTDA\JI Montadora - 02 Produção\01 Controle de Produção\01 - Projeto Cadastro\02 - B.O.M\04. CATEGORIA PISO\38 - CJ PISO CN 12 MM TRANSIT L4H3 VITRE LG BRIGHT GRAFITE 92402 - UNIVERSAL - R00.xlsx
2026-06-25 14:47:45,847 INFO Importado B.O.M. C:\Users\PRODUCAO-2.0\J I MONTADORA DE VEICULOS ESPECIAIS LTDA\JI Montadora - 02 Produção\01 Controle de Produção\01 - Projeto Cadastro\02 - B.O.M\04. CATEGORIA PISO\38.1 - PP PISO CN 12 MM TRANSIT L4H3 VITRE - UNIVERSAL - R00.xlsx
2026-06-25 14:47:45,927 INFO Importado B.O.M. C:\Users\PRODUCAO-2.0\J I MONTADORA DE VEICULOS ESPECIAIS LTDA\JI Montadora - 02 Produção\01 Controle de Produção\01 - Projeto Cadastro\02 - B.O.M\04. CATEGORIA PISO\39 - CJ PISO CN 12 MM TRANSIT L4H3 VITRE AMAD TARKETT DARK BROWN - UNIVR00.xlsx
2026-06-25 14:47:46,017 INFO Importado B.O.M. C:\Users\PRODUCAO-2.0\J I MONTADORA DE VEICULOS ESPECIAIS LTDA\JI Montadora - 02 Produção\01 Controle de Produção\01 - Projeto Cadastro\02 - B.O.M\04. CATEGORIA PISO\40 - CJ PISO CN 12 MM TRANSIT L3H3 LG BRIGHT GRAFITE 92402 - UNIVERSAL - R00.xlsx
2026-06-25 14:47:46,106 INFO Importado B.O.M. C:\Users\PRODUCAO-2.0\J I MONTADORA DE VEICULOS ESPECIAIS LTDA\JI Montadora - 02 Produção\01 Controle de Produção\01 - Projeto Cadastro\02 - B.O.M\04. CATEGORIA PISO\40.1 - PP PISO CN 12 MM TRANSIT L3H3 - UNIVERSAL - R00.xlsx
2026-06-25 14:47:46,267 INFO Importado B.O.M. C:\Users\PRODUCAO-2.0\J I MONTADORA DE VEICULOS ESPECIAIS LTDA\JI Montadora - 02 Produção\01 Controle de Produção\01 - Projeto Cadastro\02 - B.O.M\04. CATEGORIA PISO\41 - CJ PISO CN 12 MM TRANSIT L3H3 PASSADEIRA AMADEIRADA TARKETT DARK BROWN - UNIVERSAL.xlsx
2026-06-25 14:47:46,352 INFO Importado B.O.M. C:\Users\PRODUCAO-2.0\J I MONTADORA DE VEICULOS ESPECIAIS LTDA\JI Montadora - 02 Produção\01 Controle de Produção\01 - Projeto Cadastro\02 - B.O.M\04. CATEGORIA PISO\42 - PP NIVELADOR DE PISO.xlsx
2026-06-25 14:47:46,429 INFO Importado B.O.M. C:\Users\PRODUCAO-2.0\J I MONTADORA DE VEICULOS ESPECIAIS LTDA\JI Montadora - 02 Produção\01 Controle de Produção\01 - Projeto Cadastro\02 - B.O.M\04. CATEGORIA PISO\43 - PP ASSOALHO COMPENSADO NAVAL 700X60.xlsx
2026-06-25 14:47:46,506 INFO Importado B.O.M. C:\Users\PRODUCAO-2.0\J I MONTADORA DE VEICULOS ESPECIAIS LTDA\JI Montadora - 02 Produção\01 Controle de Produção\01 - Projeto Cadastro\02 - B.O.M\04. CATEGORIA PISO\44 - PP ASSOALHO COMPENSADO NAVAL 700X100.xlsx
2026-06-25 14:47:46,583 INFO Importado B.O.M. C:\Users\PRODUCAO-2.0\J I MONTADORA DE VEICULOS ESPECIAIS LTDA\JI Montadora - 02 Produção\01 Controle de Produção\01 - Projeto Cadastro\02 - B.O.M\04. CATEGORIA PISO\45 - CJ APOIO LATERAL PISO.xlsx
2026-06-25 14:47:46,730 INFO Importado B.O.M. C:\Users\PRODUCAO-2.0\J I MONTADORA DE VEICULOS ESPECIAIS LTDA\JI Montadora - 02 Produção\01 Controle de Produção\01 - Projeto Cadastro\02 - B.O.M\04. CATEGORIA PISO\46 - PP SOLEIRA PORTA MALA EXPERT LB 11L ESJ.xlsx
2026-06-25 14:47:46,915 INFO Importado B.O.M. C:\Users\PRODUCAO-2.0\J I MONTADORA DE VEICULOS ESPECIAIS LTDA\JI Montadora - 02 Produção\01 Controle de Produção\01 - Projeto Cadastro\02 - B.O.M\04. CATEGORIA PISO\47 - CJ SOLEIRA PORTA MALA EXPERT LB 11L ESJ LG.xlsx
2026-06-25 14:47:47,106 INFO Importado B.O.M. C:\Users\PRODUCAO-2.0\J I MONTADORA DE VEICULOS ESPECIAIS LTDA\JI Montadora - 02 Produção\01 Controle de Produção\01 - Projeto Cadastro\02 - B.O.M\04. CATEGORIA PISO\48 - PP CANTONEIRA PVC PRETA PORTA TRASEIRA ESJ.xlsx
2026-06-25 14:47:47,286 INFO Importado B.O.M. C:\Users\PRODUCAO-2.0\J I MONTADORA DE VEICULOS ESPECIAIS LTDA\JI Montadora - 02 Produção\01 Controle de Produção\01 - Projeto Cadastro\02 - B.O.M\04. CATEGORIA PISO\49 - PP SOLEIRA PORTA MALA EXPERT LB 9L ESJ.xlsx
2026-06-25 14:47:47,469 INFO Importado B.O.M. C:\Users\PRODUCAO-2.0\J I MONTADORA DE VEICULOS ESPECIAIS LTDA\JI Montadora - 02 Produção\01 Controle de Produção\01 - Projeto Cadastro\02 - B.O.M\04. CATEGORIA PISO\50 - CJ SOLEIRA PORTA MALA EXPERT LB 9L ESJ LG.xlsx
2026-06-25 14:47:47,642 INFO Importado B.O.M. C:\Users\PRODUCAO-2.0\J I MONTADORA DE VEICULOS ESPECIAIS LTDA\JI Montadora - 02 Produção\01 Controle de Produção\01 - Projeto Cadastro\02 - B.O.M\04. CATEGORIA PISO\51 - CJ SOLEIRA PORTA MALA EXPERT LB 9L ESJ - AMA.xlsx
2026-06-25 14:47:47,810 INFO Importado B.O.M. C:\Users\PRODUCAO-2.0\J I MONTADORA DE VEICULOS ESPECIAIS LTDA\JI Montadora - 02 Produção\01 Controle de Produção\01 - Projeto Cadastro\02 - B.O.M\04. CATEGORIA PISO\52 - CJ SOLEIRA PORTA MALA EXPERT LB 11L ESJ - AMA.xlsx
2026-06-25 14:47:47,954 INFO Importado B.O.M. C:\Users\PRODUCAO-2.0\J I MONTADORA DE VEICULOS ESPECIAIS LTDA\JI Montadora - 02 Produção\01 Controle de Produção\01 - Projeto Cadastro\02 - B.O.M\04. CATEGORIA PISO\53 - PP SOLEIRA PORTA MALA ESJ LE 8,9 L.xlsx
2026-06-25 14:47:48,106 INFO Importado B.O.M. C:\Users\PRODUCAO-2.0\J I MONTADORA DE VEICULOS ESPECIAIS LTDA\JI Montadora - 02 Produção\01 Controle de Produção\01 - Projeto Cadastro\02 - B.O.M\04. CATEGORIA PISO\54 - PP CANTONEIRA PVC PRETA SOLEIRA PORTA MALA LE ESJ C. LED.xlsx
2026-06-25 14:47:48,308 INFO Importado B.O.M. C:\Users\PRODUCAO-2.0\J I MONTADORA DE VEICULOS ESPECIAIS LTDA\JI Montadora - 02 Produção\01 Controle de Produção\01 - Projeto Cadastro\02 - B.O.M\04. CATEGORIA PISO\55 - CJ SOLEIRA PORTA MALA ESJ LE 8,9 L - AMADEIRADO.xlsx
2026-06-25 14:47:48,502 INFO Importado B.O.M. C:\Users\PRODUCAO-2.0\J I MONTADORA DE VEICULOS ESPECIAIS LTDA\JI Montadora - 02 Produção\01 Controle de Produção\01 - Projeto Cadastro\02 - B.O.M\04. CATEGORIA PISO\56 - CJ SOLEIRA PORTA MALA ESJ LE 8,9 L - LG BRIGHT.xlsx
2026-06-25 14:47:48,707 INFO Importado B.O.M. C:\Users\PRODUCAO-2.0\J I MONTADORA DE VEICULOS ESPECIAIS LTDA\JI Montadora - 02 Produção\01 Controle de Produção\01 - Projeto Cadastro\02 - B.O.M\05. ACESSORIOS\01 - ACESSORIO CJ EXTINTOR COM SUPORTE ABC 4KG.xlsx
2026-06-25 14:47:48,795 INFO Importado B.O.M. C:\Users\PRODUCAO-2.0\J I MONTADORA DE VEICULOS ESPECIAIS LTDA\JI Montadora - 02 Produção\01 Controle de Produção\01 - Projeto Cadastro\02 - B.O.M\05. ACESSORIOS\02 - CJ TRILHO ALUMINIO FIXACAO 417 14 - 4,3,3,2,2-1 DPM FOCA.xlsx
2026-06-25 14:47:48,884 INFO Importado B.O.M. C:\Users\PRODUCAO-2.0\J I MONTADORA DE VEICULOS ESPECIAIS LTDA\JI Montadora - 02 Produção\01 Controle de Produção\01 - Projeto Cadastro\02 - B.O.M\05. ACESSORIOS\03 - PP TRILHO ALUMINIO FIXACAO BANCO  3300 MM.xlsx
2026-06-25 14:47:48,962 INFO Importado B.O.M. C:\Users\PRODUCAO-2.0\J I MONTADORA DE VEICULOS ESPECIAIS LTDA\JI Montadora - 02 Produção\01 Controle de Produção\01 - Projeto Cadastro\02 - B.O.M\05. ACESSORIOS\04 - PP TRILHO ALUMINIO FIXACAO BANCO  3870 MM.xlsx
2026-06-25 14:47:49,054 INFO Importado B.O.M. C:\Users\PRODUCAO-2.0\J I MONTADORA DE VEICULOS ESPECIAIS LTDA\JI Montadora - 02 Produção\01 Controle de Produção\01 - Projeto Cadastro\02 - B.O.M\05. ACESSORIOS\05 - PP TRILHO ALUMINIO FIXACAO BANCO  600 MM.xlsx
2026-06-25 14:47:49,144 INFO Importado B.O.M. C:\Users\PRODUCAO-2.0\J I MONTADORA DE VEICULOS ESPECIAIS LTDA\JI Montadora - 02 Produção\01 Controle de Produção\01 - Projeto Cadastro\02 - B.O.M\05. ACESSORIOS\06 - CJ TRILHO ALUMINIO FIXACAO 417 10 - 4,3,3,3.xlsx
2026-06-25 14:47:49,229 INFO Importado B.O.M. C:\Users\PRODUCAO-2.0\J I MONTADORA DE VEICULOS ESPECIAIS LTDA\JI Montadora - 02 Produção\01 Controle de Produção\01 - Projeto Cadastro\02 - B.O.M\05. ACESSORIOS\07 - PP TRILHO ALUMINIO FIXACAO BANCO  2900 MM.xlsx
2026-06-25 14:47:49,326 INFO Importado B.O.M. C:\Users\PRODUCAO-2.0\J I MONTADORA DE VEICULOS ESPECIAIS LTDA\JI Montadora - 02 Produção\01 Controle de Produção\01 - Projeto Cadastro\02 - B.O.M\05. ACESSORIOS\08 - PP TRILHO ALUMINIO FIXACAO BANCO  2400 MM.xlsx
2026-06-25 14:47:49,427 INFO Importado B.O.M. C:\Users\PRODUCAO-2.0\J I MONTADORA DE VEICULOS ESPECIAIS LTDA\JI Montadora - 02 Produção\01 Controle de Produção\01 - Projeto Cadastro\02 - B.O.M\05. ACESSORIOS\09 - PP TRILHO ALUMINIO FIXACAO BANCO  500 MM.xlsx
2026-06-25 14:47:49,621 INFO Importado B.O.M. C:\Users\PRODUCAO-2.0\J I MONTADORA DE VEICULOS ESPECIAIS LTDA\JI Montadora - 02 Produção\01 Controle de Produção\01 - Projeto Cadastro\02 - B.O.M\05. ACESSORIOS\10 - CJ ARANDELA PLASTICA JI MONTADORA.xlsx
2026-06-25 14:47:49,779 INFO Importado B.O.M. C:\Users\PRODUCAO-2.0\J I MONTADORA DE VEICULOS ESPECIAIS LTDA\JI Montadora - 02 Produção\01 Controle de Produção\01 - Projeto Cadastro\02 - B.O.M\05. ACESSORIOS\11 - PP CAIXA MADEIRA SUPORTE GELADEIRA CAB 18L ESJ.xlsx
2026-06-25 14:47:49,943 INFO Importado B.O.M. C:\Users\PRODUCAO-2.0\J I MONTADORA DE VEICULOS ESPECIAIS LTDA\JI Montadora - 02 Produção\01 Controle de Produção\01 - Projeto Cadastro\02 - B.O.M\05. ACESSORIOS\12 - PP CAPACHO ESJ PORTA LATERAL MOTORISTA LE.xlsx
2026-06-25 14:47:50,089 INFO Importado B.O.M. C:\Users\PRODUCAO-2.0\J I MONTADORA DE VEICULOS ESPECIAIS LTDA\JI Montadora - 02 Produção\01 Controle de Produção\01 - Projeto Cadastro\02 - B.O.M\05. ACESSORIOS\13 - PP CAPACHO ESJ PORTA LATERAL CARONA LD.xlsx
2026-06-25 14:47:50,243 INFO Importado B.O.M. C:\Users\PRODUCAO-2.0\J I MONTADORA DE VEICULOS ESPECIAIS LTDA\JI Montadora - 02 Produção\01 Controle de Produção\01 - Projeto Cadastro\02 - B.O.M\05. ACESSORIOS\14 - PP CAPACHO ESJ PORTA LATERAL LE ESJ.xlsx
2026-06-25 14:47:50,396 INFO Importado B.O.M. C:\Users\PRODUCAO-2.0\J I MONTADORA DE VEICULOS ESPECIAIS LTDA\JI Montadora - 02 Produção\01 Controle de Produção\01 - Projeto Cadastro\02 - B.O.M\05. ACESSORIOS\15 - CJ COMPLETO CAPACHO PORTAS ESJ.xlsx
2026-06-25 14:47:50,549 INFO Importado B.O.M. C:\Users\PRODUCAO-2.0\J I MONTADORA DE VEICULOS ESPECIAIS LTDA\JI Montadora - 02 Produção\01 Controle de Produção\01 - Projeto Cadastro\02 - B.O.M\05. ACESSORIOS\16 - ACESSORIO CJ TAPETE SALAO BOUCLE ESJ.xlsx
2026-06-25 14:47:50,698 INFO Importado B.O.M. C:\Users\PRODUCAO-2.0\J I MONTADORA DE VEICULOS ESPECIAIS LTDA\JI Montadora - 02 Produção\01 Controle de Produção\01 - Projeto Cadastro\02 - B.O.M\05. ACESSORIOS\17 - CJ CORTINA VELUDO PRETA PORTAS ESJ.xlsx
2026-06-25 14:47:50,877 INFO Importado B.O.M. C:\Users\PRODUCAO-2.0\J I MONTADORA DE VEICULOS ESPECIAIS LTDA\JI Montadora - 02 Produção\01 Controle de Produção\01 - Projeto Cadastro\02 - B.O.M\05. ACESSORIOS\18 - CJ TUBO ALUMINIO DOBRADO CORTINA ESJ EMBUTIDA C-CLASS.xlsx
2026-06-25 14:47:51,068 INFO Importado B.O.M. C:\Users\PRODUCAO-2.0\J I MONTADORA DE VEICULOS ESPECIAIS LTDA\JI Montadora - 02 Produção\01 Controle de Produção\01 - Projeto Cadastro\02 - B.O.M\05. ACESSORIOS\19 - CJ CORTINA VELUDO PRETA SALAO ESJ C-CLASS SEM PORTAS.xlsx
2026-06-25 14:47:51,233 INFO Importado B.O.M. C:\Users\PRODUCAO-2.0\J I MONTADORA DE VEICULOS ESPECIAIS LTDA\JI Montadora - 02 Produção\01 Controle de Produção\01 - Projeto Cadastro\02 - B.O.M\05. ACESSORIOS\20 - PP TUBO INFERIOR ALUMINIO CORTINA 1º VAO LE ESJ C-CLASS.xlsx
2026-06-25 14:47:51,401 INFO Importado B.O.M. C:\Users\PRODUCAO-2.0\J I MONTADORA DE VEICULOS ESPECIAIS LTDA\JI Montadora - 02 Produção\01 Controle de Produção\01 - Projeto Cadastro\02 - B.O.M\05. ACESSORIOS\21 - PP TUBO INFERIOR ALUMINIO CORTINA 2º VAO LE ESJ C-CLASS.xlsx
2026-06-25 14:47:51,552 INFO Importado B.O.M. C:\Users\PRODUCAO-2.0\J I MONTADORA DE VEICULOS ESPECIAIS LTDA\JI Montadora - 02 Produção\01 Controle de Produção\01 - Projeto Cadastro\02 - B.O.M\05. ACESSORIOS\22 - PP TUBO INFERIOR ALUMINIO CORTINA 2º VAO LD ESJ C-CLASS.xlsx
2026-06-25 14:47:51,713 INFO Importado B.O.M. C:\Users\PRODUCAO-2.0\J I MONTADORA DE VEICULOS ESPECIAIS LTDA\JI Montadora - 02 Produção\01 Controle de Produção\01 - Projeto Cadastro\02 - B.O.M\05. ACESSORIOS\23 - PP TUBO SUPERIOR ALUMINIO CORTINA 1º VAO LE ESJ C-CLASS.xlsx
2026-06-25 14:47:51,907 INFO Importado B.O.M. C:\Users\PRODUCAO-2.0\J I MONTADORA DE VEICULOS ESPECIAIS LTDA\JI Montadora - 02 Produção\01 Controle de Produção\01 - Projeto Cadastro\02 - B.O.M\05. ACESSORIOS\24 - PP TUBO SUPERIOR ALUMINIO CORTINA 2º VAO LE ESJ C-CLASS.xlsx
2026-06-25 14:47:52,062 INFO Importado B.O.M. C:\Users\PRODUCAO-2.0\J I MONTADORA DE VEICULOS ESPECIAIS LTDA\JI Montadora - 02 Produção\01 Controle de Produção\01 - Projeto Cadastro\02 - B.O.M\05. ACESSORIOS\25 - PP TUBO SUPERIOR ALUMINIO CORTINA 2º VAO LD ESJ C-CLASS.xlsx
2026-06-25 14:47:52,231 INFO Importado B.O.M. C:\Users\PRODUCAO-2.0\J I MONTADORA DE VEICULOS ESPECIAIS LTDA\JI Montadora - 02 Produção\01 Controle de Produção\01 - Projeto Cadastro\02 - B.O.M\05. ACESSORIOS\26 - PP TUBO INFERIOR ALUMINIO CORTINA PORTA LATERAL ESJ.xlsx
2026-06-25 14:47:52,389 INFO Importado B.O.M. C:\Users\PRODUCAO-2.0\J I MONTADORA DE VEICULOS ESPECIAIS LTDA\JI Montadora - 02 Produção\01 Controle de Produção\01 - Projeto Cadastro\02 - B.O.M\05. ACESSORIOS\27 - PP TUBO SUPERIOR ALUMINIO CORTINA PORTA LATERAL ESJ.xlsx
2026-06-25 14:47:52,538 INFO Importado B.O.M. C:\Users\PRODUCAO-2.0\J I MONTADORA DE VEICULOS ESPECIAIS LTDA\JI Montadora - 02 Produção\01 Controle de Produção\01 - Projeto Cadastro\02 - B.O.M\05. ACESSORIOS\28 - PP TUBO INFERIOR ALUMINIO CORTINA PORTA TRASEIRA LE ESJ.xlsx
2026-06-25 14:47:52,737 INFO Importado B.O.M. C:\Users\PRODUCAO-2.0\J I MONTADORA DE VEICULOS ESPECIAIS LTDA\JI Montadora - 02 Produção\01 Controle de Produção\01 - Projeto Cadastro\02 - B.O.M\05. ACESSORIOS\29 - PP TUBO INFERIOR ALUMINIO CORTINA PORTA TRASEIRA LD ESJ.xlsx
2026-06-25 14:47:52,927 INFO Importado B.O.M. C:\Users\PRODUCAO-2.0\J I MONTADORA DE VEICULOS ESPECIAIS LTDA\JI Montadora - 02 Produção\01 Controle de Produção\01 - Projeto Cadastro\02 - B.O.M\05. ACESSORIOS\30 - PP TUBO SUPERIOR ALUMINIO CORTINA PORTA TRASEIRA LE ESJ.xlsx
2026-06-25 14:47:53,093 INFO Importado B.O.M. C:\Users\PRODUCAO-2.0\J I MONTADORA DE VEICULOS ESPECIAIS LTDA\JI Montadora - 02 Produção\01 Controle de Produção\01 - Projeto Cadastro\02 - B.O.M\05. ACESSORIOS\31 - PP TUBO SUPERIOR ALUMINIO CORTINA PORTA TRASEIRA LD ESJ.xlsx
2026-06-25 14:47:53,260 INFO Importado B.O.M. C:\Users\PRODUCAO-2.0\J I MONTADORA DE VEICULOS ESPECIAIS LTDA\JI Montadora - 02 Produção\01 Controle de Produção\01 - Projeto Cadastro\02 - B.O.M\05. ACESSORIOS\32 - PP SUPORTE FIXO CABIDE - GANCHO CABIDEIRO MARCOPOLO CINZA RAL 7021 PU - TI.01.J04.xlsx
2026-06-25 14:47:53,411 INFO Importado B.O.M. C:\Users\PRODUCAO-2.0\J I MONTADORA DE VEICULOS ESPECIAIS LTDA\JI Montadora - 02 Produção\01 Controle de Produção\01 - Projeto Cadastro\02 - B.O.M\05. ACESSORIOS\33 - PP PC REVIS MOVEL LAT PRFV ESJ C-CLA 1º VAO LE INT REVE CARP.xlsx
2026-06-25 14:47:53,588 INFO Importado B.O.M. C:\Users\PRODUCAO-2.0\J I MONTADORA DE VEICULOS ESPECIAIS LTDA\JI Montadora - 02 Produção\01 Controle de Produção\01 - Projeto Cadastro\02 - B.O.M\05. ACESSORIOS\34 - PP PC FUNDO MOVEL LAT PRFV ESJ C-CLA 1º VAO LE REVE CARP.xlsx
2026-06-25 14:47:53,763 INFO Importado B.O.M. C:\Users\PRODUCAO-2.0\J I MONTADORA DE VEICULOS ESPECIAIS LTDA\JI Montadora - 02 Produção\01 Controle de Produção\01 - Projeto Cadastro\02 - B.O.M\05. ACESSORIOS\35 - PP FUNDO MOVEL LAT PRFV ESJ C-CLA 2º VAO LD INT REVE CARP.xlsx
2026-06-25 14:47:53,926 INFO Importado B.O.M. C:\Users\PRODUCAO-2.0\J I MONTADORA DE VEICULOS ESPECIAIS LTDA\JI Montadora - 02 Produção\01 Controle de Produção\01 - Projeto Cadastro\02 - B.O.M\05. ACESSORIOS\36 - PP MOVEL LAT PRFV ESJ C-CLA 2º VAO LD INT REVE CARP.xlsx
2026-06-25 14:47:54,096 INFO Importado B.O.M. C:\Users\PRODUCAO-2.0\J I MONTADORA DE VEICULOS ESPECIAIS LTDA\JI Montadora - 02 Produção\01 Controle de Produção\01 - Projeto Cadastro\02 - B.O.M\05. ACESSORIOS\37 - PP MOVEL LAT PRFV ESJ C-CLA 1º VAO LE REVE CARP.xlsx
2026-06-25 14:47:54,249 INFO Importado B.O.M. C:\Users\PRODUCAO-2.0\J I MONTADORA DE VEICULOS ESPECIAIS LTDA\JI Montadora - 02 Produção\01 Controle de Produção\01 - Projeto Cadastro\02 - B.O.M\05. ACESSORIOS\38 - PP PC MOVEL LAT PRFV ESJ C-CLA 1º VAO LE REVE MARROM.xlsx
2026-06-25 14:47:54,426 INFO Importado B.O.M. C:\Users\PRODUCAO-2.0\J I MONTADORA DE VEICULOS ESPECIAIS LTDA\JI Montadora - 02 Produção\01 Controle de Produção\01 - Projeto Cadastro\02 - B.O.M\05. ACESSORIOS\39 - PP PC REVIS MOVEL LAT PRFV ESJ C-CLA 1º VAO LE REVE MARROM.xlsx
2026-06-25 14:47:54,622 INFO Importado B.O.M. C:\Users\PRODUCAO-2.0\J I MONTADORA DE VEICULOS ESPECIAIS LTDA\JI Montadora - 02 Produção\01 Controle de Produção\01 - Projeto Cadastro\02 - B.O.M\05. ACESSORIOS\40 - PP PC MOVEL LAT PRFV ESJ C-CLA 2º VAO LE REVE MARROM.xlsx
2026-06-25 14:47:54,838 INFO Importado B.O.M. C:\Users\PRODUCAO-2.0\J I MONTADORA DE VEICULOS ESPECIAIS LTDA\JI Montadora - 02 Produção\01 Controle de Produção\01 - Projeto Cadastro\02 - B.O.M\05. ACESSORIOS\41 - PP MOVEL LAT PRFV ESJ C-CLA 2º VAO LD REVE MARROM.xlsx
2026-06-25 14:47:55,003 INFO Importado B.O.M. C:\Users\PRODUCAO-2.0\J I MONTADORA DE VEICULOS ESPECIAIS LTDA\JI Montadora - 02 Produção\01 Controle de Produção\01 - Projeto Cadastro\02 - B.O.M\05. ACESSORIOS\42 - PP PC MOVEL LAT PRFV ESJ C-CLA 1º VAO LE REVE PRETO.xlsx
2026-06-25 14:47:55,154 INFO Importado B.O.M. C:\Users\PRODUCAO-2.0\J I MONTADORA DE VEICULOS ESPECIAIS LTDA\JI Montadora - 02 Produção\01 Controle de Produção\01 - Projeto Cadastro\02 - B.O.M\05. ACESSORIOS\43 - PP PC REVIS MOVEL LAT PRFV ESJ C-CLA 1º VAO LE REVE PRETO.xlsx
2026-06-25 14:47:55,351 INFO Importado B.O.M. C:\Users\PRODUCAO-2.0\J I MONTADORA DE VEICULOS ESPECIAIS LTDA\JI Montadora - 02 Produção\01 Controle de Produção\01 - Projeto Cadastro\02 - B.O.M\05. ACESSORIOS\44 - PP PC MOVEL LAT PRFV ESJ C-CLA 2º VAO LE REVE PRETO.xlsx
2026-06-25 14:47:55,562 INFO Importado B.O.M. C:\Users\PRODUCAO-2.0\J I MONTADORA DE VEICULOS ESPECIAIS LTDA\JI Montadora - 02 Produção\01 Controle de Produção\01 - Projeto Cadastro\02 - B.O.M\05. ACESSORIOS\45 - PP MOVEL LAT PRFV ESJ C-CLA 2º VAO LD REVE PRETO.xlsx
2026-06-25 14:47:55,747 INFO Importado B.O.M. C:\Users\PRODUCAO-2.0\J I MONTADORA DE VEICULOS ESPECIAIS LTDA\JI Montadora - 02 Produção\01 Controle de Produção\01 - Projeto Cadastro\02 - B.O.M\05. ACESSORIOS\46 - PP PC MOVEL LAT PRFV ESJ C-CLA 1º VAO LE REVE BEGE.xlsx
2026-06-25 14:47:55,916 INFO Importado B.O.M. C:\Users\PRODUCAO-2.0\J I MONTADORA DE VEICULOS ESPECIAIS LTDA\JI Montadora - 02 Produção\01 Controle de Produção\01 - Projeto Cadastro\02 - B.O.M\05. ACESSORIOS\47 - PP PC REVIS MOVEL LAT PRFV ESJ C-CLA 1º VAO LE REVE BEGE.xlsx
2026-06-25 14:47:56,076 INFO Importado B.O.M. C:\Users\PRODUCAO-2.0\J I MONTADORA DE VEICULOS ESPECIAIS LTDA\JI Montadora - 02 Produção\01 Controle de Produção\01 - Projeto Cadastro\02 - B.O.M\05. ACESSORIOS\48 - PP PC MOVEL LAT PRFV ESJ C-CLA 2º VAO LE REVE BEGE.xlsx
2026-06-25 14:47:56,282 INFO Importado B.O.M. C:\Users\PRODUCAO-2.0\J I MONTADORA DE VEICULOS ESPECIAIS LTDA\JI Montadora - 02 Produção\01 Controle de Produção\01 - Projeto Cadastro\02 - B.O.M\05. ACESSORIOS\49 - PP MOVEL LAT PRFV ESJ C-CLA 2º VAO LD REVE BEGE.xlsx
2026-06-25 14:47:56,460 INFO Importado B.O.M. C:\Users\PRODUCAO-2.0\J I MONTADORA DE VEICULOS ESPECIAIS LTDA\JI Montadora - 02 Produção\01 Controle de Produção\01 - Projeto Cadastro\02 - B.O.M\05. ACESSORIOS\50 - PP PC TAMPO SUP ACRILICO PRETO MOVEL LATERAL ESJ C-CLASS 1º VAO LE.xlsx
2026-06-25 14:47:56,623 INFO Importado B.O.M. C:\Users\PRODUCAO-2.0\J I MONTADORA DE VEICULOS ESPECIAIS LTDA\JI Montadora - 02 Produção\01 Controle de Produção\01 - Projeto Cadastro\02 - B.O.M\05. ACESSORIOS\51 - PP PC TAMPO INF ACRILICO PRETO MOVEL LATERAL ESJ C-CLASS 1º VAO LE.xlsx
2026-06-25 14:47:56,827 INFO Importado B.O.M. C:\Users\PRODUCAO-2.0\J I MONTADORA DE VEICULOS ESPECIAIS LTDA\JI Montadora - 02 Produção\01 Controle de Produção\01 - Projeto Cadastro\02 - B.O.M\05. ACESSORIOS\52 - PP PC TAMPO SUP ACRILICO PRETO MOVEL LATERAL ESJ C-CLASS 2º VAO LD.xlsx
2026-06-25 14:47:57,018 INFO Importado B.O.M. C:\Users\PRODUCAO-2.0\J I MONTADORA DE VEICULOS ESPECIAIS LTDA\JI Montadora - 02 Produção\01 Controle de Produção\01 - Projeto Cadastro\02 - B.O.M\05. ACESSORIOS\53 - PP PC TAMPO INF ACRILICO PRETO MOVEL LATERAL ESJ C-CLASS 2º VAO LD.xlsx
2026-06-25 14:47:57,192 INFO Importado B.O.M. C:\Users\PRODUCAO-2.0\J I MONTADORA DE VEICULOS ESPECIAIS LTDA\JI Montadora - 02 Produção\01 Controle de Produção\01 - Projeto Cadastro\02 - B.O.M\05. ACESSORIOS\54 - PP PC TAMPO SUP ACRILICO PRETO MOVEL LATERAL ESJ C-CLASS 2º VAO LE.xlsx
2026-06-25 14:47:57,343 INFO Importado B.O.M. C:\Users\PRODUCAO-2.0\J I MONTADORA DE VEICULOS ESPECIAIS LTDA\JI Montadora - 02 Produção\01 Controle de Produção\01 - Projeto Cadastro\02 - B.O.M\05. ACESSORIOS\55 - PP PC TAMPO INF ACRILICO PRETO MOVEL LATERAL ESJ C-CLASS 2º VAO LE.xlsx
2026-06-25 14:47:57,507 INFO Importado B.O.M. C:\Users\PRODUCAO-2.0\J I MONTADORA DE VEICULOS ESPECIAIS LTDA\JI Montadora - 02 Produção\01 Controle de Produção\01 - Projeto Cadastro\02 - B.O.M\05. ACESSORIOS\56 - PP PC TAMPO CENTRAL ACRILICO CRISTAL MOVEL LATERAL ESJ C-CLA 1º VAO LE.xlsx
2026-06-25 14:47:57,678 INFO Importado B.O.M. C:\Users\PRODUCAO-2.0\J I MONTADORA DE VEICULOS ESPECIAIS LTDA\JI Montadora - 02 Produção\01 Controle de Produção\01 - Projeto Cadastro\02 - B.O.M\05. ACESSORIOS\57 - PP PC TAMPO CENTRAL ACRILICO CRISTAL MOVEL LATERAL ESJ C-CLA 2º VAO LD.xlsx
2026-06-25 14:47:57,867 INFO Importado B.O.M. C:\Users\PRODUCAO-2.0\J I MONTADORA DE VEICULOS ESPECIAIS LTDA\JI Montadora - 02 Produção\01 Controle de Produção\01 - Projeto Cadastro\02 - B.O.M\05. ACESSORIOS\58 - PP PC TAMPO CENTRAL ACRILICO CRISTAL MOVEL LATERAL ESJ C-CLA 2º VAO LE.xlsx
2026-06-25 14:47:58,053 INFO Importado B.O.M. C:\Users\PRODUCAO-2.0\J I MONTADORA DE VEICULOS ESPECIAIS LTDA\JI Montadora - 02 Produção\01 Controle de Produção\01 - Projeto Cadastro\02 - B.O.M\05. ACESSORIOS\59 - CJ TAMPO ACRIL MOVEL LAT ESJ C-CLA 1º VAO LE.xlsx
2026-06-25 14:47:58,207 INFO Importado B.O.M. C:\Users\PRODUCAO-2.0\J I MONTADORA DE VEICULOS ESPECIAIS LTDA\JI Montadora - 02 Produção\01 Controle de Produção\01 - Projeto Cadastro\02 - B.O.M\05. ACESSORIOS\60 - CJ TAMPO ACRIL MOVEL LAT ESJ C-CLA 2º VAO LE.xlsx
2026-06-25 14:47:58,366 INFO Importado B.O.M. C:\Users\PRODUCAO-2.0\J I MONTADORA DE VEICULOS ESPECIAIS LTDA\JI Montadora - 02 Produção\01 Controle de Produção\01 - Projeto Cadastro\02 - B.O.M\05. ACESSORIOS\61 - CJ TAMPO ACRIL MOVEL LAT ESJ C-CLA 2º VAO LD.xlsx
2026-06-25 14:47:58,535 INFO Importado B.O.M. C:\Users\PRODUCAO-2.0\J I MONTADORA DE VEICULOS ESPECIAIS LTDA\JI Montadora - 02 Produção\01 Controle de Produção\01 - Projeto Cadastro\02 - B.O.M\05. ACESSORIOS\62 - CJ MOVEL LATERAL MARROM ESJ C-CLASS 1º VAO LE.xlsx
2026-06-25 14:47:58,768 INFO Importado B.O.M. C:\Users\PRODUCAO-2.0\J I MONTADORA DE VEICULOS ESPECIAIS LTDA\JI Montadora - 02 Produção\01 Controle de Produção\01 - Projeto Cadastro\02 - B.O.M\05. ACESSORIOS\62 - CJ MOVEL LATERAL PRETO ESJ C-CLASS 1º VAO LE.xlsx
2026-06-25 14:47:58,953 INFO Importado B.O.M. C:\Users\PRODUCAO-2.0\J I MONTADORA DE VEICULOS ESPECIAIS LTDA\JI Montadora - 02 Produção\01 Controle de Produção\01 - Projeto Cadastro\02 - B.O.M\05. ACESSORIOS\63 - CJ MOVEL LATERAL BEGE ESJ C-CLASS 1º VAO LE.xlsx
2026-06-25 14:47:59,114 INFO Importado B.O.M. C:\Users\PRODUCAO-2.0\J I MONTADORA DE VEICULOS ESPECIAIS LTDA\JI Montadora - 02 Produção\01 Controle de Produção\01 - Projeto Cadastro\02 - B.O.M\05. ACESSORIOS\64 - CJ MOVEL LATERAL MARROM ESJ C-CLASS 2º VAO LE.xlsx
2026-06-25 14:47:59,270 INFO Importado B.O.M. C:\Users\PRODUCAO-2.0\J I MONTADORA DE VEICULOS ESPECIAIS LTDA\JI Montadora - 02 Produção\01 Controle de Produção\01 - Projeto Cadastro\02 - B.O.M\05. ACESSORIOS\64 - CJ MOVEL LATERAL PRETO ESJ C-CLASS 2º VAO LE.xlsx
2026-06-25 14:47:59,438 INFO Importado B.O.M. C:\Users\PRODUCAO-2.0\J I MONTADORA DE VEICULOS ESPECIAIS LTDA\JI Montadora - 02 Produção\01 Controle de Produção\01 - Projeto Cadastro\02 - B.O.M\05. ACESSORIOS\65 - CJ MOVEL LATERAL BEGE ESJ C-CLASS 2º VAO LE.xlsx
2026-06-25 14:47:59,644 INFO Importado B.O.M. C:\Users\PRODUCAO-2.0\J I MONTADORA DE VEICULOS ESPECIAIS LTDA\JI Montadora - 02 Produção\01 Controle de Produção\01 - Projeto Cadastro\02 - B.O.M\05. ACESSORIOS\66 - CJ MOVEL LATERAL MARROM ESJ C-CLASS 2º VAO LD.xlsx
2026-06-25 14:47:59,848 INFO Importado B.O.M. C:\Users\PRODUCAO-2.0\J I MONTADORA DE VEICULOS ESPECIAIS LTDA\JI Montadora - 02 Produção\01 Controle de Produção\01 - Projeto Cadastro\02 - B.O.M\05. ACESSORIOS\67 - CJ MOVEL LATERAL PRETO ESJ C-CLASS 2º VAO LD.xlsx
2026-06-25 14:48:00,000 INFO Importado B.O.M. C:\Users\PRODUCAO-2.0\J I MONTADORA DE VEICULOS ESPECIAIS LTDA\JI Montadora - 02 Produção\01 Controle de Produção\01 - Projeto Cadastro\02 - B.O.M\05. ACESSORIOS\68 - CJ MOVEL LATERAL BEGE ESJ C-CLASS 2º VAO LD.xlsx
2026-06-25 14:48:00,156 INFO Importado B.O.M. C:\Users\PRODUCAO-2.0\J I MONTADORA DE VEICULOS ESPECIAIS LTDA\JI Montadora - 02 Produção\01 Controle de Produção\01 - Projeto Cadastro\02 - B.O.M\05. ACESSORIOS\69 - CJ COMPLETO LIGACAO GELADEIRA ELBER CAB 18L ESJ.xlsx
2026-06-25 14:48:00,238 INFO Importado B.O.M. C:\Users\PRODUCAO-2.0\J I MONTADORA DE VEICULOS ESPECIAIS LTDA\JI Montadora - 02 Produção\01 Controle de Produção\01 - Projeto Cadastro\02 - B.O.M\05. ACESSORIOS\70 - CJ TRILHO ALUMINIO FIXACAO 417 14 - 1E,1E,1E,1D PTA.xlsx
2026-06-25 14:48:00,330 INFO Importado B.O.M. C:\Users\PRODUCAO-2.0\J I MONTADORA DE VEICULOS ESPECIAIS LTDA\JI Montadora - 02 Produção\01 Controle de Produção\01 - Projeto Cadastro\02 - B.O.M\05. ACESSORIOS\71 - CJ TRILHO ALUMINIO FIXACAO 417 10 - 4,3,3,2-1 DPM.xlsx
2026-06-25 14:48:00,437 INFO Importado B.O.M. C:\Users\PRODUCAO-2.0\J I MONTADORA DE VEICULOS ESPECIAIS LTDA\JI Montadora - 02 Produção\01 Controle de Produção\01 - Projeto Cadastro\02 - B.O.M\05. ACESSORIOS\72 - CJ TRILHO ALUMINIO FIXACAO 517 15 - 4,2-1,2,3,3,3.xlsx
2026-06-25 14:48:00,537 INFO Importado B.O.M. C:\Users\PRODUCAO-2.0\J I MONTADORA DE VEICULOS ESPECIAIS LTDA\JI Montadora - 02 Produção\01 Controle de Produção\01 - Projeto Cadastro\02 - B.O.M\06. TRANSFORMAÇÃO\01 - JI CONFORT MASTER L3H2 SELADO ESSENCIAL.xlsx
2026-06-25 14:48:00,633 INFO Importado B.O.M. C:\Users\PRODUCAO-2.0\J I MONTADORA DE VEICULOS ESPECIAIS LTDA\JI Montadora - 02 Produção\01 Controle de Produção\01 - Projeto Cadastro\02 - B.O.M\06. TRANSFORMAÇÃO\02 - JI CONFORT MASTER L3H2 VISTA ESSENCIAL.xlsx
2026-06-25 14:48:00,711 INFO Importado B.O.M. C:\Users\PRODUCAO-2.0\J I MONTADORA DE VEICULOS ESPECIAIS LTDA\JI Montadora - 02 Produção\01 Controle de Produção\01 - Projeto Cadastro\02 - B.O.M\06. TRANSFORMAÇÃO\03 - JI CONFORT MASTER L3H2 VISTA PLUS.xlsx
2026-06-25 14:48:00,789 INFO Importado B.O.M. C:\Users\PRODUCAO-2.0\J I MONTADORA DE VEICULOS ESPECIAIS LTDA\JI Montadora - 02 Produção\01 Controle de Produção\01 - Projeto Cadastro\02 - B.O.M\06. TRANSFORMAÇÃO\04 - JI CONFORT MASTER L3H2 VITRE ESSENCIAL.xlsx
2026-06-25 14:48:00,866 INFO Importado B.O.M. C:\Users\PRODUCAO-2.0\J I MONTADORA DE VEICULOS ESPECIAIS LTDA\JI Montadora - 02 Produção\01 Controle de Produção\01 - Projeto Cadastro\02 - B.O.M\06. TRANSFORMAÇÃO\05 - JI CONFORT MASTER L3H2 VITRE PLUS.xlsx
2026-06-25 14:48:00,942 INFO Importado B.O.M. C:\Users\PRODUCAO-2.0\J I MONTADORA DE VEICULOS ESPECIAIS LTDA\JI Montadora - 02 Produção\01 Controle de Produção\01 - Projeto Cadastro\02 - B.O.M\06. TRANSFORMAÇÃO\06 - JI CONFORT MASTER L3H2 SELADO PLUS.xlsx
2026-06-25 14:48:01,021 INFO Importado B.O.M. C:\Users\PRODUCAO-2.0\J I MONTADORA DE VEICULOS ESPECIAIS LTDA\JI Montadora - 02 Produção\01 Controle de Produção\01 - Projeto Cadastro\02 - B.O.M\06. TRANSFORMAÇÃO\07 - JI CONFORT MASTER L2H2 SELADO ESSENCIAL.xlsx
2026-06-25 14:48:01,102 INFO Importado B.O.M. C:\Users\PRODUCAO-2.0\J I MONTADORA DE VEICULOS ESPECIAIS LTDA\JI Montadora - 02 Produção\01 Controle de Produção\01 - Projeto Cadastro\02 - B.O.M\06. TRANSFORMAÇÃO\08 - JI CONFORT MASTER L2H2 SELADO PLUS.xlsx
2026-06-25 14:48:01,186 INFO Importado B.O.M. C:\Users\PRODUCAO-2.0\J I MONTADORA DE VEICULOS ESPECIAIS LTDA\JI Montadora - 02 Produção\01 Controle de Produção\01 - Projeto Cadastro\02 - B.O.M\06. TRANSFORMAÇÃO\09 - JI CONFORT MASTER L2H2 VISTA ESSENCIAL.xlsx
2026-06-25 14:48:01,275 INFO Importado B.O.M. C:\Users\PRODUCAO-2.0\J I MONTADORA DE VEICULOS ESPECIAIS LTDA\JI Montadora - 02 Produção\01 Controle de Produção\01 - Projeto Cadastro\02 - B.O.M\06. TRANSFORMAÇÃO\10 - JI CONFORT MASTER L2H2 VISTA PLUS.xlsx
2026-06-25 14:48:01,374 INFO Importado B.O.M. C:\Users\PRODUCAO-2.0\J I MONTADORA DE VEICULOS ESPECIAIS LTDA\JI Montadora - 02 Produção\01 Controle de Produção\01 - Projeto Cadastro\02 - B.O.M\06. TRANSFORMAÇÃO\11 - JI CONFORT E-S-J TB SELADO.xlsx
2026-06-25 14:48:01,476 INFO Importado B.O.M. C:\Users\PRODUCAO-2.0\J I MONTADORA DE VEICULOS ESPECIAIS LTDA\JI Montadora - 02 Produção\01 Controle de Produção\01 - Projeto Cadastro\02 - B.O.M\06. TRANSFORMAÇÃO\12 - JI CONFORT E-S-J TB VISTA.xlsx
2026-06-25 14:48:01,565 INFO Importado B.O.M. C:\Users\PRODUCAO-2.0\J I MONTADORA DE VEICULOS ESPECIAIS LTDA\JI Montadora - 02 Produção\01 Controle de Produção\01 - Projeto Cadastro\02 - B.O.M\06. TRANSFORMAÇÃO\13 - JI CONFORT E-S-J TB VITRE.xlsx
2026-06-25 14:48:01,676 INFO Importado B.O.M. C:\Users\PRODUCAO-2.0\J I MONTADORA DE VEICULOS ESPECIAIS LTDA\JI Montadora - 02 Produção\01 Controle de Produção\01 - Projeto Cadastro\02 - B.O.M\06. TRANSFORMAÇÃO\14 - JI URBAN E-S-J TB SELADO.xlsx
2026-06-25 14:48:01,787 INFO Importado B.O.M. C:\Users\PRODUCAO-2.0\J I MONTADORA DE VEICULOS ESPECIAIS LTDA\JI Montadora - 02 Produção\01 Controle de Produção\01 - Projeto Cadastro\02 - B.O.M\06. TRANSFORMAÇÃO\15 - JI URBAN E-S-J TB VISTA.xlsx
2026-06-25 14:48:01,876 INFO Importado B.O.M. C:\Users\PRODUCAO-2.0\J I MONTADORA DE VEICULOS ESPECIAIS LTDA\JI Montadora - 02 Produção\01 Controle de Produção\01 - Projeto Cadastro\02 - B.O.M\06. TRANSFORMAÇÃO\16 - JI URBAN E-S-J TB VITRE.xlsx
2026-06-25 14:48:01,973 INFO Importado B.O.M. C:\Users\PRODUCAO-2.0\J I MONTADORA DE VEICULOS ESPECIAIS LTDA\JI Montadora - 02 Produção\01 Controle de Produção\01 - Projeto Cadastro\02 - B.O.M\06. TRANSFORMAÇÃO\17 - JI CONFORT E-J TA SELADO.xlsx
2026-06-25 14:48:02,066 INFO Importado B.O.M. C:\Users\PRODUCAO-2.0\J I MONTADORA DE VEICULOS ESPECIAIS LTDA\JI Montadora - 02 Produção\01 Controle de Produção\01 - Projeto Cadastro\02 - B.O.M\06. TRANSFORMAÇÃO\18 - JI CONFORT E-J TA VISTA.xlsx
2026-06-25 14:48:02,176 INFO Importado B.O.M. C:\Users\PRODUCAO-2.0\J I MONTADORA DE VEICULOS ESPECIAIS LTDA\JI Montadora - 02 Produção\01 Controle de Produção\01 - Projeto Cadastro\02 - B.O.M\06. TRANSFORMAÇÃO\19 - JI CONFORT E-J TA VITRE.xlsx
2026-06-25 14:48:02,275 INFO Importado B.O.M. C:\Users\PRODUCAO-2.0\J I MONTADORA DE VEICULOS ESPECIAIS LTDA\JI Montadora - 02 Produção\01 Controle de Produção\01 - Projeto Cadastro\02 - B.O.M\06. TRANSFORMAÇÃO\20 - JI URBAN E-J TA SELADO.xlsx
2026-06-25 14:48:02,388 INFO Importado B.O.M. C:\Users\PRODUCAO-2.0\J I MONTADORA DE VEICULOS ESPECIAIS LTDA\JI Montadora - 02 Produção\01 Controle de Produção\01 - Projeto Cadastro\02 - B.O.M\06. TRANSFORMAÇÃO\21 - JI URBAN E-J TA VISTA.xlsx
2026-06-25 14:48:02,509 INFO Importado B.O.M. C:\Users\PRODUCAO-2.0\J I MONTADORA DE VEICULOS ESPECIAIS LTDA\JI Montadora - 02 Produção\01 Controle de Produção\01 - Projeto Cadastro\02 - B.O.M\06. TRANSFORMAÇÃO\22 - JI URBAN E-J TA VITRE.xlsx
2026-06-25 14:48:02,605 INFO Importado B.O.M. C:\Users\PRODUCAO-2.0\J I MONTADORA DE VEICULOS ESPECIAIS LTDA\JI Montadora - 02 Produção\01 Controle de Produção\01 - Projeto Cadastro\02 - B.O.M\06. TRANSFORMAÇÃO\23 - JI CONFORT 417 10 M SELADO PLUS.xlsx
2026-06-25 14:48:02,685 INFO Importado B.O.M. C:\Users\PRODUCAO-2.0\J I MONTADORA DE VEICULOS ESPECIAIS LTDA\JI Montadora - 02 Produção\01 Controle de Produção\01 - Projeto Cadastro\02 - B.O.M\06. TRANSFORMAÇÃO\24 - JI CONFORT 417 10 M VISTA PLUS.xlsx
2026-06-25 14:48:02,784 INFO Importado B.O.M. C:\Users\PRODUCAO-2.0\J I MONTADORA DE VEICULOS ESPECIAIS LTDA\JI Montadora - 02 Produção\01 Controle de Produção\01 - Projeto Cadastro\02 - B.O.M\06. TRANSFORMAÇÃO\25 - JI CONFORT 417 10 M VITRE REVESTIDA.xlsx
2026-06-25 14:48:02,890 INFO Importado B.O.M. C:\Users\PRODUCAO-2.0\J I MONTADORA DE VEICULOS ESPECIAIS LTDA\JI Montadora - 02 Produção\01 Controle de Produção\01 - Projeto Cadastro\02 - B.O.M\06. TRANSFORMAÇÃO\26 - JI CONFORT 417 14 M SELADO PLUS.xlsx
2026-06-25 14:48:02,989 INFO Importado B.O.M. C:\Users\PRODUCAO-2.0\J I MONTADORA DE VEICULOS ESPECIAIS LTDA\JI Montadora - 02 Produção\01 Controle de Produção\01 - Projeto Cadastro\02 - B.O.M\06. TRANSFORMAÇÃO\27 - JI CONFORT 417 14 M VISTA PLUS.xlsx
2026-06-25 14:48:03,076 INFO Importado B.O.M. C:\Users\PRODUCAO-2.0\J I MONTADORA DE VEICULOS ESPECIAIS LTDA\JI Montadora - 02 Produção\01 Controle de Produção\01 - Projeto Cadastro\02 - B.O.M\06. TRANSFORMAÇÃO\28 - JI CONFORT 417 14 M VITRE REVESTIDA.xlsx
2026-06-25 14:48:03,188 INFO Importado B.O.M. C:\Users\PRODUCAO-2.0\J I MONTADORA DE VEICULOS ESPECIAIS LTDA\JI Montadora - 02 Produção\01 Controle de Produção\01 - Projeto Cadastro\02 - B.O.M\06. TRANSFORMAÇÃO\29 - JI CONFORT 517 15 M SELADO PLUS.xlsx
2026-06-25 14:48:03,298 INFO Importado B.O.M. C:\Users\PRODUCAO-2.0\J I MONTADORA DE VEICULOS ESPECIAIS LTDA\JI Montadora - 02 Produção\01 Controle de Produção\01 - Projeto Cadastro\02 - B.O.M\06. TRANSFORMAÇÃO\30 - JI CONFORT 517 15 M VISTA PLUS.xlsx
2026-06-25 14:48:03,382 INFO Importado B.O.M. C:\Users\PRODUCAO-2.0\J I MONTADORA DE VEICULOS ESPECIAIS LTDA\JI Montadora - 02 Produção\01 Controle de Produção\01 - Projeto Cadastro\02 - B.O.M\06. TRANSFORMAÇÃO\31 - JI CONFORT 517 15 M VITRE REVESTIDA.xlsx
2026-06-25 14:48:03,460 INFO Importado B.O.M. C:\Users\PRODUCAO-2.0\J I MONTADORA DE VEICULOS ESPECIAIS LTDA\JI Montadora - 02 Produção\01 Controle de Produção\01 - Projeto Cadastro\02 - B.O.M\06. TRANSFORMAÇÃO\32 - JI CONFORT 517 14 M SELADO PLUS.xlsx
2026-06-25 14:48:03,558 INFO Importado B.O.M. C:\Users\PRODUCAO-2.0\J I MONTADORA DE VEICULOS ESPECIAIS LTDA\JI Montadora - 02 Produção\01 Controle de Produção\01 - Projeto Cadastro\02 - B.O.M\06. TRANSFORMAÇÃO\33 - JI CONFORT 517 14 M VISTA PLUS.xlsx
2026-06-25 14:48:03,669 INFO Importado B.O.M. C:\Users\PRODUCAO-2.0\J I MONTADORA DE VEICULOS ESPECIAIS LTDA\JI Montadora - 02 Produção\01 Controle de Produção\01 - Projeto Cadastro\02 - B.O.M\06. TRANSFORMAÇÃO\34 - JI CONFORT 517 14 M VITRE REVESTIDA.xlsx
2026-06-25 14:48:03,777 INFO Importado B.O.M. C:\Users\PRODUCAO-2.0\J I MONTADORA DE VEICULOS ESPECIAIS LTDA\JI Montadora - 02 Produção\01 Controle de Produção\01 - Projeto Cadastro\02 - B.O.M\06. TRANSFORMAÇÃO\35 - JI CONFORT B-J-D SELADO.xlsx
2026-06-25 14:48:03,880 INFO Importado B.O.M. C:\Users\PRODUCAO-2.0\J I MONTADORA DE VEICULOS ESPECIAIS LTDA\JI Montadora - 02 Produção\01 Controle de Produção\01 - Projeto Cadastro\02 - B.O.M\06. TRANSFORMAÇÃO\36 - JI CONFORT B-J-D VISTA.xlsx
2026-06-25 14:48:03,981 INFO Importado B.O.M. C:\Users\PRODUCAO-2.0\J I MONTADORA DE VEICULOS ESPECIAIS LTDA\JI Montadora - 02 Produção\01 Controle de Produção\01 - Projeto Cadastro\02 - B.O.M\06. TRANSFORMAÇÃO\37 - JI CONFORT B-J-D VITRE.xlsx
2026-06-25 14:48:04,080 INFO Importado B.O.M. C:\Users\PRODUCAO-2.0\J I MONTADORA DE VEICULOS ESPECIAIS LTDA\JI Montadora - 02 Produção\01 Controle de Produção\01 - Projeto Cadastro\02 - B.O.M\06. TRANSFORMAÇÃO\38 - JI CONFORT TRANSIT L3H3 SELADO.xlsx
2026-06-25 14:48:04,183 INFO Importado B.O.M. C:\Users\PRODUCAO-2.0\J I MONTADORA DE VEICULOS ESPECIAIS LTDA\JI Montadora - 02 Produção\01 Controle de Produção\01 - Projeto Cadastro\02 - B.O.M\06. TRANSFORMAÇÃO\39 - JI CONFORT TRANSIT L3H3 VISTA.xlsx
2026-06-25 14:48:04,281 INFO Importado B.O.M. C:\Users\PRODUCAO-2.0\J I MONTADORA DE VEICULOS ESPECIAIS LTDA\JI Montadora - 02 Produção\01 Controle de Produção\01 - Projeto Cadastro\02 - B.O.M\06. TRANSFORMAÇÃO\40 - JI CONFORT TRANSIT L4H3 VITRE.xlsx
2026-06-25 14:48:04,401 INFO Importado B.O.M. C:\Users\PRODUCAO-2.0\J I MONTADORA DE VEICULOS ESPECIAIS LTDA\JI Montadora - 02 Produção\01 Controle de Produção\01 - Projeto Cadastro\02 - B.O.M\06. TRANSFORMAÇÃO\41 - JI URBAN E-S-J TB SELADO TETO C. VELUDO PRETO.xlsx
2026-06-25 14:48:04,506 INFO Importado B.O.M. C:\Users\PRODUCAO-2.0\J I MONTADORA DE VEICULOS ESPECIAIS LTDA\JI Montadora - 02 Produção\01 Controle de Produção\01 - Projeto Cadastro\02 - B.O.M\06. TRANSFORMAÇÃO\42 - JI URBAN E-S-J TB VISTA TETO C. VELUDO PRETO.xlsx
2026-06-25 14:48:04,629 INFO Importado B.O.M. C:\Users\PRODUCAO-2.0\J I MONTADORA DE VEICULOS ESPECIAIS LTDA\JI Montadora - 02 Produção\01 Controle de Produção\01 - Projeto Cadastro\02 - B.O.M\06. TRANSFORMAÇÃO\43 - JI URBAN E-S-J VITRE TB TETO C. VELUDO PRETO.xlsx
2026-06-25 14:48:04,733 INFO Importado B.O.M. C:\Users\PRODUCAO-2.0\J I MONTADORA DE VEICULOS ESPECIAIS LTDA\JI Montadora - 02 Produção\01 Controle de Produção\01 - Projeto Cadastro\02 - B.O.M\06. TRANSFORMAÇÃO\44 - JI CONFORT TRANSIT L3H2 VITRE.xlsx
2026-06-25 14:48:04,835 INFO Importado B.O.M. C:\Users\PRODUCAO-2.0\J I MONTADORA DE VEICULOS ESPECIAIS LTDA\JI Montadora - 02 Produção\01 Controle de Produção\01 - Projeto Cadastro\02 - B.O.M\07. REFORÇOS\01 - CJ REFORÇO EM ACO ARQUEAMENTO E-J TETO ALTO.xlsx
2026-06-25 14:48:05,016 INFO Importado B.O.M. C:\Users\PRODUCAO-2.0\J I MONTADORA DE VEICULOS ESPECIAIS LTDA\JI Montadora - 02 Produção\01 Controle de Produção\01 - Projeto Cadastro\02 - B.O.M\07. REFORÇOS\02 - CJ CHAPA PRONTA TRILHO ALUMÍNIO BCO INCOR. FIXO - SPRINTER 517 - 4,2-1,2,3,3,3.xlsx
2026-06-25 14:48:05,166 INFO Importado B.O.M. C:\Users\PRODUCAO-2.0\J I MONTADORA DE VEICULOS ESPECIAIS LTDA\JI Montadora - 02 Produção\01 Controle de Produção\01 - Projeto Cadastro\02 - B.O.M\07. REFORÇOS\03 - CJ CHAPA PRONTA TRILHO ALUMÍNIO BCO INCOR. RECLINAVEL - SPRINTER 517 - 4,2-1,2,3,3,3.xlsx
2026-06-25 14:48:05,310 INFO Importado B.O.M. C:\Users\PRODUCAO-2.0\J I MONTADORA DE VEICULOS ESPECIAIS LTDA\JI Montadora - 02 Produção\01 Controle de Produção\01 - Projeto Cadastro\02 - B.O.M\07. REFORÇOS\04 - CJ CHAPA PRONTA TRILHO ALUMÍNIO BCO INCOR. FIXO - UNIVERSAL - 4,3,3,3.xlsx
2026-06-25 14:48:05,393 INFO Importado B.O.M. C:\Users\PRODUCAO-2.0\J I MONTADORA DE VEICULOS ESPECIAIS LTDA\JI Montadora - 02 Produção\01 Controle de Produção\01 - Projeto Cadastro\02 - B.O.M\07. REFORÇOS\05 - CJ CHAPA PRONTA TRILHO ALUMÍNIO BCO INCOR. RECLINAVEL - UNIVERSAL - 4,3,3,3.xlsx
2026-06-25 14:48:05,475 INFO Importado B.O.M. C:\Users\PRODUCAO-2.0\J I MONTADORA DE VEICULOS ESPECIAIS LTDA\JI Montadora - 02 Produção\01 Controle de Produção\01 - Projeto Cadastro\02 - B.O.M\07. REFORÇOS\06 - PP REFORÇO SUPORTE METALON 40X20 - Copia.xlsx
2026-06-25 14:48:05,572 INFO Importado B.O.M. C:\Users\PRODUCAO-2.0\J I MONTADORA DE VEICULOS ESPECIAIS LTDA\JI Montadora - 02 Produção\01 Controle de Produção\01 - Projeto Cadastro\02 - B.O.M\07. REFORÇOS\06 - PP REFORÇO SUPORTE METALON 40X20.xlsx
2026-06-25 14:48:05,667 INFO Importado B.O.M. C:\Users\PRODUCAO-2.0\J I MONTADORA DE VEICULOS ESPECIAIS LTDA\JI Montadora - 02 Produção\01 Controle de Produção\01 - Projeto Cadastro\02 - B.O.M\08. BANCOS\01 - CJ BANCOS FIXOS - MC - LB - 4,3,3,3 - 2P - TECIDO - BJD.xlsx
2026-06-25 14:48:05,753 INFO Importado B.O.M. C:\Users\PRODUCAO-2.0\J I MONTADORA DE VEICULOS ESPECIAIS LTDA\JI Montadora - 02 Produção\01 Controle de Produção\01 - Projeto Cadastro\02 - B.O.M\08. BANCOS\02 - CJ BANCOS REC - MC - LB - 3,2,3 - 3P - COURVIN - EXPERT.xlsx
2026-06-25 14:48:05,826 INFO Importado B.O.M. C:\Users\PRODUCAO-2.0\J I MONTADORA DE VEICULOS ESPECIAIS LTDA\JI Montadora - 02 Produção\01 Controle de Produção\01 - Projeto Cadastro\02 - B.O.M\08. BANCOS\03 - CJ BANCOS REC - MC - LB - 3,2,3 - 3P - TECIDO - EXPERT.xlsx
2026-06-25 14:48:05,908 INFO Importado B.O.M. C:\Users\PRODUCAO-2.0\J I MONTADORA DE VEICULOS ESPECIAIS LTDA\JI Montadora - 02 Produção\01 Controle de Produção\01 - Projeto Cadastro\02 - B.O.M\08. BANCOS\04 - CJ BANCOS REC - MC - LB - 3,3 - 3P - TECIDO - EXPERT.xlsx
2026-06-25 14:48:05,998 INFO Importado B.O.M. C:\Users\PRODUCAO-2.0\J I MONTADORA DE VEICULOS ESPECIAIS LTDA\JI Montadora - 02 Produção\01 Controle de Produção\01 - Projeto Cadastro\02 - B.O.M\08. BANCOS\05 - CJ BANCOS FIXOS - MC - LB - 3,3 - 3P - TECIDO - EXPERT.xlsx
2026-06-25 14:48:06,075 INFO Importado B.O.M. C:\Users\PRODUCAO-2.0\J I MONTADORA DE VEICULOS ESPECIAIS LTDA\JI Montadora - 02 Produção\01 Controle de Produção\01 - Projeto Cadastro\02 - B.O.M\08. BANCOS\06 - CJ BANCOS REC - MC - LB - 3,3 - 3P - COURVIN- EXPERT.xlsx
2026-06-25 14:48:06,152 INFO Importado B.O.M. C:\Users\PRODUCAO-2.0\J I MONTADORA DE VEICULOS ESPECIAIS LTDA\JI Montadora - 02 Produção\01 Controle de Produção\01 - Projeto Cadastro\02 - B.O.M\08. BANCOS\07 - CJ BANCOS FIXOS - MC - LB - 3,2,3 - 3P - COURVIN- EXPERT.xlsx
2026-06-25 14:48:06,240 INFO Importado B.O.M. C:\Users\PRODUCAO-2.0\J I MONTADORA DE VEICULOS ESPECIAIS LTDA\JI Montadora - 02 Produção\01 Controle de Produção\01 - Projeto Cadastro\02 - B.O.M\08. BANCOS\08 - CJ BANCOS FIXOS - MC - LB - 3,2,3 - 2P - COURVIN - EXPERT.xlsx
2026-06-25 14:48:06,345 INFO Importado B.O.M. C:\Users\PRODUCAO-2.0\J I MONTADORA DE VEICULOS ESPECIAIS LTDA\JI Montadora - 02 Produção\01 Controle de Produção\01 - Projeto Cadastro\02 - B.O.M\08. BANCOS\09 - CJ BANCOS FIXOS - MC - LB - 3,2,3 - 3P - TECIDO - EXPERT.xlsx
2026-06-25 14:48:06,444 INFO Importado B.O.M. C:\Users\PRODUCAO-2.0\J I MONTADORA DE VEICULOS ESPECIAIS LTDA\JI Montadora - 02 Produção\01 Controle de Produção\01 - Projeto Cadastro\02 - B.O.M\08. BANCOS\10 - CJ BANCOS FIXOS - MC - LB - 3,2,3 - 2P - TECIDO - EXPERT.xlsx
2026-06-25 14:48:06,544 INFO Importado B.O.M. C:\Users\PRODUCAO-2.0\J I MONTADORA DE VEICULOS ESPECIAIS LTDA\JI Montadora - 02 Produção\01 Controle de Produção\01 - Projeto Cadastro\02 - B.O.M\08. BANCOS\11 - CJ BANCOS REC - MC - LB - 4,3,3,2,2-1 - 2P - TECIDO - TRILHO - FOCA.xlsx
2026-06-25 14:48:06,641 INFO Importado B.O.M. C:\Users\PRODUCAO-2.0\J I MONTADORA DE VEICULOS ESPECIAIS LTDA\JI Montadora - 02 Produção\01 Controle de Produção\01 - Projeto Cadastro\02 - B.O.M\08. BANCOS\12 - CJ BANCOS REC - MC - LB - 4,3,3,3 - 2P - TECIDO - BJD.xlsx
2026-06-25 14:48:06,740 INFO Importado B.O.M. C:\Users\PRODUCAO-2.0\J I MONTADORA DE VEICULOS ESPECIAIS LTDA\JI Montadora - 02 Produção\01 Controle de Produção\01 - Projeto Cadastro\02 - B.O.M\08. BANCOS\13 - CJ BANCOS FIXOS - MC - LB - 4,3,3,3 - 2P - TECIDO - TRILHO.xlsx
2026-06-25 14:48:06,820 INFO Importado B.O.M. C:\Users\PRODUCAO-2.0\J I MONTADORA DE VEICULOS ESPECIAIS LTDA\JI Montadora - 02 Produção\01 Controle de Produção\01 - Projeto Cadastro\02 - B.O.M\08. BANCOS\14 - CJ BANCOS REC- MC - LB - 1E,1E,1E,1D - 3P - COURVIN- NORMAL.xlsx
2026-06-25 14:48:06,896 INFO Importado B.O.M. C:\Users\PRODUCAO-2.0\J I MONTADORA DE VEICULOS ESPECIAIS LTDA\JI Montadora - 02 Produção\01 Controle de Produção\01 - Projeto Cadastro\02 - B.O.M\08. BANCOS\15 - CJ BANCOS FIXOS - MC - LB - 4,3,3,2-1 - 2P - TECIDO - NORMAL - FOCA.xlsx
2026-06-25 14:48:06,970 INFO Importado B.O.M. C:\Users\PRODUCAO-2.0\J I MONTADORA DE VEICULOS ESPECIAIS LTDA\JI Montadora - 02 Produção\01 Controle de Produção\01 - Projeto Cadastro\02 - B.O.M\08. BANCOS\16 - CJ BANCOS REC - MC - LB - 4,2,2,3,3,3 - REC - 3P - COURVIN - NORMAL.xlsx
2026-06-25 14:48:07,065 INFO Importado B.O.M. C:\Users\PRODUCAO-2.0\J I MONTADORA DE VEICULOS ESPECIAIS LTDA\JI Montadora - 02 Produção\01 Controle de Produção\01 - Projeto Cadastro\02 - B.O.M\08. BANCOS\17 - CJ BANCOS REC - MC - LB - 4,2,3,3,3 - REC - 2P - COURVIN - PME 2A.xlsx
2026-06-25 14:48:07,167 INFO Importado B.O.M. C:\Users\PRODUCAO-2.0\J I MONTADORA DE VEICULOS ESPECIAIS LTDA\JI Montadora - 02 Produção\01 Controle de Produção\01 - Projeto Cadastro\02 - B.O.M\08. BANCOS\18 - CJ BANCOS REC - LB - 1 E,1 E,1 D,1 D,3,3 - REC - 3P - TECIDO - BJD.xlsx
2026-06-25 14:48:07,258 INFO Importado B.O.M. C:\Users\PRODUCAO-2.0\J I MONTADORA DE VEICULOS ESPECIAIS LTDA\JI Montadora - 02 Produção\01 Controle de Produção\01 - Projeto Cadastro\02 - B.O.M\08. BANCOS\19 - CJ BANCOS REC - LB - 4,2-1,2,3,3,3 - REC - 2P - TECIDO - NORMAL.xlsx
2026-06-25 14:48:07,353 INFO Importado B.O.M. C:\Users\PRODUCAO-2.0\J I MONTADORA DE VEICULOS ESPECIAIS LTDA\JI Montadora - 02 Produção\01 Controle de Produção\01 - Projeto Cadastro\02 - B.O.M\08. BANCOS\20 - CJ BANCOS FIXOS - LB - 1E,1E,1E,1D - 2P - TECIDO - TRILHO.xlsx
2026-06-25 14:48:07,446 INFO Importado B.O.M. C:\Users\PRODUCAO-2.0\J I MONTADORA DE VEICULOS ESPECIAIS LTDA\JI Montadora - 02 Produção\01 Controle de Produção\01 - Projeto Cadastro\02 - B.O.M\08. BANCOS\21 - CJ BANCOS FIXOS - MC - LB - 4,3,3,2-1 - 2P - TECIDO - TRILHO - ELEVITTA.xlsx
2026-06-25 14:48:07,531 INFO Importado B.O.M. C:\Users\PRODUCAO-2.0\J I MONTADORA DE VEICULOS ESPECIAIS LTDA\JI Montadora - 02 Produção\01 Controle de Produção\01 - Projeto Cadastro\02 - B.O.M\08. BANCOS\22 - CJ BANCOS REC - LB - 4,2-1,2,3,3,3 - REC - 2P - TECIDO - TRILHO.xlsx
2026-06-25 14:48:07,620 INFO Importado B.O.M. C:\Users\PRODUCAO-2.0\J I MONTADORA DE VEICULOS ESPECIAIS LTDA\JI Montadora - 02 Produção\01 Controle de Produção\01 - Projeto Cadastro\02 - B.O.M\08. BANCOS\23 - CJ BANCOS REC - LB - 4,2-1,2,3,3,3 - REC - 3P - COURVIN - NORMAL.xlsx
2026-06-25 14:48:07,701 INFO Importado B.O.M. C:\Users\PRODUCAO-2.0\J I MONTADORA DE VEICULOS ESPECIAIS LTDA\JI Montadora - 02 Produção\01 Controle de Produção\01 - Projeto Cadastro\02 - B.O.M\08. BANCOS\24 - CJ. BANCOS FIXOS - LB - 3,2,2-1 - 2P - TECIDO - EXPERT - FOCA.xlsx
2026-06-25 14:48:07,788 INFO Importado B.O.M. C:\Users\PRODUCAO-2.0\J I MONTADORA DE VEICULOS ESPECIAIS LTDA\JI Montadora - 02 Produção\01 Controle de Produção\01 - Projeto Cadastro\02 - B.O.M\08. BANCOS\25 - CJ BANCOS REC- LE - 3,3 - 3P - COURVIN - EXPERT - MARROM.xlsx
2026-06-25 14:48:07,905 INFO Importado B.O.M. C:\Users\PRODUCAO-2.0\J I MONTADORA DE VEICULOS ESPECIAIS LTDA\JI Montadora - 02 Produção\01 Controle de Produção\01 - Projeto Cadastro\02 - B.O.M\08. BANCOS\26 -.xlsx
2026-06-25 14:48:08,086 INFO Importado B.O.M. C:\Users\PRODUCAO-2.0\J I MONTADORA DE VEICULOS ESPECIAIS LTDA\JI Montadora - 02 Produção\01 Controle de Produção\01 - Projeto Cadastro\02 - B.O.M\09. ELETRICA\01 - CJ CHICOTE ELETRICO CABINE E-S-J P. LIGAÇÃO ACESSORIOS.xlsx
2026-06-25 14:48:08,255 INFO Importado B.O.M. C:\Users\PRODUCAO-2.0\J I MONTADORA DE VEICULOS ESPECIAIS LTDA\JI Montadora - 02 Produção\01 Controle de Produção\01 - Projeto Cadastro\02 - B.O.M\09. ELETRICA\02 - CJ BOTOEIRA PLASTICA JI E-S-J CABINE 8 TECLAS.xlsx
2026-06-25 14:48:08,393 INFO Importado B.O.M. C:\Users\PRODUCAO-2.0\J I MONTADORA DE VEICULOS ESPECIAIS LTDA\JI Montadora - 02 Produção\01 Controle de Produção\01 - Projeto Cadastro\02 - B.O.M\09. ELETRICA\03 - CJ 3 TOMADAS USB ORBE DUPLA E-S-J.xlsx
2026-06-25 14:48:08,547 INFO Importado B.O.M. C:\Users\PRODUCAO-2.0\J I MONTADORA DE VEICULOS ESPECIAIS LTDA\JI Montadora - 02 Produção\01 Controle de Produção\01 - Projeto Cadastro\02 - B.O.M\09. ELETRICA\04 - CJ LUZ CORTESIA E-S-J - DEGRAU, SOLEIRA PM, SOB BCO 1º FIL.xlsx
2026-06-25 14:48:08,718 INFO Importado B.O.M. C:\Users\PRODUCAO-2.0\J I MONTADORA DE VEICULOS ESPECIAIS LTDA\JI Montadora - 02 Produção\01 Controle de Produção\01 - Projeto Cadastro\02 - B.O.M\09. ELETRICA\05 - CJ LUZ CORTESIA CABINE ESJ SOB PAINEL.xlsx
2026-06-25 14:48:08,870 INFO Importado B.O.M. C:\Users\PRODUCAO-2.0\J I MONTADORA DE VEICULOS ESPECIAIS LTDA\JI Montadora - 02 Produção\01 Controle de Produção\01 - Projeto Cadastro\02 - B.O.M\09. ELETRICA\06 - CJ LUZ LED RGB MOVEIS LATERAIS JI C-CLASS ESJ.xlsx
2026-06-25 14:48:09,008 INFO Importado B.O.M. C:\Users\PRODUCAO-2.0\J I MONTADORA DE VEICULOS ESPECIAIS LTDA\JI Montadora - 02 Produção\01 Controle de Produção\01 - Projeto Cadastro\02 - B.O.M\09. ELETRICA\07 - CJ LUZ AZUL 4 ARANDELAS LATERAIS JI.xlsx
2026-06-25 14:48:09,152 INFO Importado B.O.M. C:\Users\PRODUCAO-2.0\J I MONTADORA DE VEICULOS ESPECIAIS LTDA\JI Montadora - 02 Produção\01 Controle de Produção\01 - Projeto Cadastro\02 - B.O.M\09. ELETRICA\08 - CJ LUZ BALIZADORA INFERIOR E-S-J.xlsx
2026-06-25 14:48:09,296 INFO Importado B.O.M. C:\Users\PRODUCAO-2.0\J I MONTADORA DE VEICULOS ESPECIAIS LTDA\JI Montadora - 02 Produção\01 Controle de Produção\01 - Projeto Cadastro\02 - B.O.M\10. BANCOS FORNECEDOR JL\01 - BCO JL LE RECLINAVEL 3 L NORMAL C. AP BRACO LD 255 MM 3P MISTO.xlsx
2026-06-25 14:48:09,495 INFO Importado B.O.M. C:\Users\PRODUCAO-2.0\J I MONTADORA DE VEICULOS ESPECIAIS LTDA\JI Montadora - 02 Produção\01 Controle de Produção\01 - Projeto Cadastro\02 - B.O.M\10. BANCOS FORNECEDOR JL\02 - BCO JL LE RECLINAVEL 1 L PME S. AP BRACO 65 MM 3P MISTO.xlsx
2026-06-25 14:48:09,706 INFO Importado B.O.M. C:\Users\PRODUCAO-2.0\J I MONTADORA DE VEICULOS ESPECIAIS LTDA\JI Montadora - 02 Produção\01 Controle de Produção\01 - Projeto Cadastro\02 - B.O.M\10. BANCOS FORNECEDOR JL\03 - BCO JL LE RECLINAVEL 2 L PME S. AP BRACO 120 MM 3P MISTO.xlsx
2026-06-25 14:48:09,882 INFO Importado B.O.M. C:\Users\PRODUCAO-2.0\J I MONTADORA DE VEICULOS ESPECIAIS LTDA\JI Montadora - 02 Produção\01 Controle de Produção\01 - Projeto Cadastro\02 - B.O.M\10. BANCOS FORNECEDOR JL\04 - BCO JL LE RECLINAVEL 1 L PME S. AP BRACO 120 MM 3P MISTO.xlsx
2026-06-25 14:48:10,034 INFO Importado B.O.M. C:\Users\PRODUCAO-2.0\J I MONTADORA DE VEICULOS ESPECIAIS LTDA\JI Montadora - 02 Produção\01 Controle de Produção\01 - Projeto Cadastro\02 - B.O.M\10. BANCOS FORNECEDOR JL\05 - BCO JL LE RECLINAVEL 2 L NORMAL S. AP BRACO 330 MM 3P MISTO.xlsx
2026-06-25 14:48:10,176 INFO Importado B.O.M. C:\Users\PRODUCAO-2.0\J I MONTADORA DE VEICULOS ESPECIAIS LTDA\JI Montadora - 02 Produção\01 Controle de Produção\01 - Projeto Cadastro\02 - B.O.M\10. BANCOS FORNECEDOR JL\06 - BCO JL LE RECLINAVEL 1 L NORMAL S. AP BRACO 330 MM 3P MISTO.xlsx
2026-06-25 14:48:10,327 INFO Importado B.O.M. C:\Users\PRODUCAO-2.0\J I MONTADORA DE VEICULOS ESPECIAIS LTDA\JI Montadora - 02 Produção\01 Controle de Produção\01 - Projeto Cadastro\02 - B.O.M\10. BANCOS FORNECEDOR JL\07 - BCO JL LE RECLINAVEL 4 L PME S. AP BRACO 3P MISTO.xlsx
2026-06-25 14:48:10,503 INFO Importado B.O.M. C:\Users\PRODUCAO-2.0\J I MONTADORA DE VEICULOS ESPECIAIS LTDA\JI Montadora - 02 Produção\01 Controle de Produção\01 - Projeto Cadastro\02 - B.O.M\10. BANCOS FORNECEDOR JL\08 - BCO JL LE RECLINAVEL 3 L NORMAL C. AP BRACO LD 330 MM 3P MISTO.xlsx
2026-06-25 14:48:10,661 INFO Importado B.O.M. C:\Users\PRODUCAO-2.0\J I MONTADORA DE VEICULOS ESPECIAIS LTDA\JI Montadora - 02 Produção\01 Controle de Produção\01 - Projeto Cadastro\02 - B.O.M\10. BANCOS FORNECEDOR JL\09 - BCO CARONA JL LE RECLINAVEL 2 L SPRINTER S. AP BRACO 270 MM 3P MISTO.xlsx
2026-06-25 14:48:10,802 INFO Importado B.O.M. C:\Users\PRODUCAO-2.0\J I MONTADORA DE VEICULOS ESPECIAIS LTDA\JI Montadora - 02 Produção\01 Controle de Produção\01 - Projeto Cadastro\02 - B.O.M\10. BANCOS FORNECEDOR JL\10 - BCO CARONA JL LE RECLINAVEL 2 L MASTER S. AP BRACO 262 MM 3P MISTO.xlsx
2026-06-25 14:48:10,878 INFO Importado B.O.M. C:\Users\PRODUCAO-2.0\J I MONTADORA DE VEICULOS ESPECIAIS LTDA\JI Montadora - 02 Produção\01 Controle de Produção\01 - Projeto Cadastro\02 - B.O.M\11. PÇS BCO\01 - CJ CAPA COURVIN GRAFITE MOTORISTA MC LB ESJ.xlsx
2026-06-25 14:48:10,953 INFO Importado B.O.M. C:\Users\PRODUCAO-2.0\J I MONTADORA DE VEICULOS ESPECIAIS LTDA\JI Montadora - 02 Produção\01 Controle de Produção\01 - Projeto Cadastro\02 - B.O.M\11. PÇS BCO\02 - CJ CAPA COURVIN GRAFITE CARONA MC LB ESJ.xlsx
2026-06-25 14:48:11,047 INFO Importado B.O.M. C:\Users\PRODUCAO-2.0\J I MONTADORA DE VEICULOS ESPECIAIS LTDA\JI Montadora - 02 Produção\01 Controle de Produção\01 - Projeto Cadastro\02 - B.O.M\11. PÇS BCO\03 - CJ CAPA COURVIN GRAFITE CARONA MC LB TRANSIT.xlsx
2026-06-25 14:48:11,139 INFO Importado B.O.M. C:\Users\PRODUCAO-2.0\J I MONTADORA DE VEICULOS ESPECIAIS LTDA\JI Montadora - 02 Produção\01 Controle de Produção\01 - Projeto Cadastro\02 - B.O.M\11. PÇS BCO\04 - CJ CAPA COURVIN GRAFITE CARONA MC LB TRANSIT.xlsx
2026-06-25 14:48:11,236 INFO Importado B.O.M. C:\Users\PRODUCAO-2.0\J I MONTADORA DE VEICULOS ESPECIAIS LTDA\JI Montadora - 02 Produção\01 Controle de Produção\01 - Projeto Cadastro\02 - B.O.M\11. PÇS BCO\05 - CJ CAPA COURVIN GRAFITE MOTORISTA MC LB SPRINTER.xlsx
2026-06-25 14:48:11,321 INFO Importado B.O.M. C:\Users\PRODUCAO-2.0\J I MONTADORA DE VEICULOS ESPECIAIS LTDA\JI Montadora - 02 Produção\01 Controle de Produção\01 - Projeto Cadastro\02 - B.O.M\11. PÇS BCO\06 - CJ CAPA COURVIN GRAFITE CARONA MC LB SPRINTER.xlsx
2026-06-25 14:48:11,394 INFO Importado B.O.M. C:\Users\PRODUCAO-2.0\J I MONTADORA DE VEICULOS ESPECIAIS LTDA\JI Montadora - 02 Produção\01 Controle de Produção\01 - Projeto Cadastro\02 - B.O.M\11. PÇS BCO\07 - CJ CAPA COURVIN GRAFITE MOTORISTA MC LB MASTER.xlsx
2026-06-25 14:48:11,470 INFO Importado B.O.M. C:\Users\PRODUCAO-2.0\J I MONTADORA DE VEICULOS ESPECIAIS LTDA\JI Montadora - 02 Produção\01 Controle de Produção\01 - Projeto Cadastro\02 - B.O.M\11. PÇS BCO\08 - CJ CAPA COURVIN GRAFITE CARONA MC LB MASTER.xlsx
2026-06-25 14:48:11,552 INFO Importado B.O.M. C:\Users\PRODUCAO-2.0\J I MONTADORA DE VEICULOS ESPECIAIS LTDA\JI Montadora - 02 Produção\01 Controle de Produção\01 - Projeto Cadastro\02 - B.O.M\11. PÇS BCO\09 - CJ CAPA COURVIN GRAFITE CABINE MC LB ESJ.xlsx
2026-06-25 14:48:11,632 INFO Importado B.O.M. C:\Users\PRODUCAO-2.0\J I MONTADORA DE VEICULOS ESPECIAIS LTDA\JI Montadora - 02 Produção\01 Controle de Produção\01 - Projeto Cadastro\02 - B.O.M\11. PÇS BCO\10 - CJ CAPA COURVIN GRAFITE CABINE MC LB TRANSIT.xlsx
2026-06-25 14:48:11,716 INFO Importado B.O.M. C:\Users\PRODUCAO-2.0\J I MONTADORA DE VEICULOS ESPECIAIS LTDA\JI Montadora - 02 Produção\01 Controle de Produção\01 - Projeto Cadastro\02 - B.O.M\11. PÇS BCO\11 - CJ CAPA COURVIN GRAFITE CABINE MC LB SPRINTER.xlsx
2026-06-25 14:48:11,796 INFO Importado B.O.M. C:\Users\PRODUCAO-2.0\J I MONTADORA DE VEICULOS ESPECIAIS LTDA\JI Montadora - 02 Produção\01 Controle de Produção\01 - Projeto Cadastro\02 - B.O.M\11. PÇS BCO\12 - CJ CAPA COURVIN GRAFITE CABINE MC LB MASTER.xlsx
